2025-03-24 09:21:58,889   INFO  **********************Start logging**********************
2025-03-24 09:21:58,889   INFO  CUDA_VISIBLE_DEVICES=ALL
2025-03-24 09:21:58,889   INFO  Training with a single process
2025-03-24 09:21:58,889   INFO  cfg_file         cfgs/nuscenes_models/cbgs_voxel01_res3d_centerpoint_uncertainty.yaml
2025-03-24 09:21:58,889   INFO  batch_size       32
2025-03-24 09:21:58,889   INFO  epochs           30
2025-03-24 09:21:58,889   INFO  workers          4
2025-03-24 09:21:58,889   INFO  extra_tag        shifted_bounded_uncertainty
2025-03-24 09:21:58,889   INFO  ckpt             None
2025-03-24 09:21:58,889   INFO  pretrained_model None
2025-03-24 09:21:58,889   INFO  launcher         none
2025-03-24 09:21:58,889   INFO  tcp_port         18888
2025-03-24 09:21:58,889   INFO  sync_bn          False
2025-03-24 09:21:58,889   INFO  fix_random_seed  False
2025-03-24 09:21:58,889   INFO  ckpt_save_interval 1
2025-03-24 09:21:58,889   INFO  local_rank       None
2025-03-24 09:21:58,889   INFO  max_ckpt_save_num 30
2025-03-24 09:21:58,889   INFO  merge_all_iters_to_one_epoch False
2025-03-24 09:21:58,889   INFO  set_cfgs         None
2025-03-24 09:21:58,889   INFO  max_waiting_mins 0
2025-03-24 09:21:58,890   INFO  start_epoch      0
2025-03-24 09:21:58,890   INFO  num_epochs_to_eval 0
2025-03-24 09:21:58,890   INFO  save_to_file     False
2025-03-24 09:21:58,890   INFO  use_tqdm_to_record False
2025-03-24 09:21:58,890   INFO  logger_iter_interval 50
2025-03-24 09:21:58,890   INFO  ckpt_save_time_interval 300
2025-03-24 09:21:58,890   INFO  wo_gpu_stat      False
2025-03-24 09:21:58,890   INFO  use_amp          False
2025-03-24 09:21:58,890   INFO  cfg.ROOT_DIR: /OpenPCDet
2025-03-24 09:21:58,890   INFO  cfg.LOCAL_RANK: 0
2025-03-24 09:21:58,890   INFO  cfg.CLASS_NAMES: ['car', 'truck', 'construction_vehicle', 'bus', 'trailer', 'barrier', 'motorcycle', 'bicycle', 'pedestrian', 'traffic_cone']
2025-03-24 09:21:58,890   INFO  ----------- DATA_CONFIG -----------
2025-03-24 09:21:58,890   INFO  cfg.DATA_CONFIG.DATASET: NuScenesDataset
2025-03-24 09:21:58,890   INFO  cfg.DATA_CONFIG.DATA_PATH: ../data/nuscenes
2025-03-24 09:21:58,890   INFO  cfg.DATA_CONFIG.VERSION: v1.0-trainval
2025-03-24 09:21:58,890   INFO  cfg.DATA_CONFIG.MAX_SWEEPS: 10
2025-03-24 09:21:58,890   INFO  cfg.DATA_CONFIG.PRED_VELOCITY: True
2025-03-24 09:21:58,890   INFO  cfg.DATA_CONFIG.SET_NAN_VELOCITY_TO_ZEROS: True
2025-03-24 09:21:58,890   INFO  cfg.DATA_CONFIG.FILTER_MIN_POINTS_IN_GT: 1
2025-03-24 09:21:58,890   INFO  ----------- DATA_SPLIT -----------
2025-03-24 09:21:58,890   INFO  cfg.DATA_CONFIG.DATA_SPLIT.train: train
2025-03-24 09:21:58,890   INFO  cfg.DATA_CONFIG.DATA_SPLIT.test: val
2025-03-24 09:21:58,890   INFO  ----------- INFO_PATH -----------
2025-03-24 09:21:58,890   INFO  cfg.DATA_CONFIG.INFO_PATH.train: ['nuscenes_infos_10sweeps_train.pkl']
2025-03-24 09:21:58,890   INFO  cfg.DATA_CONFIG.INFO_PATH.test: ['nuscenes_infos_10sweeps_val.pkl']
2025-03-24 09:21:58,890   INFO  cfg.DATA_CONFIG.POINT_CLOUD_RANGE: [-51.2, -51.2, -5.0, 51.2, 51.2, 3.0]
2025-03-24 09:21:58,890   INFO  cfg.DATA_CONFIG.BALANCED_RESAMPLING: True
2025-03-24 09:21:58,890   INFO  ----------- DATA_AUGMENTOR -----------
2025-03-24 09:21:58,890   INFO  cfg.DATA_CONFIG.DATA_AUGMENTOR.DISABLE_AUG_LIST: ['placeholder']
2025-03-24 09:21:58,890   INFO  cfg.DATA_CONFIG.DATA_AUGMENTOR.AUG_CONFIG_LIST: [{'NAME': 'gt_sampling', 'DB_INFO_PATH': ['nuscenes_dbinfos_10sweeps_withvelo.pkl'], 'PREPARE': {'filter_by_min_points': ['car:5', 'truck:5', 'construction_vehicle:5', 'bus:5', 'trailer:5', 'barrier:5', 'motorcycle:5', 'bicycle:5', 'pedestrian:5', 'traffic_cone:5']}, 'SAMPLE_GROUPS': ['car:2', 'truck:3', 'construction_vehicle:7', 'bus:4', 'trailer:6', 'barrier:2', 'motorcycle:6', 'bicycle:6', 'pedestrian:2', 'traffic_cone:2'], 'NUM_POINT_FEATURES': 5, 'DATABASE_WITH_FAKELIDAR': False, 'REMOVE_EXTRA_WIDTH': [0.0, 0.0, 0.0], 'LIMIT_WHOLE_SCENE': True}, {'NAME': 'random_world_flip', 'ALONG_AXIS_LIST': ['x', 'y']}, {'NAME': 'random_world_rotation', 'WORLD_ROT_ANGLE': [-0.3925, 0.3925]}, {'NAME': 'random_world_scaling', 'WORLD_SCALE_RANGE': [0.95, 1.05]}]
2025-03-24 09:21:58,891   INFO  ----------- POINT_FEATURE_ENCODING -----------
2025-03-24 09:21:58,891   INFO  cfg.DATA_CONFIG.POINT_FEATURE_ENCODING.encoding_type: absolute_coordinates_encoding
2025-03-24 09:21:58,891   INFO  cfg.DATA_CONFIG.POINT_FEATURE_ENCODING.used_feature_list: ['x', 'y', 'z', 'intensity', 'timestamp']
2025-03-24 09:21:58,891   INFO  cfg.DATA_CONFIG.POINT_FEATURE_ENCODING.src_feature_list: ['x', 'y', 'z', 'intensity', 'timestamp']
2025-03-24 09:21:58,891   INFO  cfg.DATA_CONFIG.DATA_PROCESSOR: [{'NAME': 'mask_points_and_boxes_outside_range', 'REMOVE_OUTSIDE_BOXES': True}, {'NAME': 'shuffle_points', 'SHUFFLE_ENABLED': {'train': True, 'test': True}}, {'NAME': 'transform_points_to_voxels', 'VOXEL_SIZE': [0.1, 0.1, 0.2], 'MAX_POINTS_PER_VOXEL': 10, 'MAX_NUMBER_OF_VOXELS': {'train': 60000, 'test': 60000}}]
2025-03-24 09:21:58,891   INFO  cfg.DATA_CONFIG._BASE_CONFIG_: cfgs/dataset_configs/nuscenes_dataset.yaml
2025-03-24 09:21:58,891   INFO  ----------- MODEL -----------
2025-03-24 09:21:58,891   INFO  cfg.MODEL.NAME: CenterPoint
2025-03-24 09:21:58,891   INFO  ----------- VFE -----------
2025-03-24 09:21:58,891   INFO  cfg.MODEL.VFE.NAME: MeanVFE
2025-03-24 09:21:58,891   INFO  ----------- BACKBONE_3D -----------
2025-03-24 09:21:58,891   INFO  cfg.MODEL.BACKBONE_3D.NAME: VoxelResBackBone8x
2025-03-24 09:21:58,891   INFO  ----------- MAP_TO_BEV -----------
2025-03-24 09:21:58,891   INFO  cfg.MODEL.MAP_TO_BEV.NAME: HeightCompression
2025-03-24 09:21:58,891   INFO  cfg.MODEL.MAP_TO_BEV.NUM_BEV_FEATURES: 256
2025-03-24 09:21:58,891   INFO  ----------- BACKBONE_2D -----------
2025-03-24 09:21:58,891   INFO  cfg.MODEL.BACKBONE_2D.NAME: BaseBEVBackbone
2025-03-24 09:21:58,891   INFO  cfg.MODEL.BACKBONE_2D.LAYER_NUMS: [5, 5]
2025-03-24 09:21:58,891   INFO  cfg.MODEL.BACKBONE_2D.LAYER_STRIDES: [1, 2]
2025-03-24 09:21:58,891   INFO  cfg.MODEL.BACKBONE_2D.NUM_FILTERS: [128, 256]
2025-03-24 09:21:58,891   INFO  cfg.MODEL.BACKBONE_2D.UPSAMPLE_STRIDES: [1, 2]
2025-03-24 09:21:58,891   INFO  cfg.MODEL.BACKBONE_2D.NUM_UPSAMPLE_FILTERS: [256, 256]
2025-03-24 09:21:58,891   INFO  ----------- DENSE_HEAD -----------
2025-03-24 09:21:58,891   INFO  cfg.MODEL.DENSE_HEAD.NAME: UncertaintyCenterHead
2025-03-24 09:21:58,891   INFO  cfg.MODEL.DENSE_HEAD.CLASS_AGNOSTIC: False
2025-03-24 09:21:58,891   INFO  cfg.MODEL.DENSE_HEAD.CLASS_NAMES_EACH_HEAD: [['car'], ['truck', 'construction_vehicle'], ['bus', 'trailer'], ['barrier'], ['motorcycle', 'bicycle'], ['pedestrian', 'traffic_cone']]
2025-03-24 09:21:58,891   INFO  cfg.MODEL.DENSE_HEAD.SHARED_CONV_CHANNEL: 64
2025-03-24 09:21:58,891   INFO  cfg.MODEL.DENSE_HEAD.USE_BIAS_BEFORE_NORM: True
2025-03-24 09:21:58,891   INFO  cfg.MODEL.DENSE_HEAD.NUM_HM_CONV: 2
2025-03-24 09:21:58,891   INFO  ----------- SEPARATE_HEAD_CFG -----------
2025-03-24 09:21:58,892   INFO  cfg.MODEL.DENSE_HEAD.SEPARATE_HEAD_CFG.HEAD_ORDER: ['center', 'center_z', 'dim', 'rot', 'vel']
2025-03-24 09:21:58,892   INFO  ----------- HEAD_DICT -----------
2025-03-24 09:21:58,892   INFO  ----------- center -----------
2025-03-24 09:21:58,892   INFO  cfg.MODEL.DENSE_HEAD.SEPARATE_HEAD_CFG.HEAD_DICT.center.out_channels: 2
2025-03-24 09:21:58,892   INFO  cfg.MODEL.DENSE_HEAD.SEPARATE_HEAD_CFG.HEAD_DICT.center.num_conv: 2
2025-03-24 09:21:58,892   INFO  ----------- center_z -----------
2025-03-24 09:21:58,892   INFO  cfg.MODEL.DENSE_HEAD.SEPARATE_HEAD_CFG.HEAD_DICT.center_z.out_channels: 1
2025-03-24 09:21:58,892   INFO  cfg.MODEL.DENSE_HEAD.SEPARATE_HEAD_CFG.HEAD_DICT.center_z.num_conv: 2
2025-03-24 09:21:58,892   INFO  ----------- dim -----------
2025-03-24 09:21:58,892   INFO  cfg.MODEL.DENSE_HEAD.SEPARATE_HEAD_CFG.HEAD_DICT.dim.out_channels: 3
2025-03-24 09:21:58,892   INFO  cfg.MODEL.DENSE_HEAD.SEPARATE_HEAD_CFG.HEAD_DICT.dim.num_conv: 2
2025-03-24 09:21:58,892   INFO  ----------- rot -----------
2025-03-24 09:21:58,892   INFO  cfg.MODEL.DENSE_HEAD.SEPARATE_HEAD_CFG.HEAD_DICT.rot.out_channels: 2
2025-03-24 09:21:58,892   INFO  cfg.MODEL.DENSE_HEAD.SEPARATE_HEAD_CFG.HEAD_DICT.rot.num_conv: 2
2025-03-24 09:21:58,892   INFO  ----------- vel -----------
2025-03-24 09:21:58,892   INFO  cfg.MODEL.DENSE_HEAD.SEPARATE_HEAD_CFG.HEAD_DICT.vel.out_channels: 2
2025-03-24 09:21:58,892   INFO  cfg.MODEL.DENSE_HEAD.SEPARATE_HEAD_CFG.HEAD_DICT.vel.num_conv: 2
2025-03-24 09:21:58,892   INFO  ----------- center_uncertainty -----------
2025-03-24 09:21:58,892   INFO  cfg.MODEL.DENSE_HEAD.SEPARATE_HEAD_CFG.HEAD_DICT.center_uncertainty.out_channels: 2
2025-03-24 09:21:58,892   INFO  cfg.MODEL.DENSE_HEAD.SEPARATE_HEAD_CFG.HEAD_DICT.center_uncertainty.num_conv: 2
2025-03-24 09:21:58,892   INFO  ----------- dim_uncertainty -----------
2025-03-24 09:21:58,892   INFO  cfg.MODEL.DENSE_HEAD.SEPARATE_HEAD_CFG.HEAD_DICT.dim_uncertainty.out_channels: 3
2025-03-24 09:21:58,892   INFO  cfg.MODEL.DENSE_HEAD.SEPARATE_HEAD_CFG.HEAD_DICT.dim_uncertainty.num_conv: 2
2025-03-24 09:21:58,892   INFO  ----------- TARGET_ASSIGNER_CONFIG -----------
2025-03-24 09:21:58,892   INFO  cfg.MODEL.DENSE_HEAD.TARGET_ASSIGNER_CONFIG.FEATURE_MAP_STRIDE: 8
2025-03-24 09:21:58,892   INFO  cfg.MODEL.DENSE_HEAD.TARGET_ASSIGNER_CONFIG.NUM_MAX_OBJS: 500
2025-03-24 09:21:58,892   INFO  cfg.MODEL.DENSE_HEAD.TARGET_ASSIGNER_CONFIG.GAUSSIAN_OVERLAP: 0.1
2025-03-24 09:21:58,893   INFO  cfg.MODEL.DENSE_HEAD.TARGET_ASSIGNER_CONFIG.MIN_RADIUS: 2
2025-03-24 09:21:58,893   INFO  ----------- LOSS_CONFIG -----------
2025-03-24 09:21:58,893   INFO  ----------- LOSS_WEIGHTS -----------
2025-03-24 09:21:58,893   INFO  cfg.MODEL.DENSE_HEAD.LOSS_CONFIG.LOSS_WEIGHTS.cls_weight: 1.0
2025-03-24 09:21:58,893   INFO  cfg.MODEL.DENSE_HEAD.LOSS_CONFIG.LOSS_WEIGHTS.loc_weight: 0.25
2025-03-24 09:21:58,893   INFO  cfg.MODEL.DENSE_HEAD.LOSS_CONFIG.LOSS_WEIGHTS.code_weights: [1.0, 1.0, 1.0, 1.0, 1.0, 1.0, 0.2, 0.2, 1.0, 1.0]
2025-03-24 09:21:58,893   INFO  ----------- POST_PROCESSING -----------
2025-03-24 09:21:58,893   INFO  cfg.MODEL.DENSE_HEAD.POST_PROCESSING.SCORE_THRESH: 0.1
2025-03-24 09:21:58,893   INFO  cfg.MODEL.DENSE_HEAD.POST_PROCESSING.POST_CENTER_LIMIT_RANGE: [-61.2, -61.2, -10.0, 61.2, 61.2, 10.0]
2025-03-24 09:21:58,893   INFO  cfg.MODEL.DENSE_HEAD.POST_PROCESSING.MAX_OBJ_PER_SAMPLE: 500
2025-03-24 09:21:58,893   INFO  ----------- NMS_CONFIG -----------
2025-03-24 09:21:58,893   INFO  cfg.MODEL.DENSE_HEAD.POST_PROCESSING.NMS_CONFIG.NMS_TYPE: nms_gpu
2025-03-24 09:21:58,893   INFO  cfg.MODEL.DENSE_HEAD.POST_PROCESSING.NMS_CONFIG.NMS_THRESH: 0.2
2025-03-24 09:21:58,893   INFO  cfg.MODEL.DENSE_HEAD.POST_PROCESSING.NMS_CONFIG.NMS_PRE_MAXSIZE: 1000
2025-03-24 09:21:58,893   INFO  cfg.MODEL.DENSE_HEAD.POST_PROCESSING.NMS_CONFIG.NMS_POST_MAXSIZE: 83
2025-03-24 09:21:58,893   INFO  ----------- POST_PROCESSING -----------
2025-03-24 09:21:58,893   INFO  cfg.MODEL.POST_PROCESSING.RECALL_THRESH_LIST: [0.3, 0.5, 0.7]
2025-03-24 09:21:58,893   INFO  cfg.MODEL.POST_PROCESSING.EVAL_METRIC: kitti
2025-03-24 09:21:58,893   INFO  ----------- OPTIMIZATION -----------
2025-03-24 09:21:58,893   INFO  cfg.OPTIMIZATION.BATCH_SIZE_PER_GPU: 32
2025-03-24 09:21:58,893   INFO  cfg.OPTIMIZATION.NUM_EPOCHS: 30
2025-03-24 09:21:58,893   INFO  cfg.OPTIMIZATION.OPTIMIZER: adam_onecycle
2025-03-24 09:21:58,893   INFO  cfg.OPTIMIZATION.LR: 0.003
2025-03-24 09:21:58,893   INFO  cfg.OPTIMIZATION.WEIGHT_DECAY: 0.01
2025-03-24 09:21:58,893   INFO  cfg.OPTIMIZATION.MOMENTUM: 0.9
2025-03-24 09:21:58,893   INFO  cfg.OPTIMIZATION.MOMS: [0.95, 0.85]
2025-03-24 09:21:58,893   INFO  cfg.OPTIMIZATION.PCT_START: 0.4
2025-03-24 09:21:58,893   INFO  cfg.OPTIMIZATION.DIV_FACTOR: 10
2025-03-24 09:21:58,893   INFO  cfg.OPTIMIZATION.DECAY_STEP_LIST: [35, 45]
2025-03-24 09:21:58,894   INFO  cfg.OPTIMIZATION.LR_DECAY: 0.1
2025-03-24 09:21:58,894   INFO  cfg.OPTIMIZATION.LR_CLIP: 1e-07
2025-03-24 09:21:58,894   INFO  cfg.OPTIMIZATION.LR_WARMUP: False
2025-03-24 09:21:58,894   INFO  cfg.OPTIMIZATION.WARMUP_EPOCH: 1
2025-03-24 09:21:58,894   INFO  cfg.OPTIMIZATION.GRAD_NORM_CLIP: 10
2025-03-24 09:21:58,894   INFO  cfg.TAG: cbgs_voxel01_res3d_centerpoint_uncertainty
2025-03-24 09:21:58,894   INFO  cfg.EXP_GROUP_PATH: nuscenes_models
2025-03-24 09:21:58,900   INFO  ----------- Create dataloader & network & optimizer -----------
2025-03-24 09:22:01,764   INFO  Database filter by min points car: 339949 => 294532
2025-03-24 09:22:01,776   INFO  Database filter by min points truck: 65262 => 60344
2025-03-24 09:22:01,777   INFO  Database filter by min points construction_vehicle: 11050 => 10589
2025-03-24 09:22:01,779   INFO  Database filter by min points bus: 12286 => 11619
2025-03-24 09:22:01,782   INFO  Database filter by min points trailer: 19202 => 17934
2025-03-24 09:22:01,796   INFO  Database filter by min points barrier: 107507 => 101993
2025-03-24 09:22:01,798   INFO  Database filter by min points motorcycle: 8846 => 8055
2025-03-24 09:22:01,799   INFO  Database filter by min points bicycle: 8185 => 7531
2025-03-24 09:22:01,821   INFO  Database filter by min points pedestrian: 161928 => 148520
2025-03-24 09:22:01,833   INFO  Database filter by min points traffic_cone: 62964 => 55504
2025-03-24 09:22:01,900   INFO  Loading NuScenes dataset
2025-03-24 09:22:03,707   INFO  Total samples for NuScenes dataset: 28130
2025-03-24 09:22:03,944   INFO  Total samples after balanced resampling: 123580
2025-03-24 09:22:06,868   INFO  ----------- Model CenterPoint created, param count: 9403572 -----------
2025-03-24 09:22:06,868   INFO  CenterPoint(
  (vfe): MeanVFE()
  (backbone_3d): VoxelResBackBone8x(
    (conv_input): SparseSequential(
      (0): SubMConv3d(5, 16, kernel_size=[3, 3, 3], stride=[1, 1, 1], padding=[1, 1, 1], dilation=[1, 1, 1], output_padding=[0, 0, 0], bias=False, algo=ConvAlgo.MaskImplicitGemm)
      (1): BatchNorm1d(16, eps=0.001, momentum=0.01, affine=True, track_running_stats=True)
      (2): ReLU()
    )
    (conv1): SparseSequential(
      (0): SparseBasicBlock(
        (conv1): SubMConv3d(16, 16, kernel_size=[3, 3, 3], stride=[1, 1, 1], padding=[1, 1, 1], dilation=[1, 1, 1], output_padding=[0, 0, 0], algo=ConvAlgo.MaskImplicitGemm)
        (bn1): BatchNorm1d(16, eps=0.001, momentum=0.01, affine=True, track_running_stats=True)
        (relu): ReLU()
        (conv2): SubMConv3d(16, 16, kernel_size=[3, 3, 3], stride=[1, 1, 1], padding=[1, 1, 1], dilation=[1, 1, 1], output_padding=[0, 0, 0], algo=ConvAlgo.MaskImplicitGemm)
        (bn2): BatchNorm1d(16, eps=0.001, momentum=0.01, affine=True, track_running_stats=True)
      )
      (1): SparseBasicBlock(
        (conv1): SubMConv3d(16, 16, kernel_size=[3, 3, 3], stride=[1, 1, 1], padding=[1, 1, 1], dilation=[1, 1, 1], output_padding=[0, 0, 0], algo=ConvAlgo.MaskImplicitGemm)
        (bn1): BatchNorm1d(16, eps=0.001, momentum=0.01, affine=True, track_running_stats=True)
        (relu): ReLU()
        (conv2): SubMConv3d(16, 16, kernel_size=[3, 3, 3], stride=[1, 1, 1], padding=[1, 1, 1], dilation=[1, 1, 1], output_padding=[0, 0, 0], algo=ConvAlgo.MaskImplicitGemm)
        (bn2): BatchNorm1d(16, eps=0.001, momentum=0.01, affine=True, track_running_stats=True)
      )
    )
    (conv2): SparseSequential(
      (0): SparseSequential(
        (0): SparseConv3d(16, 32, kernel_size=[3, 3, 3], stride=[2, 2, 2], padding=[1, 1, 1], dilation=[1, 1, 1], output_padding=[0, 0, 0], bias=False, algo=ConvAlgo.MaskImplicitGemm)
        (1): BatchNorm1d(32, eps=0.001, momentum=0.01, affine=True, track_running_stats=True)
        (2): ReLU()
      )
      (1): SparseBasicBlock(
        (conv1): SubMConv3d(32, 32, kernel_size=[3, 3, 3], stride=[1, 1, 1], padding=[1, 1, 1], dilation=[1, 1, 1], output_padding=[0, 0, 0], algo=ConvAlgo.MaskImplicitGemm)
        (bn1): BatchNorm1d(32, eps=0.001, momentum=0.01, affine=True, track_running_stats=True)
        (relu): ReLU()
        (conv2): SubMConv3d(32, 32, kernel_size=[3, 3, 3], stride=[1, 1, 1], padding=[1, 1, 1], dilation=[1, 1, 1], output_padding=[0, 0, 0], algo=ConvAlgo.MaskImplicitGemm)
        (bn2): BatchNorm1d(32, eps=0.001, momentum=0.01, affine=True, track_running_stats=True)
      )
      (2): SparseBasicBlock(
        (conv1): SubMConv3d(32, 32, kernel_size=[3, 3, 3], stride=[1, 1, 1], padding=[1, 1, 1], dilation=[1, 1, 1], output_padding=[0, 0, 0], algo=ConvAlgo.MaskImplicitGemm)
        (bn1): BatchNorm1d(32, eps=0.001, momentum=0.01, affine=True, track_running_stats=True)
        (relu): ReLU()
        (conv2): SubMConv3d(32, 32, kernel_size=[3, 3, 3], stride=[1, 1, 1], padding=[1, 1, 1], dilation=[1, 1, 1], output_padding=[0, 0, 0], algo=ConvAlgo.MaskImplicitGemm)
        (bn2): BatchNorm1d(32, eps=0.001, momentum=0.01, affine=True, track_running_stats=True)
      )
    )
    (conv3): SparseSequential(
      (0): SparseSequential(
        (0): SparseConv3d(32, 64, kernel_size=[3, 3, 3], stride=[2, 2, 2], padding=[1, 1, 1], dilation=[1, 1, 1], output_padding=[0, 0, 0], bias=False, algo=ConvAlgo.MaskImplicitGemm)
        (1): BatchNorm1d(64, eps=0.001, momentum=0.01, affine=True, track_running_stats=True)
        (2): ReLU()
      )
      (1): SparseBasicBlock(
        (conv1): SubMConv3d(64, 64, kernel_size=[3, 3, 3], stride=[1, 1, 1], padding=[1, 1, 1], dilation=[1, 1, 1], output_padding=[0, 0, 0], algo=ConvAlgo.MaskImplicitGemm)
        (bn1): BatchNorm1d(64, eps=0.001, momentum=0.01, affine=True, track_running_stats=True)
        (relu): ReLU()
        (conv2): SubMConv3d(64, 64, kernel_size=[3, 3, 3], stride=[1, 1, 1], padding=[1, 1, 1], dilation=[1, 1, 1], output_padding=[0, 0, 0], algo=ConvAlgo.MaskImplicitGemm)
        (bn2): BatchNorm1d(64, eps=0.001, momentum=0.01, affine=True, track_running_stats=True)
      )
      (2): SparseBasicBlock(
        (conv1): SubMConv3d(64, 64, kernel_size=[3, 3, 3], stride=[1, 1, 1], padding=[1, 1, 1], dilation=[1, 1, 1], output_padding=[0, 0, 0], algo=ConvAlgo.MaskImplicitGemm)
        (bn1): BatchNorm1d(64, eps=0.001, momentum=0.01, affine=True, track_running_stats=True)
        (relu): ReLU()
        (conv2): SubMConv3d(64, 64, kernel_size=[3, 3, 3], stride=[1, 1, 1], padding=[1, 1, 1], dilation=[1, 1, 1], output_padding=[0, 0, 0], algo=ConvAlgo.MaskImplicitGemm)
        (bn2): BatchNorm1d(64, eps=0.001, momentum=0.01, affine=True, track_running_stats=True)
      )
    )
    (conv4): SparseSequential(
      (0): SparseSequential(
        (0): SparseConv3d(64, 128, kernel_size=[3, 3, 3], stride=[2, 2, 2], padding=[0, 1, 1], dilation=[1, 1, 1], output_padding=[0, 0, 0], bias=False, algo=ConvAlgo.MaskImplicitGemm)
        (1): BatchNorm1d(128, eps=0.001, momentum=0.01, affine=True, track_running_stats=True)
        (2): ReLU()
      )
      (1): SparseBasicBlock(
        (conv1): SubMConv3d(128, 128, kernel_size=[3, 3, 3], stride=[1, 1, 1], padding=[1, 1, 1], dilation=[1, 1, 1], output_padding=[0, 0, 0], algo=ConvAlgo.MaskImplicitGemm)
        (bn1): BatchNorm1d(128, eps=0.001, momentum=0.01, affine=True, track_running_stats=True)
        (relu): ReLU()
        (conv2): SubMConv3d(128, 128, kernel_size=[3, 3, 3], stride=[1, 1, 1], padding=[1, 1, 1], dilation=[1, 1, 1], output_padding=[0, 0, 0], algo=ConvAlgo.MaskImplicitGemm)
        (bn2): BatchNorm1d(128, eps=0.001, momentum=0.01, affine=True, track_running_stats=True)
      )
      (2): SparseBasicBlock(
        (conv1): SubMConv3d(128, 128, kernel_size=[3, 3, 3], stride=[1, 1, 1], padding=[1, 1, 1], dilation=[1, 1, 1], output_padding=[0, 0, 0], algo=ConvAlgo.MaskImplicitGemm)
        (bn1): BatchNorm1d(128, eps=0.001, momentum=0.01, affine=True, track_running_stats=True)
        (relu): ReLU()
        (conv2): SubMConv3d(128, 128, kernel_size=[3, 3, 3], stride=[1, 1, 1], padding=[1, 1, 1], dilation=[1, 1, 1], output_padding=[0, 0, 0], algo=ConvAlgo.MaskImplicitGemm)
        (bn2): BatchNorm1d(128, eps=0.001, momentum=0.01, affine=True, track_running_stats=True)
      )
    )
    (conv_out): SparseSequential(
      (0): SparseConv3d(128, 128, kernel_size=[3, 1, 1], stride=[2, 1, 1], padding=[0, 0, 0], dilation=[1, 1, 1], output_padding=[0, 0, 0], bias=False, algo=ConvAlgo.MaskImplicitGemm)
      (1): BatchNorm1d(128, eps=0.001, momentum=0.01, affine=True, track_running_stats=True)
      (2): ReLU()
    )
  )
  (map_to_bev_module): HeightCompression()
  (pfe): None
  (backbone_2d): BaseBEVBackbone(
    (blocks): ModuleList(
      (0): Sequential(
        (0): ZeroPad2d((1, 1, 1, 1))
        (1): Conv2d(256, 128, kernel_size=(3, 3), stride=(1, 1), bias=False)
        (2): BatchNorm2d(128, eps=0.001, momentum=0.01, affine=True, track_running_stats=True)
        (3): ReLU()
        (4): Conv2d(128, 128, kernel_size=(3, 3), stride=(1, 1), padding=(1, 1), bias=False)
        (5): BatchNorm2d(128, eps=0.001, momentum=0.01, affine=True, track_running_stats=True)
        (6): ReLU()
        (7): Conv2d(128, 128, kernel_size=(3, 3), stride=(1, 1), padding=(1, 1), bias=False)
        (8): BatchNorm2d(128, eps=0.001, momentum=0.01, affine=True, track_running_stats=True)
        (9): ReLU()
        (10): Conv2d(128, 128, kernel_size=(3, 3), stride=(1, 1), padding=(1, 1), bias=False)
        (11): BatchNorm2d(128, eps=0.001, momentum=0.01, affine=True, track_running_stats=True)
        (12): ReLU()
        (13): Conv2d(128, 128, kernel_size=(3, 3), stride=(1, 1), padding=(1, 1), bias=False)
        (14): BatchNorm2d(128, eps=0.001, momentum=0.01, affine=True, track_running_stats=True)
        (15): ReLU()
        (16): Conv2d(128, 128, kernel_size=(3, 3), stride=(1, 1), padding=(1, 1), bias=False)
        (17): BatchNorm2d(128, eps=0.001, momentum=0.01, affine=True, track_running_stats=True)
        (18): ReLU()
      )
      (1): Sequential(
        (0): ZeroPad2d((1, 1, 1, 1))
        (1): Conv2d(128, 256, kernel_size=(3, 3), stride=(2, 2), bias=False)
        (2): BatchNorm2d(256, eps=0.001, momentum=0.01, affine=True, track_running_stats=True)
        (3): ReLU()
        (4): Conv2d(256, 256, kernel_size=(3, 3), stride=(1, 1), padding=(1, 1), bias=False)
        (5): BatchNorm2d(256, eps=0.001, momentum=0.01, affine=True, track_running_stats=True)
        (6): ReLU()
        (7): Conv2d(256, 256, kernel_size=(3, 3), stride=(1, 1), padding=(1, 1), bias=False)
        (8): BatchNorm2d(256, eps=0.001, momentum=0.01, affine=True, track_running_stats=True)
        (9): ReLU()
        (10): Conv2d(256, 256, kernel_size=(3, 3), stride=(1, 1), padding=(1, 1), bias=False)
        (11): BatchNorm2d(256, eps=0.001, momentum=0.01, affine=True, track_running_stats=True)
        (12): ReLU()
        (13): Conv2d(256, 256, kernel_size=(3, 3), stride=(1, 1), padding=(1, 1), bias=False)
        (14): BatchNorm2d(256, eps=0.001, momentum=0.01, affine=True, track_running_stats=True)
        (15): ReLU()
        (16): Conv2d(256, 256, kernel_size=(3, 3), stride=(1, 1), padding=(1, 1), bias=False)
        (17): BatchNorm2d(256, eps=0.001, momentum=0.01, affine=True, track_running_stats=True)
        (18): ReLU()
      )
    )
    (deblocks): ModuleList(
      (0): Sequential(
        (0): ConvTranspose2d(128, 256, kernel_size=(1, 1), stride=(1, 1), bias=False)
        (1): BatchNorm2d(256, eps=0.001, momentum=0.01, affine=True, track_running_stats=True)
        (2): ReLU()
      )
      (1): Sequential(
        (0): ConvTranspose2d(256, 256, kernel_size=(2, 2), stride=(2, 2), bias=False)
        (1): BatchNorm2d(256, eps=0.001, momentum=0.01, affine=True, track_running_stats=True)
        (2): ReLU()
      )
    )
  )
  (dense_head): UncertaintyCenterHead(
    (shared_conv): Sequential(
      (0): Conv2d(512, 64, kernel_size=(3, 3), stride=(1, 1), padding=(1, 1))
      (1): BatchNorm2d(64, eps=1e-05, momentum=0.1, affine=True, track_running_stats=True)
      (2): ReLU()
    )
    (heads_list): ModuleList(
      (0): SeparateHead(
        (center): Sequential(
          (0): Sequential(
            (0): Conv2d(64, 64, kernel_size=(3, 3), stride=(1, 1), padding=(1, 1))
            (1): BatchNorm2d(64, eps=1e-05, momentum=0.1, affine=True, track_running_stats=True)
            (2): ReLU()
          )
          (1): Conv2d(64, 2, kernel_size=(3, 3), stride=(1, 1), padding=(1, 1))
        )
        (center_z): Sequential(
          (0): Sequential(
            (0): Conv2d(64, 64, kernel_size=(3, 3), stride=(1, 1), padding=(1, 1))
            (1): BatchNorm2d(64, eps=1e-05, momentum=0.1, affine=True, track_running_stats=True)
            (2): ReLU()
          )
          (1): Conv2d(64, 1, kernel_size=(3, 3), stride=(1, 1), padding=(1, 1))
        )
        (dim): Sequential(
          (0): Sequential(
            (0): Conv2d(64, 64, kernel_size=(3, 3), stride=(1, 1), padding=(1, 1))
            (1): BatchNorm2d(64, eps=1e-05, momentum=0.1, affine=True, track_running_stats=True)
            (2): ReLU()
          )
          (1): Conv2d(64, 3, kernel_size=(3, 3), stride=(1, 1), padding=(1, 1))
        )
        (rot): Sequential(
          (0): Sequential(
            (0): Conv2d(64, 64, kernel_size=(3, 3), stride=(1, 1), padding=(1, 1))
            (1): BatchNorm2d(64, eps=1e-05, momentum=0.1, affine=True, track_running_stats=True)
            (2): ReLU()
          )
          (1): Conv2d(64, 2, kernel_size=(3, 3), stride=(1, 1), padding=(1, 1))
        )
        (vel): Sequential(
          (0): Sequential(
            (0): Conv2d(64, 64, kernel_size=(3, 3), stride=(1, 1), padding=(1, 1))
            (1): BatchNorm2d(64, eps=1e-05, momentum=0.1, affine=True, track_running_stats=True)
            (2): ReLU()
          )
          (1): Conv2d(64, 2, kernel_size=(3, 3), stride=(1, 1), padding=(1, 1))
        )
        (center_uncertainty): Sequential(
          (0): Sequential(
            (0): Conv2d(64, 64, kernel_size=(3, 3), stride=(1, 1), padding=(1, 1))
            (1): BatchNorm2d(64, eps=1e-05, momentum=0.1, affine=True, track_running_stats=True)
            (2): ReLU()
          )
          (1): Conv2d(64, 2, kernel_size=(3, 3), stride=(1, 1), padding=(1, 1))
        )
        (dim_uncertainty): Sequential(
          (0): Sequential(
            (0): Conv2d(64, 64, kernel_size=(3, 3), stride=(1, 1), padding=(1, 1))
            (1): BatchNorm2d(64, eps=1e-05, momentum=0.1, affine=True, track_running_stats=True)
            (2): ReLU()
          )
          (1): Conv2d(64, 3, kernel_size=(3, 3), stride=(1, 1), padding=(1, 1))
        )
        (hm): Sequential(
          (0): Sequential(
            (0): Conv2d(64, 64, kernel_size=(3, 3), stride=(1, 1), padding=(1, 1))
            (1): BatchNorm2d(64, eps=1e-05, momentum=0.1, affine=True, track_running_stats=True)
            (2): ReLU()
          )
          (1): Conv2d(64, 1, kernel_size=(3, 3), stride=(1, 1), padding=(1, 1))
        )
      )
      (1): SeparateHead(
        (center): Sequential(
          (0): Sequential(
            (0): Conv2d(64, 64, kernel_size=(3, 3), stride=(1, 1), padding=(1, 1))
            (1): BatchNorm2d(64, eps=1e-05, momentum=0.1, affine=True, track_running_stats=True)
            (2): ReLU()
          )
          (1): Conv2d(64, 2, kernel_size=(3, 3), stride=(1, 1), padding=(1, 1))
        )
        (center_z): Sequential(
          (0): Sequential(
            (0): Conv2d(64, 64, kernel_size=(3, 3), stride=(1, 1), padding=(1, 1))
            (1): BatchNorm2d(64, eps=1e-05, momentum=0.1, affine=True, track_running_stats=True)
            (2): ReLU()
          )
          (1): Conv2d(64, 1, kernel_size=(3, 3), stride=(1, 1), padding=(1, 1))
        )
        (dim): Sequential(
          (0): Sequential(
            (0): Conv2d(64, 64, kernel_size=(3, 3), stride=(1, 1), padding=(1, 1))
            (1): BatchNorm2d(64, eps=1e-05, momentum=0.1, affine=True, track_running_stats=True)
            (2): ReLU()
          )
          (1): Conv2d(64, 3, kernel_size=(3, 3), stride=(1, 1), padding=(1, 1))
        )
        (rot): Sequential(
          (0): Sequential(
            (0): Conv2d(64, 64, kernel_size=(3, 3), stride=(1, 1), padding=(1, 1))
            (1): BatchNorm2d(64, eps=1e-05, momentum=0.1, affine=True, track_running_stats=True)
            (2): ReLU()
          )
          (1): Conv2d(64, 2, kernel_size=(3, 3), stride=(1, 1), padding=(1, 1))
        )
        (vel): Sequential(
          (0): Sequential(
            (0): Conv2d(64, 64, kernel_size=(3, 3), stride=(1, 1), padding=(1, 1))
            (1): BatchNorm2d(64, eps=1e-05, momentum=0.1, affine=True, track_running_stats=True)
            (2): ReLU()
          )
          (1): Conv2d(64, 2, kernel_size=(3, 3), stride=(1, 1), padding=(1, 1))
        )
        (center_uncertainty): Sequential(
          (0): Sequential(
            (0): Conv2d(64, 64, kernel_size=(3, 3), stride=(1, 1), padding=(1, 1))
            (1): BatchNorm2d(64, eps=1e-05, momentum=0.1, affine=True, track_running_stats=True)
            (2): ReLU()
          )
          (1): Conv2d(64, 2, kernel_size=(3, 3), stride=(1, 1), padding=(1, 1))
        )
        (dim_uncertainty): Sequential(
          (0): Sequential(
            (0): Conv2d(64, 64, kernel_size=(3, 3), stride=(1, 1), padding=(1, 1))
            (1): BatchNorm2d(64, eps=1e-05, momentum=0.1, affine=True, track_running_stats=True)
            (2): ReLU()
          )
          (1): Conv2d(64, 3, kernel_size=(3, 3), stride=(1, 1), padding=(1, 1))
        )
        (hm): Sequential(
          (0): Sequential(
            (0): Conv2d(64, 64, kernel_size=(3, 3), stride=(1, 1), padding=(1, 1))
            (1): BatchNorm2d(64, eps=1e-05, momentum=0.1, affine=True, track_running_stats=True)
            (2): ReLU()
          )
          (1): Conv2d(64, 2, kernel_size=(3, 3), stride=(1, 1), padding=(1, 1))
        )
      )
      (2): SeparateHead(
        (center): Sequential(
          (0): Sequential(
            (0): Conv2d(64, 64, kernel_size=(3, 3), stride=(1, 1), padding=(1, 1))
            (1): BatchNorm2d(64, eps=1e-05, momentum=0.1, affine=True, track_running_stats=True)
            (2): ReLU()
          )
          (1): Conv2d(64, 2, kernel_size=(3, 3), stride=(1, 1), padding=(1, 1))
        )
        (center_z): Sequential(
          (0): Sequential(
            (0): Conv2d(64, 64, kernel_size=(3, 3), stride=(1, 1), padding=(1, 1))
            (1): BatchNorm2d(64, eps=1e-05, momentum=0.1, affine=True, track_running_stats=True)
            (2): ReLU()
          )
          (1): Conv2d(64, 1, kernel_size=(3, 3), stride=(1, 1), padding=(1, 1))
        )
        (dim): Sequential(
          (0): Sequential(
            (0): Conv2d(64, 64, kernel_size=(3, 3), stride=(1, 1), padding=(1, 1))
            (1): BatchNorm2d(64, eps=1e-05, momentum=0.1, affine=True, track_running_stats=True)
            (2): ReLU()
          )
          (1): Conv2d(64, 3, kernel_size=(3, 3), stride=(1, 1), padding=(1, 1))
        )
        (rot): Sequential(
          (0): Sequential(
            (0): Conv2d(64, 64, kernel_size=(3, 3), stride=(1, 1), padding=(1, 1))
            (1): BatchNorm2d(64, eps=1e-05, momentum=0.1, affine=True, track_running_stats=True)
            (2): ReLU()
          )
          (1): Conv2d(64, 2, kernel_size=(3, 3), stride=(1, 1), padding=(1, 1))
        )
        (vel): Sequential(
          (0): Sequential(
            (0): Conv2d(64, 64, kernel_size=(3, 3), stride=(1, 1), padding=(1, 1))
            (1): BatchNorm2d(64, eps=1e-05, momentum=0.1, affine=True, track_running_stats=True)
            (2): ReLU()
          )
          (1): Conv2d(64, 2, kernel_size=(3, 3), stride=(1, 1), padding=(1, 1))
        )
        (center_uncertainty): Sequential(
          (0): Sequential(
            (0): Conv2d(64, 64, kernel_size=(3, 3), stride=(1, 1), padding=(1, 1))
            (1): BatchNorm2d(64, eps=1e-05, momentum=0.1, affine=True, track_running_stats=True)
            (2): ReLU()
          )
          (1): Conv2d(64, 2, kernel_size=(3, 3), stride=(1, 1), padding=(1, 1))
        )
        (dim_uncertainty): Sequential(
          (0): Sequential(
            (0): Conv2d(64, 64, kernel_size=(3, 3), stride=(1, 1), padding=(1, 1))
            (1): BatchNorm2d(64, eps=1e-05, momentum=0.1, affine=True, track_running_stats=True)
            (2): ReLU()
          )
          (1): Conv2d(64, 3, kernel_size=(3, 3), stride=(1, 1), padding=(1, 1))
        )
        (hm): Sequential(
          (0): Sequential(
            (0): Conv2d(64, 64, kernel_size=(3, 3), stride=(1, 1), padding=(1, 1))
            (1): BatchNorm2d(64, eps=1e-05, momentum=0.1, affine=True, track_running_stats=True)
            (2): ReLU()
          )
          (1): Conv2d(64, 2, kernel_size=(3, 3), stride=(1, 1), padding=(1, 1))
        )
      )
      (3): SeparateHead(
        (center): Sequential(
          (0): Sequential(
            (0): Conv2d(64, 64, kernel_size=(3, 3), stride=(1, 1), padding=(1, 1))
            (1): BatchNorm2d(64, eps=1e-05, momentum=0.1, affine=True, track_running_stats=True)
            (2): ReLU()
          )
          (1): Conv2d(64, 2, kernel_size=(3, 3), stride=(1, 1), padding=(1, 1))
        )
        (center_z): Sequential(
          (0): Sequential(
            (0): Conv2d(64, 64, kernel_size=(3, 3), stride=(1, 1), padding=(1, 1))
            (1): BatchNorm2d(64, eps=1e-05, momentum=0.1, affine=True, track_running_stats=True)
            (2): ReLU()
          )
          (1): Conv2d(64, 1, kernel_size=(3, 3), stride=(1, 1), padding=(1, 1))
        )
        (dim): Sequential(
          (0): Sequential(
            (0): Conv2d(64, 64, kernel_size=(3, 3), stride=(1, 1), padding=(1, 1))
            (1): BatchNorm2d(64, eps=1e-05, momentum=0.1, affine=True, track_running_stats=True)
            (2): ReLU()
          )
          (1): Conv2d(64, 3, kernel_size=(3, 3), stride=(1, 1), padding=(1, 1))
        )
        (rot): Sequential(
          (0): Sequential(
            (0): Conv2d(64, 64, kernel_size=(3, 3), stride=(1, 1), padding=(1, 1))
            (1): BatchNorm2d(64, eps=1e-05, momentum=0.1, affine=True, track_running_stats=True)
            (2): ReLU()
          )
          (1): Conv2d(64, 2, kernel_size=(3, 3), stride=(1, 1), padding=(1, 1))
        )
        (vel): Sequential(
          (0): Sequential(
            (0): Conv2d(64, 64, kernel_size=(3, 3), stride=(1, 1), padding=(1, 1))
            (1): BatchNorm2d(64, eps=1e-05, momentum=0.1, affine=True, track_running_stats=True)
            (2): ReLU()
          )
          (1): Conv2d(64, 2, kernel_size=(3, 3), stride=(1, 1), padding=(1, 1))
        )
        (center_uncertainty): Sequential(
          (0): Sequential(
            (0): Conv2d(64, 64, kernel_size=(3, 3), stride=(1, 1), padding=(1, 1))
            (1): BatchNorm2d(64, eps=1e-05, momentum=0.1, affine=True, track_running_stats=True)
            (2): ReLU()
          )
          (1): Conv2d(64, 2, kernel_size=(3, 3), stride=(1, 1), padding=(1, 1))
        )
        (dim_uncertainty): Sequential(
          (0): Sequential(
            (0): Conv2d(64, 64, kernel_size=(3, 3), stride=(1, 1), padding=(1, 1))
            (1): BatchNorm2d(64, eps=1e-05, momentum=0.1, affine=True, track_running_stats=True)
            (2): ReLU()
          )
          (1): Conv2d(64, 3, kernel_size=(3, 3), stride=(1, 1), padding=(1, 1))
        )
        (hm): Sequential(
          (0): Sequential(
            (0): Conv2d(64, 64, kernel_size=(3, 3), stride=(1, 1), padding=(1, 1))
            (1): BatchNorm2d(64, eps=1e-05, momentum=0.1, affine=True, track_running_stats=True)
            (2): ReLU()
          )
          (1): Conv2d(64, 1, kernel_size=(3, 3), stride=(1, 1), padding=(1, 1))
        )
      )
      (4): SeparateHead(
        (center): Sequential(
          (0): Sequential(
            (0): Conv2d(64, 64, kernel_size=(3, 3), stride=(1, 1), padding=(1, 1))
            (1): BatchNorm2d(64, eps=1e-05, momentum=0.1, affine=True, track_running_stats=True)
            (2): ReLU()
          )
          (1): Conv2d(64, 2, kernel_size=(3, 3), stride=(1, 1), padding=(1, 1))
        )
        (center_z): Sequential(
          (0): Sequential(
            (0): Conv2d(64, 64, kernel_size=(3, 3), stride=(1, 1), padding=(1, 1))
            (1): BatchNorm2d(64, eps=1e-05, momentum=0.1, affine=True, track_running_stats=True)
            (2): ReLU()
          )
          (1): Conv2d(64, 1, kernel_size=(3, 3), stride=(1, 1), padding=(1, 1))
        )
        (dim): Sequential(
          (0): Sequential(
            (0): Conv2d(64, 64, kernel_size=(3, 3), stride=(1, 1), padding=(1, 1))
            (1): BatchNorm2d(64, eps=1e-05, momentum=0.1, affine=True, track_running_stats=True)
            (2): ReLU()
          )
          (1): Conv2d(64, 3, kernel_size=(3, 3), stride=(1, 1), padding=(1, 1))
        )
        (rot): Sequential(
          (0): Sequential(
            (0): Conv2d(64, 64, kernel_size=(3, 3), stride=(1, 1), padding=(1, 1))
            (1): BatchNorm2d(64, eps=1e-05, momentum=0.1, affine=True, track_running_stats=True)
            (2): ReLU()
          )
          (1): Conv2d(64, 2, kernel_size=(3, 3), stride=(1, 1), padding=(1, 1))
        )
        (vel): Sequential(
          (0): Sequential(
            (0): Conv2d(64, 64, kernel_size=(3, 3), stride=(1, 1), padding=(1, 1))
            (1): BatchNorm2d(64, eps=1e-05, momentum=0.1, affine=True, track_running_stats=True)
            (2): ReLU()
          )
          (1): Conv2d(64, 2, kernel_size=(3, 3), stride=(1, 1), padding=(1, 1))
        )
        (center_uncertainty): Sequential(
          (0): Sequential(
            (0): Conv2d(64, 64, kernel_size=(3, 3), stride=(1, 1), padding=(1, 1))
            (1): BatchNorm2d(64, eps=1e-05, momentum=0.1, affine=True, track_running_stats=True)
            (2): ReLU()
          )
          (1): Conv2d(64, 2, kernel_size=(3, 3), stride=(1, 1), padding=(1, 1))
        )
        (dim_uncertainty): Sequential(
          (0): Sequential(
            (0): Conv2d(64, 64, kernel_size=(3, 3), stride=(1, 1), padding=(1, 1))
            (1): BatchNorm2d(64, eps=1e-05, momentum=0.1, affine=True, track_running_stats=True)
            (2): ReLU()
          )
          (1): Conv2d(64, 3, kernel_size=(3, 3), stride=(1, 1), padding=(1, 1))
        )
        (hm): Sequential(
          (0): Sequential(
            (0): Conv2d(64, 64, kernel_size=(3, 3), stride=(1, 1), padding=(1, 1))
            (1): BatchNorm2d(64, eps=1e-05, momentum=0.1, affine=True, track_running_stats=True)
            (2): ReLU()
          )
          (1): Conv2d(64, 2, kernel_size=(3, 3), stride=(1, 1), padding=(1, 1))
        )
      )
      (5): SeparateHead(
        (center): Sequential(
          (0): Sequential(
            (0): Conv2d(64, 64, kernel_size=(3, 3), stride=(1, 1), padding=(1, 1))
            (1): BatchNorm2d(64, eps=1e-05, momentum=0.1, affine=True, track_running_stats=True)
            (2): ReLU()
          )
          (1): Conv2d(64, 2, kernel_size=(3, 3), stride=(1, 1), padding=(1, 1))
        )
        (center_z): Sequential(
          (0): Sequential(
            (0): Conv2d(64, 64, kernel_size=(3, 3), stride=(1, 1), padding=(1, 1))
            (1): BatchNorm2d(64, eps=1e-05, momentum=0.1, affine=True, track_running_stats=True)
            (2): ReLU()
          )
          (1): Conv2d(64, 1, kernel_size=(3, 3), stride=(1, 1), padding=(1, 1))
        )
        (dim): Sequential(
          (0): Sequential(
            (0): Conv2d(64, 64, kernel_size=(3, 3), stride=(1, 1), padding=(1, 1))
            (1): BatchNorm2d(64, eps=1e-05, momentum=0.1, affine=True, track_running_stats=True)
            (2): ReLU()
          )
          (1): Conv2d(64, 3, kernel_size=(3, 3), stride=(1, 1), padding=(1, 1))
        )
        (rot): Sequential(
          (0): Sequential(
            (0): Conv2d(64, 64, kernel_size=(3, 3), stride=(1, 1), padding=(1, 1))
            (1): BatchNorm2d(64, eps=1e-05, momentum=0.1, affine=True, track_running_stats=True)
            (2): ReLU()
          )
          (1): Conv2d(64, 2, kernel_size=(3, 3), stride=(1, 1), padding=(1, 1))
        )
        (vel): Sequential(
          (0): Sequential(
            (0): Conv2d(64, 64, kernel_size=(3, 3), stride=(1, 1), padding=(1, 1))
            (1): BatchNorm2d(64, eps=1e-05, momentum=0.1, affine=True, track_running_stats=True)
            (2): ReLU()
          )
          (1): Conv2d(64, 2, kernel_size=(3, 3), stride=(1, 1), padding=(1, 1))
        )
        (center_uncertainty): Sequential(
          (0): Sequential(
            (0): Conv2d(64, 64, kernel_size=(3, 3), stride=(1, 1), padding=(1, 1))
            (1): BatchNorm2d(64, eps=1e-05, momentum=0.1, affine=True, track_running_stats=True)
            (2): ReLU()
          )
          (1): Conv2d(64, 2, kernel_size=(3, 3), stride=(1, 1), padding=(1, 1))
        )
        (dim_uncertainty): Sequential(
          (0): Sequential(
            (0): Conv2d(64, 64, kernel_size=(3, 3), stride=(1, 1), padding=(1, 1))
            (1): BatchNorm2d(64, eps=1e-05, momentum=0.1, affine=True, track_running_stats=True)
            (2): ReLU()
          )
          (1): Conv2d(64, 3, kernel_size=(3, 3), stride=(1, 1), padding=(1, 1))
        )
        (hm): Sequential(
          (0): Sequential(
            (0): Conv2d(64, 64, kernel_size=(3, 3), stride=(1, 1), padding=(1, 1))
            (1): BatchNorm2d(64, eps=1e-05, momentum=0.1, affine=True, track_running_stats=True)
            (2): ReLU()
          )
          (1): Conv2d(64, 2, kernel_size=(3, 3), stride=(1, 1), padding=(1, 1))
        )
      )
    )
    (hm_loss_func): FocalLossCenterNet()
    (reg_loss_func): UncertainL1Loss()
    (uncertainty_activation): Softplus(beta=1, threshold=20)
  )
  (point_head): None
  (roi_head): None
)
2025-03-24 09:22:06,872   INFO  **********************Start training nuscenes_models/cbgs_voxel01_res3d_centerpoint_uncertainty(shifted_bounded_uncertainty)**********************
2025-03-24 09:24:40,587   INFO  Train:    1/30 (  3%) [   0/3862 (  0%)]  Loss: 1.820e+05 (1.82e+05)  LR: 3.000e-04  Time cost: 02:32/163:46:25 [02:33/4913:12:57]  Acc_iter 1           Data time: 35.61(35.61)  Forward time: 117.05(117.05)  Batch time: 152.66(152.66)
2025-03-24 09:27:09,534   INFO  Save latest model to /OpenPCDet/output/nuscenes_models/cbgs_voxel01_res3d_centerpoint_uncertainty/shifted_bounded_uncertainty/ckpt/latest_model
2025-03-24 09:27:18,004   INFO  Train:    1/30 (  3%) [  49/3862 (  1%)]  Loss: 102.8 (1.81e+04)  LR: 3.000e-04  Time cost: 05:10/6:34:06 [05:11/199:30:15]  Acc_iter 50          Data time: 0.00(0.72)  Forward time: 3.14(5.48)  Batch time: 3.14(6.20)
2025-03-24 09:29:52,369   INFO  Train:    1/30 (  3%) [  99/3862 (  3%)]  Loss: 15.70 (9.08e+03)  LR: 3.000e-04  Time cost: 07:44/4:51:17 [07:45/149:20:47]  Acc_iter 100         Data time: 0.00(0.36)  Forward time: 4.26(4.28)  Batch time: 4.26(4.64)
2025-03-24 09:32:10,742   INFO  Save latest model to /OpenPCDet/output/nuscenes_models/cbgs_voxel01_res3d_centerpoint_uncertainty/shifted_bounded_uncertainty/ckpt/latest_model
2025-03-24 09:32:28,970   INFO  Train:    1/30 (  3%) [ 149/3862 (  4%)]  Loss: 13.11 (6.06e+03)  LR: 3.001e-04  Time cost: 10:21/4:16:12 [10:22/133:04:39]  Acc_iter 150         Data time: 0.00(0.25)  Forward time: 2.59(3.89)  Batch time: 2.59(4.14)
2025-03-24 09:32:30,088   INFO  
2025-03-24 09:35:04,727   INFO  Train:    1/30 (  3%) [ 199/3862 (  5%)]  Loss: 11.45 (4.55e+03)  LR: 3.001e-04  Time cost: 12:56/3:57:07 [12:57/124:47:09]  Acc_iter 200         Data time: 0.00(0.19)  Forward time: 2.86(3.69)  Batch time: 2.86(3.88)
2025-03-24 09:37:09,615   INFO  Save latest model to /OpenPCDet/output/nuscenes_models/cbgs_voxel01_res3d_centerpoint_uncertainty/shifted_bounded_uncertainty/ckpt/latest_model
2025-03-24 09:37:40,000   INFO  Train:    1/30 (  3%) [ 249/3862 (  6%)]  Loss: 8.974 (3.64e+03)  LR: 3.002e-04  Time cost: 15:32/3:44:30 [15:33/119:43:53]  Acc_iter 250         Data time: 0.00(0.16)  Forward time: 2.34(3.57)  Batch time: 2.34(3.73)
2025-03-24 09:40:12,928   INFO  Train:    1/30 (  3%) [ 299/3862 (  8%)]  Loss: 8.143 (3.03e+03)  LR: 3.003e-04  Time cost: 18:05/3:34:46 [18:06/116:05:47]  Acc_iter 300         Data time: 0.00(0.13)  Forward time: 3.81(3.49)  Batch time: 3.81(3.62)
2025-03-24 09:40:13,919   INFO  
2025-03-24 09:42:10,109   INFO  Save latest model to /OpenPCDet/output/nuscenes_models/cbgs_voxel01_res3d_centerpoint_uncertainty/shifted_bounded_uncertainty/ckpt/latest_model
2025-03-24 09:42:59,548   INFO  Train:    1/30 (  3%) [ 349/3862 (  9%)]  Loss: 7.350 (2.60e+03)  LR: 3.004e-04  Time cost: 20:51/3:29:22 [20:52/114:44:35]  Acc_iter 350         Data time: 0.01(0.12)  Forward time: 3.39(3.46)  Batch time: 3.40(3.58)
2025-03-24 09:45:46,675   INFO  Train:    1/30 (  3%) [ 399/3862 ( 10%)]  Loss: 7.071 (2.28e+03)  LR: 3.005e-04  Time cost: 23:38/3:24:42 [23:39/113:45:26]  Acc_iter 400         Data time: 0.00(0.10)  Forward time: 3.80(3.44)  Batch time: 3.80(3.55)
2025-03-24 09:47:11,670   INFO  Save latest model to /OpenPCDet/output/nuscenes_models/cbgs_voxel01_res3d_centerpoint_uncertainty/shifted_bounded_uncertainty/ckpt/latest_model
2025-03-24 09:48:35,251   INFO  Train:    1/30 (  3%) [ 449/3862 ( 12%)]  Loss: 6.126 (2.02e+03)  LR: 3.006e-04  Time cost: 26:27/3:20:38 [26:28/113:05:00]  Acc_iter 450         Data time: 0.00(0.09)  Forward time: 2.80(3.43)  Batch time: 2.80(3.53)
2025-03-24 09:48:36,371   INFO  
2025-03-24 09:51:26,301   INFO  Train:    1/30 (  3%) [ 499/3862 ( 13%)]  Loss: 4.980 (1.82e+03)  LR: 3.008e-04  Time cost: 29:18/3:17:06 [29:19/112:41:36]  Acc_iter 500         Data time: 0.00(0.09)  Forward time: 3.50(3.43)  Batch time: 3.51(3.52)
2025-03-24 09:52:08,888   INFO  Save latest model to /OpenPCDet/output/nuscenes_models/cbgs_voxel01_res3d_centerpoint_uncertainty/shifted_bounded_uncertainty/ckpt/latest_model
2025-03-24 09:54:15,522   INFO  Train:    1/30 (  3%) [ 549/3862 ( 14%)]  Loss: 3.888 (1.66e+03)  LR: 3.009e-04  Time cost: 32:07/3:13:31 [32:08/112:15:33]  Acc_iter 550         Data time: 0.01(0.08)  Forward time: 3.11(3.42)  Batch time: 3.12(3.50)
2025-03-24 09:57:11,123   INFO  Train:    1/30 (  3%) [ 599/3862 ( 16%)]  Loss: 3.001 (1.52e+03)  LR: 3.011e-04  Time cost: 35:03/3:10:37 [35:04/112:13:48]  Acc_iter 600         Data time: 0.00(0.07)  Forward time: 3.37(3.43)  Batch time: 3.38(3.51)
2025-03-24 09:57:12,504   INFO  
2025-03-24 09:57:12,891   INFO  Save latest model to /OpenPCDet/output/nuscenes_models/cbgs_voxel01_res3d_centerpoint_uncertainty/shifted_bounded_uncertainty/ckpt/latest_model
2025-03-24 10:00:02,063   INFO  Train:    1/30 (  3%) [ 649/3862 ( 17%)]  Loss: 3.887 (1.40e+03)  LR: 3.013e-04  Time cost: 37:54/3:07:21 [37:55/111:58:06]  Acc_iter 650         Data time: 0.00(0.07)  Forward time: 3.88(3.43)  Batch time: 3.89(3.50)
2025-03-24 10:02:11,108   INFO  Save latest model to /OpenPCDet/output/nuscenes_models/cbgs_voxel01_res3d_centerpoint_uncertainty/shifted_bounded_uncertainty/ckpt/latest_model
2025-03-24 10:02:55,505   INFO  Train:    1/30 (  3%) [ 699/3862 ( 18%)]  Loss: 3.274 (1.30e+03)  LR: 3.015e-04  Time cost: 40:47/3:04:19 [40:48/111:51:05]  Acc_iter 700         Data time: 0.00(0.07)  Forward time: 3.26(3.43)  Batch time: 3.26(3.50)
2025-03-24 10:05:43,101   INFO  Train:    1/30 (  3%) [ 749/3862 ( 19%)]  Loss: 2.343 (1.22e+03)  LR: 3.017e-04  Time cost: 43:35/3:00:54 [43:36/111:29:40]  Acc_iter 750         Data time: 0.00(0.06)  Forward time: 3.40(3.42)  Batch time: 3.40(3.49)
2025-03-24 10:05:44,385   INFO  
2025-03-24 10:07:10,472   INFO  Save latest model to /OpenPCDet/output/nuscenes_models/cbgs_voxel01_res3d_centerpoint_uncertainty/shifted_bounded_uncertainty/ckpt/latest_model
2025-03-24 10:08:29,878   INFO  Train:    1/30 (  3%) [ 799/3862 ( 21%)]  Loss: 2.945 (1.14e+03)  LR: 3.020e-04  Time cost: 46:21/2:57:31 [46:23/111:08:38]  Acc_iter 800         Data time: 0.00(0.06)  Forward time: 3.37(3.41)  Batch time: 3.37(3.48)
2025-03-24 10:11:11,014   INFO  Train:    1/30 (  3%) [ 849/3862 ( 22%)]  Loss: 2.407 (1.07e+03)  LR: 3.022e-04  Time cost: 49:03/2:53:52 [49:04/110:37:00]  Acc_iter 850         Data time: 0.00(0.06)  Forward time: 3.25(3.40)  Batch time: 3.26(3.46)
2025-03-24 10:12:10,705   INFO  Save latest model to /OpenPCDet/output/nuscenes_models/cbgs_voxel01_res3d_centerpoint_uncertainty/shifted_bounded_uncertainty/ckpt/latest_model
2025-03-24 10:13:54,717   INFO  Train:    1/30 (  3%) [ 899/3862 ( 23%)]  Loss: 1.771 (1.01e+03)  LR: 3.025e-04  Time cost: 51:46/2:50:28 [51:47/110:14:04]  Acc_iter 900         Data time: 0.01(0.06)  Forward time: 3.13(3.39)  Batch time: 3.13(3.45)
2025-03-24 10:13:56,079   INFO  
2025-03-24 10:16:42,570   INFO  Train:    1/30 (  3%) [ 949/3862 ( 25%)]  Loss: 2.015 (961.)  LR: 3.028e-04  Time cost: 54:34/2:47:21 [54:35/110:01:37]  Acc_iter 950         Data time: 0.00(0.06)  Forward time: 2.33(3.39)  Batch time: 2.33(3.45)
2025-03-24 10:17:09,204   INFO  Save latest model to /OpenPCDet/output/nuscenes_models/cbgs_voxel01_res3d_centerpoint_uncertainty/shifted_bounded_uncertainty/ckpt/latest_model
2025-03-24 10:19:34,380   INFO  Train:    1/30 (  3%) [ 999/3862 ( 26%)]  Loss: 0.6343 (913.)  LR: 3.031e-04  Time cost: 57:26/2:44:27 [57:27/109:57:43]  Acc_iter 1000        Data time: 0.01(0.05)  Forward time: 3.26(3.39)  Batch time: 3.26(3.45)
2025-03-24 10:22:11,262   INFO  Save latest model to /OpenPCDet/output/nuscenes_models/cbgs_voxel01_res3d_centerpoint_uncertainty/shifted_bounded_uncertainty/ckpt/latest_model
2025-03-24 10:22:23,964   INFO  Train:    1/30 (  3%) [1049/3862 ( 27%)]  Loss: 0.5954 (869.)  LR: 3.034e-04  Time cost: 1:00:16/2:41:27 [1:00:17/109:49:51]  Acc_iter 1050        Data time: 0.00(0.05)  Forward time: 3.27(3.39)  Batch time: 3.28(3.44)
2025-03-24 10:22:25,094   INFO  
2025-03-24 10:25:18,111   INFO  Train:    1/30 (  3%) [1099/3862 ( 28%)]  Loss: 1.337 (830.)  LR: 3.037e-04  Time cost: 1:03:10/2:38:40 [1:03:11/109:50:23]  Acc_iter 1100        Data time: 0.00(0.05)  Forward time: 3.57(3.39)  Batch time: 3.57(3.45)
2025-03-24 10:27:10,585   INFO  Save latest model to /OpenPCDet/output/nuscenes_models/cbgs_voxel01_res3d_centerpoint_uncertainty/shifted_bounded_uncertainty/ckpt/latest_model
2025-03-24 10:28:08,570   INFO  Train:    1/30 (  3%) [1149/3862 ( 30%)]  Loss: 0.3969 (794.)  LR: 3.041e-04  Time cost: 1:06:00/2:35:43 [1:06:01/109:44:29]  Acc_iter 1150        Data time: 0.00(0.05)  Forward time: 3.82(3.39)  Batch time: 3.82(3.44)
2025-03-24 10:30:56,862   INFO  Train:    1/30 (  3%) [1199/3862 ( 31%)]  Loss: 0.04172 (761.)  LR: 3.045e-04  Time cost: 1:08:48/2:32:42 [1:08:49/109:35:23]  Acc_iter 1200        Data time: 0.01(0.05)  Forward time: 3.21(3.39)  Batch time: 3.22(3.44)
2025-03-24 10:30:57,929   INFO  
2025-03-24 10:32:08,983   INFO  Save latest model to /OpenPCDet/output/nuscenes_models/cbgs_voxel01_res3d_centerpoint_uncertainty/shifted_bounded_uncertainty/ckpt/latest_model
2025-03-24 10:33:52,895   INFO  Train:    1/30 (  3%) [1249/3862 ( 32%)]  Loss: 0.7495 (730.)  LR: 3.048e-04  Time cost: 1:11:44/2:29:59 [1:11:46/109:38:37]  Acc_iter 1250        Data time: 0.00(0.05)  Forward time: 4.50(3.40)  Batch time: 4.50(3.44)
2025-03-24 10:36:41,867   INFO  Train:    1/30 (  3%) [1299/3862 ( 34%)]  Loss: 0.5450 (702.)  LR: 3.052e-04  Time cost: 1:14:33/2:27:00 [1:14:34/109:31:01]  Acc_iter 1300        Data time: 0.00(0.05)  Forward time: 3.25(3.40)  Batch time: 3.25(3.44)
2025-03-24 10:37:10,289   INFO  Save latest model to /OpenPCDet/output/nuscenes_models/cbgs_voxel01_res3d_centerpoint_uncertainty/shifted_bounded_uncertainty/ckpt/latest_model
2025-03-24 10:39:17,687   INFO  Train:    1/30 (  3%) [1349/3862 ( 35%)]  Loss: 0.1436 (676.)  LR: 3.056e-04  Time cost: 1:17:09/2:23:38 [1:17:10/109:05:10]  Acc_iter 1350        Data time: 0.00(0.04)  Forward time: 2.77(3.39)  Batch time: 2.77(3.43)
2025-03-24 10:39:18,579   INFO  
2025-03-24 10:42:04,833   INFO  Train:    1/30 (  3%) [1399/3862 ( 36%)]  Loss: 0.3222 (652.)  LR: 3.061e-04  Time cost: 1:19:56/2:20:39 [1:19:57/108:56:25]  Acc_iter 1400        Data time: 0.01(0.04)  Forward time: 3.02(3.38)  Batch time: 3.03(3.43)
2025-03-24 10:42:08,714   INFO  Save latest model to /OpenPCDet/output/nuscenes_models/cbgs_voxel01_res3d_centerpoint_uncertainty/shifted_bounded_uncertainty/ckpt/latest_model
2025-03-24 10:44:54,802   INFO  Train:    1/30 (  3%) [1449/3862 ( 38%)]  Loss: 2.173 (630.)  LR: 3.065e-04  Time cost: 1:22:46/2:17:45 [1:22:47/108:51:47]  Acc_iter 1450        Data time: 0.00(0.04)  Forward time: 3.82(3.38)  Batch time: 3.82(3.43)
2025-03-24 10:47:11,255   INFO  Save latest model to /OpenPCDet/output/nuscenes_models/cbgs_voxel01_res3d_centerpoint_uncertainty/shifted_bounded_uncertainty/ckpt/latest_model
2025-03-24 10:47:45,118   INFO  Train:    1/30 (  3%) [1499/3862 ( 39%)]  Loss: -0.7428 (609.)  LR: 3.070e-04  Time cost: 1:25:37/2:14:52 [1:25:38/108:47:43]  Acc_iter 1500        Data time: 0.01(0.04)  Forward time: 3.26(3.38)  Batch time: 3.27(3.42)
2025-03-24 10:47:46,248   INFO  
2025-03-24 10:50:36,543   INFO  Train:    1/30 (  3%) [1549/3862 ( 40%)]  Loss: -0.5538 (589.)  LR: 3.074e-04  Time cost: 1:28:28/2:12:01 [1:28:29/108:45:05]  Acc_iter 1550        Data time: 0.00(0.04)  Forward time: 2.59(3.38)  Batch time: 2.59(3.42)
2025-03-24 10:52:08,858   INFO  Save latest model to /OpenPCDet/output/nuscenes_models/cbgs_voxel01_res3d_centerpoint_uncertainty/shifted_bounded_uncertainty/ckpt/latest_model
2025-03-24 10:53:22,905   INFO  Train:    1/30 (  3%) [1599/3862 ( 41%)]  Loss: -0.8869 (571.)  LR: 3.079e-04  Time cost: 1:31:14/2:09:03 [1:31:16/108:36:25]  Acc_iter 1600        Data time: 0.00(0.04)  Forward time: 4.19(3.38)  Batch time: 4.19(3.42)
2025-03-24 10:56:07,674   INFO  Train:    1/30 (  3%) [1649/3862 ( 43%)]  Loss: -0.4614 (553.)  LR: 3.084e-04  Time cost: 1:33:59/2:06:04 [1:34:00/108:26:16]  Acc_iter 1650        Data time: 0.01(0.04)  Forward time: 3.29(3.38)  Batch time: 3.29(3.42)
2025-03-24 10:56:08,832   INFO  
2025-03-24 10:57:10,435   INFO  Save latest model to /OpenPCDet/output/nuscenes_models/cbgs_voxel01_res3d_centerpoint_uncertainty/shifted_bounded_uncertainty/ckpt/latest_model
2025-03-24 10:58:52,317   INFO  Train:    1/30 (  3%) [1699/3862 ( 44%)]  Loss: -0.4734 (537.)  LR: 3.089e-04  Time cost: 1:36:44/2:03:05 [1:36:45/108:16:25]  Acc_iter 1700        Data time: 0.00(0.04)  Forward time: 3.39(3.37)  Batch time: 3.39(3.41)
2025-03-24 11:01:30,964   INFO  Train:    1/30 (  3%) [1749/3862 ( 45%)]  Loss: -0.8204 (522.)  LR: 3.095e-04  Time cost: 1:39:23/1:59:59 [1:39:24/108:00:27]  Acc_iter 1750        Data time: 0.00(0.04)  Forward time: 2.73(3.37)  Batch time: 2.73(3.41)
2025-03-24 11:02:10,705   INFO  Save latest model to /OpenPCDet/output/nuscenes_models/cbgs_voxel01_res3d_centerpoint_uncertainty/shifted_bounded_uncertainty/ckpt/latest_model
2025-03-24 11:04:07,080   INFO  Train:    1/30 (  3%) [1799/3862 ( 47%)]  Loss: -0.9639 (507.)  LR: 3.100e-04  Time cost: 1:41:59/1:56:53 [1:42:00/107:42:33]  Acc_iter 1800        Data time: 0.00(0.04)  Forward time: 3.88(3.36)  Batch time: 3.88(3.40)
2025-03-24 11:04:08,223   INFO  
2025-03-24 11:06:51,041   INFO  Train:    1/30 (  3%) [1849/3862 ( 48%)]  Loss: -1.219 (493.)  LR: 3.106e-04  Time cost: 1:44:43/1:53:56 [1:44:44/107:33:33]  Acc_iter 1850        Data time: 0.00(0.04)  Forward time: 3.70(3.36)  Batch time: 3.70(3.40)
2025-03-24 11:07:10,167   INFO  Save latest model to /OpenPCDet/output/nuscenes_models/cbgs_voxel01_res3d_centerpoint_uncertainty/shifted_bounded_uncertainty/ckpt/latest_model
2025-03-24 11:09:32,254   INFO  Train:    1/30 (  3%) [1899/3862 ( 49%)]  Loss: -0.8612 (480.)  LR: 3.112e-04  Time cost: 1:47:24/1:50:58 [1:47:25/107:22:07]  Acc_iter 1900        Data time: 0.00(0.04)  Forward time: 3.20(3.36)  Batch time: 3.21(3.39)
2025-03-24 11:12:08,057   INFO  Train:    1/30 (  3%) [1949/3862 ( 50%)]  Loss: -1.435 (468.)  LR: 3.118e-04  Time cost: 1:50:00/1:47:54 [1:50:01/107:05:52]  Acc_iter 1950        Data time: 0.00(0.04)  Forward time: 3.38(3.35)  Batch time: 3.38(3.38)
2025-03-24 11:12:08,964   INFO  
2025-03-24 11:12:09,245   INFO  Save latest model to /OpenPCDet/output/nuscenes_models/cbgs_voxel01_res3d_centerpoint_uncertainty/shifted_bounded_uncertainty/ckpt/latest_model
2025-03-24 11:14:46,395   INFO  Train:    1/30 (  3%) [1999/3862 ( 52%)]  Loss: -0.7554 (456.)  LR: 3.124e-04  Time cost: 1:52:38/1:44:55 [1:52:39/106:52:43]  Acc_iter 2000        Data time: 0.00(0.04)  Forward time: 3.75(3.34)  Batch time: 3.75(3.38)
2025-03-24 11:17:11,180   INFO  Save latest model to /OpenPCDet/output/nuscenes_models/cbgs_voxel01_res3d_centerpoint_uncertainty/shifted_bounded_uncertainty/ckpt/latest_model
2025-03-24 11:17:26,301   INFO  Train:    1/30 (  3%) [2049/3862 ( 53%)]  Loss: -0.8254 (445.)  LR: 3.130e-04  Time cost: 1:55:18/1:41:58 [1:55:19/106:41:31]  Acc_iter 2050        Data time: 0.00(0.04)  Forward time: 3.08(3.34)  Batch time: 3.08(3.37)
2025-03-24 11:20:01,368   INFO  Train:    1/30 (  3%) [2099/3862 ( 54%)]  Loss: -0.9789 (435.)  LR: 3.136e-04  Time cost: 1:57:53/1:38:58 [1:57:54/106:26:21]  Acc_iter 2100        Data time: 0.00(0.03)  Forward time: 3.06(3.33)  Batch time: 3.06(3.37)
2025-03-24 11:20:02,644   INFO  
2025-03-24 11:22:09,412   INFO  Save latest model to /OpenPCDet/output/nuscenes_models/cbgs_voxel01_res3d_centerpoint_uncertainty/shifted_bounded_uncertainty/ckpt/latest_model
2025-03-24 11:22:35,197   INFO  Train:    1/30 (  3%) [2149/3862 ( 56%)]  Loss: -2.163 (424.)  LR: 3.143e-04  Time cost: 2:00:27/1:35:58 [2:00:28/106:10:42]  Acc_iter 2150        Data time: 0.00(0.03)  Forward time: 2.69(3.33)  Batch time: 2.69(3.36)
2025-03-24 11:25:16,347   INFO  Train:    1/30 (  3%) [2199/3862 ( 57%)]  Loss: -1.356 (415.)  LR: 3.150e-04  Time cost: 2:03:08/1:33:04 [2:03:09/106:01:56]  Acc_iter 2200        Data time: 0.00(0.03)  Forward time: 3.05(3.32)  Batch time: 3.05(3.36)
2025-03-24 11:27:09,368   INFO  Save latest model to /OpenPCDet/output/nuscenes_models/cbgs_voxel01_res3d_centerpoint_uncertainty/shifted_bounded_uncertainty/ckpt/latest_model
2025-03-24 11:27:46,631   INFO  Train:    1/30 (  3%) [2249/3862 ( 58%)]  Loss: -0.5195 (405.)  LR: 3.157e-04  Time cost: 2:05:38/1:30:04 [2:05:39/105:44:17]  Acc_iter 2250        Data time: 0.00(0.03)  Forward time: 2.51(3.32)  Batch time: 2.52(3.35)
2025-03-24 11:27:47,565   INFO  
2025-03-24 11:30:23,275   INFO  Train:    1/30 (  3%) [2299/3862 ( 60%)]  Loss: -1.296 (397.)  LR: 3.164e-04  Time cost: 2:08:15/1:27:09 [2:08:16/105:32:32]  Acc_iter 2300        Data time: 0.00(0.03)  Forward time: 2.76(3.31)  Batch time: 2.77(3.35)
2025-03-24 11:32:09,530   INFO  Save latest model to /OpenPCDet/output/nuscenes_models/cbgs_voxel01_res3d_centerpoint_uncertainty/shifted_bounded_uncertainty/ckpt/latest_model
2025-03-24 11:32:59,482   INFO  Train:    1/30 (  3%) [2349/3862 ( 61%)]  Loss: -1.492 (388.)  LR: 3.171e-04  Time cost: 2:10:51/1:24:15 [2:10:52/105:20:50]  Acc_iter 2350        Data time: 0.00(0.03)  Forward time: 3.20(3.31)  Batch time: 3.21(3.34)
2025-03-24 11:35:37,730   INFO  Train:    1/30 (  3%) [2399/3862 ( 62%)]  Loss: -2.216 (380.)  LR: 3.178e-04  Time cost: 2:13:29/1:21:22 [2:13:30/105:11:06]  Acc_iter 2400        Data time: 0.00(0.03)  Forward time: 3.47(3.31)  Batch time: 3.47(3.34)
2025-03-24 11:35:38,891   INFO  
2025-03-24 11:37:09,739   INFO  Save latest model to /OpenPCDet/output/nuscenes_models/cbgs_voxel01_res3d_centerpoint_uncertainty/shifted_bounded_uncertainty/ckpt/latest_model
2025-03-24 11:38:19,801   INFO  Train:    1/30 (  3%) [2449/3862 ( 63%)]  Loss: -2.125 (372.)  LR: 3.186e-04  Time cost: 2:16:11/1:18:33 [2:16:12/105:04:37]  Acc_iter 2450        Data time: 0.00(0.03)  Forward time: 3.37(3.30)  Batch time: 3.38(3.34)
2025-03-24 11:41:02,274   INFO  Train:    1/30 (  3%) [2499/3862 ( 65%)]  Loss: -2.111 (365.)  LR: 3.193e-04  Time cost: 2:18:54/1:15:43 [2:18:55/104:58:36]  Acc_iter 2500        Data time: 0.00(0.03)  Forward time: 3.01(3.30)  Batch time: 3.01(3.33)
2025-03-24 11:42:11,674   INFO  Save latest model to /OpenPCDet/output/nuscenes_models/cbgs_voxel01_res3d_centerpoint_uncertainty/shifted_bounded_uncertainty/ckpt/latest_model
2025-03-24 11:43:52,269   INFO  Train:    1/30 (  3%) [2549/3862 ( 66%)]  Loss: -2.473 (358.)  LR: 3.201e-04  Time cost: 2:21:44/1:12:58 [2:21:45/104:58:16]  Acc_iter 2550        Data time: 0.00(0.03)  Forward time: 3.11(3.30)  Batch time: 3.11(3.34)
2025-03-24 11:43:53,351   INFO  
2025-03-24 11:46:44,922   INFO  Train:    1/30 (  3%) [2599/3862 ( 67%)]  Loss: -1.410 (351.)  LR: 3.209e-04  Time cost: 2:24:36/1:10:15 [2:24:38/104:59:46]  Acc_iter 2600        Data time: 0.00(0.03)  Forward time: 3.34(3.31)  Batch time: 3.35(3.34)
2025-03-24 11:47:08,449   INFO  Save latest model to /OpenPCDet/output/nuscenes_models/cbgs_voxel01_res3d_centerpoint_uncertainty/shifted_bounded_uncertainty/ckpt/latest_model
2025-03-24 11:49:29,644   INFO  Train:    1/30 (  3%) [2649/3862 ( 69%)]  Loss: -2.197 (344.)  LR: 3.217e-04  Time cost: 2:27:21/1:07:27 [2:27:22/104:55:28]  Acc_iter 2650        Data time: 0.01(0.03)  Forward time: 3.20(3.31)  Batch time: 3.21(3.34)
2025-03-24 11:52:09,724   INFO  Save latest model to /OpenPCDet/output/nuscenes_models/cbgs_voxel01_res3d_centerpoint_uncertainty/shifted_bounded_uncertainty/ckpt/latest_model
2025-03-24 11:52:16,024   INFO  Train:    1/30 (  3%) [2699/3862 ( 70%)]  Loss: -2.277 (338.)  LR: 3.225e-04  Time cost: 2:30:08/1:04:40 [2:30:09/104:52:22]  Acc_iter 2700        Data time: 0.00(0.03)  Forward time: 3.24(3.31)  Batch time: 3.24(3.34)
2025-03-24 11:52:16,977   INFO  
2025-03-24 11:55:07,088   INFO  Train:    1/30 (  3%) [2749/3862 ( 71%)]  Loss: -2.121 (331.)  LR: 3.234e-04  Time cost: 2:32:59/1:01:55 [2:33:00/104:52:30]  Acc_iter 2750        Data time: 0.00(0.03)  Forward time: 3.07(3.31)  Batch time: 3.08(3.34)
2025-03-24 11:57:09,589   INFO  Save latest model to /OpenPCDet/output/nuscenes_models/cbgs_voxel01_res3d_centerpoint_uncertainty/shifted_bounded_uncertainty/ckpt/latest_model
2025-03-24 11:57:58,902   INFO  Train:    1/30 (  3%) [2799/3862 ( 72%)]  Loss: -1.850 (325.)  LR: 3.242e-04  Time cost: 2:35:50/59:10 [2:35:52/104:53:02]  Acc_iter 2800        Data time: 0.00(0.03)  Forward time: 4.01(3.31)  Batch time: 4.02(3.34)
2025-03-24 12:00:48,665   INFO  Train:    1/30 (  3%) [2849/3862 ( 74%)]  Loss: -2.268 (320.)  LR: 3.251e-04  Time cost: 2:38:40/56:24 [2:38:41/104:52:05]  Acc_iter 2850        Data time: 0.00(0.03)  Forward time: 3.30(3.31)  Batch time: 3.31(3.34)
2025-03-24 12:00:49,811   INFO  
2025-03-24 12:02:11,079   INFO  Save latest model to /OpenPCDet/output/nuscenes_models/cbgs_voxel01_res3d_centerpoint_uncertainty/shifted_bounded_uncertainty/ckpt/latest_model
2025-03-24 12:03:38,787   INFO  Train:    1/30 (  3%) [2899/3862 ( 75%)]  Loss: -1.652 (314.)  LR: 3.260e-04  Time cost: 2:41:30/53:38 [2:41:31/104:51:19]  Acc_iter 2900        Data time: 0.00(0.03)  Forward time: 4.15(3.31)  Batch time: 4.15(3.34)
2025-03-24 12:06:28,005   INFO  Train:    1/30 (  3%) [2949/3862 ( 76%)]  Loss: -1.814 (309.)  LR: 3.269e-04  Time cost: 2:44:20/50:51 [2:44:21/104:49:53]  Acc_iter 2950        Data time: 0.00(0.03)  Forward time: 3.88(3.31)  Batch time: 3.89(3.34)
2025-03-24 12:07:08,869   INFO  Save latest model to /OpenPCDet/output/nuscenes_models/cbgs_voxel01_res3d_centerpoint_uncertainty/shifted_bounded_uncertainty/ckpt/latest_model
2025-03-24 12:09:10,577   INFO  Train:    1/30 (  3%) [2999/3862 ( 78%)]  Loss: -2.736 (304.)  LR: 3.278e-04  Time cost: 2:47:02/48:03 [2:47:03/104:44:15]  Acc_iter 3000        Data time: 0.00(0.03)  Forward time: 3.55(3.31)  Batch time: 3.55(3.34)
2025-03-24 12:09:11,740   INFO  
2025-03-24 12:11:59,631   INFO  Train:    1/30 (  3%) [3049/3862 ( 79%)]  Loss: -2.267 (299.)  LR: 3.287e-04  Time cost: 2:49:51/45:16 [2:49:52/104:42:42]  Acc_iter 3050        Data time: 0.01(0.03)  Forward time: 3.50(3.31)  Batch time: 3.50(3.34)
2025-03-24 12:12:10,156   INFO  Save latest model to /OpenPCDet/output/nuscenes_models/cbgs_voxel01_res3d_centerpoint_uncertainty/shifted_bounded_uncertainty/ckpt/latest_model
2025-03-24 12:14:44,008   INFO  Train:    1/30 (  3%) [3099/3862 ( 80%)]  Loss: -2.367 (294.)  LR: 3.297e-04  Time cost: 2:52:36/42:28 [2:52:37/104:38:17]  Acc_iter 3100        Data time: 0.00(0.03)  Forward time: 3.13(3.31)  Batch time: 3.13(3.34)
2025-03-24 12:17:08,581   INFO  Save latest model to /OpenPCDet/output/nuscenes_models/cbgs_voxel01_res3d_centerpoint_uncertainty/shifted_bounded_uncertainty/ckpt/latest_model
2025-03-24 12:17:33,000   INFO  Train:    1/30 (  3%) [3149/3862 ( 82%)]  Loss: -2.864 (289.)  LR: 3.306e-04  Time cost: 2:55:25/39:42 [2:55:26/104:36:40]  Acc_iter 3150        Data time: 0.00(0.03)  Forward time: 3.48(3.31)  Batch time: 3.48(3.34)
2025-03-24 12:17:34,238   INFO  
2025-03-24 12:20:24,014   INFO  Train:    1/30 (  3%) [3199/3862 ( 83%)]  Loss: -2.910 (284.)  LR: 3.316e-04  Time cost: 2:58:16/36:56 [2:58:17/104:36:12]  Acc_iter 3200        Data time: 0.01(0.03)  Forward time: 3.73(3.31)  Batch time: 3.74(3.34)
2025-03-24 12:22:08,842   INFO  Save latest model to /OpenPCDet/output/nuscenes_models/cbgs_voxel01_res3d_centerpoint_uncertainty/shifted_bounded_uncertainty/ckpt/latest_model
2025-03-24 12:23:13,225   INFO  Train:    1/30 (  3%) [3249/3862 ( 84%)]  Loss: -2.499 (280.)  LR: 3.326e-04  Time cost: 3:01:05/34:09 [3:01:06/104:34:37]  Acc_iter 3250        Data time: 0.00(0.03)  Forward time: 3.82(3.31)  Batch time: 3.82(3.34)
2025-03-24 12:26:02,256   INFO  Train:    1/30 (  3%) [3299/3862 ( 85%)]  Loss: -3.337 (276.)  LR: 3.336e-04  Time cost: 3:03:54/31:22 [3:03:55/104:32:54]  Acc_iter 3300        Data time: 0.00(0.03)  Forward time: 3.13(3.32)  Batch time: 3.14(3.34)
2025-03-24 12:26:03,409   INFO  
2025-03-24 12:27:10,261   INFO  Save latest model to /OpenPCDet/output/nuscenes_models/cbgs_voxel01_res3d_centerpoint_uncertainty/shifted_bounded_uncertainty/ckpt/latest_model
2025-03-24 12:28:51,736   INFO  Train:    1/30 (  3%) [3349/3862 ( 87%)]  Loss: -1.873 (272.)  LR: 3.346e-04  Time cost: 3:06:43/28:35 [3:06:44/104:31:24]  Acc_iter 3350        Data time: 0.00(0.03)  Forward time: 3.60(3.32)  Batch time: 3.60(3.34)
2025-03-24 12:31:40,712   INFO  Train:    1/30 (  3%) [3399/3862 ( 88%)]  Loss: -2.956 (268.)  LR: 3.357e-04  Time cost: 3:09:32/25:48 [3:09:33/104:29:35]  Acc_iter 3400        Data time: 0.00(0.03)  Forward time: 2.60(3.32)  Batch time: 2.61(3.34)
2025-03-24 12:32:11,381   INFO  Save latest model to /OpenPCDet/output/nuscenes_models/cbgs_voxel01_res3d_centerpoint_uncertainty/shifted_bounded_uncertainty/ckpt/latest_model
2025-03-24 12:34:23,294   INFO  Train:    1/30 (  3%) [3449/3862 ( 89%)]  Loss: -2.533 (264.)  LR: 3.367e-04  Time cost: 3:12:15/23:00 [3:12:16/104:24:15]  Acc_iter 3450        Data time: 0.00(0.03)  Forward time: 3.47(3.32)  Batch time: 3.47(3.34)
2025-03-24 12:34:24,415   INFO  
2025-03-24 12:37:09,163   INFO  Save latest model to /OpenPCDet/output/nuscenes_models/cbgs_voxel01_res3d_centerpoint_uncertainty/shifted_bounded_uncertainty/ckpt/latest_model
2025-03-24 12:37:12,406   INFO  Train:    1/30 (  3%) [3499/3862 ( 91%)]  Loss: -2.636 (260.)  LR: 3.378e-04  Time cost: 3:15:04/20:13 [3:15:05/104:22:30]  Acc_iter 3500        Data time: 0.31(0.03)  Forward time: 3.24(3.32)  Batch time: 3.55(3.34)
2025-03-24 12:39:52,589   INFO  Train:    1/30 (  3%) [3549/3862 ( 92%)]  Loss: -2.636 (256.)  LR: 3.389e-04  Time cost: 3:17:44/17:26 [3:17:45/104:16:01]  Acc_iter 3550        Data time: 0.00(0.03)  Forward time: 2.87(3.31)  Batch time: 2.87(3.34)
2025-03-24 12:42:10,394   INFO  Save latest model to /OpenPCDet/output/nuscenes_models/cbgs_voxel01_res3d_centerpoint_uncertainty/shifted_bounded_uncertainty/ckpt/latest_model
2025-03-24 12:42:42,103   INFO  Train:    1/30 (  3%) [3599/3862 ( 93%)]  Loss: -2.894 (253.)  LR: 3.400e-04  Time cost: 3:20:34/14:39 [3:20:35/104:14:29]  Acc_iter 3600        Data time: 0.00(0.03)  Forward time: 3.82(3.32)  Batch time: 3.82(3.34)
2025-03-24 12:42:43,498   INFO  
2025-03-24 12:45:32,522   INFO  Train:    1/30 (  3%) [3649/3862 ( 94%)]  Loss: -2.034 (249.)  LR: 3.411e-04  Time cost: 3:23:24/11:52 [3:23:25/104:13:22]  Acc_iter 3650        Data time: 0.00(0.03)  Forward time: 3.29(3.32)  Batch time: 3.30(3.34)
2025-03-24 12:47:09,357   INFO  Save latest model to /OpenPCDet/output/nuscenes_models/cbgs_voxel01_res3d_centerpoint_uncertainty/shifted_bounded_uncertainty/ckpt/latest_model
2025-03-24 12:48:16,219   INFO  Train:    1/30 (  3%) [3699/3862 ( 96%)]  Loss: -3.486 (246.)  LR: 3.422e-04  Time cost: 3:26:08/09:04 [3:26:09/104:08:49]  Acc_iter 3700        Data time: 0.00(0.03)  Forward time: 3.36(3.32)  Batch time: 3.36(3.34)
2025-03-24 12:50:59,910   INFO  Train:    1/30 (  3%) [3749/3862 ( 97%)]  Loss: -3.807 (242.)  LR: 3.434e-04  Time cost: 3:28:51/06:17 [3:28:53/104:04:19]  Acc_iter 3750        Data time: 0.00(0.03)  Forward time: 3.89(3.31)  Batch time: 3.89(3.34)
2025-03-24 12:51:00,956   INFO  
2025-03-24 12:52:09,398   INFO  Save latest model to /OpenPCDet/output/nuscenes_models/cbgs_voxel01_res3d_centerpoint_uncertainty/shifted_bounded_uncertainty/ckpt/latest_model
2025-03-24 12:53:48,881   INFO  Train:    1/30 (  3%) [3799/3862 ( 98%)]  Loss: -3.638 (239.)  LR: 3.445e-04  Time cost: 3:31:40/03:30 [3:31:42/104:02:27]  Acc_iter 3800        Data time: 0.01(0.03)  Forward time: 2.96(3.31)  Batch time: 2.97(3.34)
2025-03-24 12:56:36,735   INFO  Train:    1/30 (  3%) [3849/3862 (100%)]  Loss: -2.983 (236.)  LR: 3.457e-04  Time cost: 3:34:28/00:43 [3:34:29/104:00:02]  Acc_iter 3850        Data time: 0.00(0.03)  Forward time: 3.26(3.32)  Batch time: 3.27(3.34)
2025-03-24 12:57:10,206   INFO  Save latest model to /OpenPCDet/output/nuscenes_models/cbgs_voxel01_res3d_centerpoint_uncertainty/shifted_bounded_uncertainty/ckpt/latest_model
2025-03-24 12:57:12,670   INFO  Train:    1/30 (  3%) [3861/3862 (100%)]  Loss: -2.897 (235.)  LR: 3.460e-04  Time cost: 3:35:04/00:03 [3:35:05/103:57:21]  Acc_iter 3862        Data time: 0.29(0.03)  Forward time: 2.46(3.31)  Batch time: 2.75(3.34)
2025-03-24 12:57:34,932   INFO  Train:    2/30 (  7%) [   0/3862 (  0%)]  Loss: -2.840 (-2.84)  LR: 3.460e-04  Time cost: 00:19/21:17:38 [3:35:28/617:31:24]  Acc_iter 3863        Data time: 16.14(16.14)  Forward time: 3.71(3.71)  Batch time: 19.85(19.85)
2025-03-24 12:59:43,854   INFO  Train:    2/30 (  7%) [  37/3862 (  1%)]  Loss: -3.272 (-3.02)  LR: 3.469e-04  Time cost: 02:28/4:09:34 [3:37:36/121:45:28]  Acc_iter 3900        Data time: 0.00(0.43)  Forward time: 3.14(3.48)  Batch time: 3.14(3.91)
2025-03-24 12:59:44,974   INFO  
2025-03-24 13:02:16,234   INFO  Save latest model to /OpenPCDet/output/nuscenes_models/cbgs_voxel01_res3d_centerpoint_uncertainty/shifted_bounded_uncertainty/ckpt/latest_model
2025-03-24 13:02:25,545   INFO  Train:    2/30 (  7%) [  87/3862 (  2%)]  Loss: -2.760 (-3.07)  LR: 3.481e-04  Time cost: 05:10/3:41:58 [3:40:18/109:40:19]  Acc_iter 3950        Data time: 0.01(0.21)  Forward time: 3.02(3.32)  Batch time: 3.03(3.53)
2025-03-24 13:05:05,459   INFO  Train:    2/30 (  7%) [ 137/3862 (  4%)]  Loss: -3.460 (-3.14)  LR: 3.493e-04  Time cost: 07:50/3:31:36 [3:42:58/105:54:40]  Acc_iter 4000        Data time: 0.00(0.13)  Forward time: 3.29(3.28)  Batch time: 3.29(3.41)
2025-03-24 13:07:18,072   INFO  Save latest model to /OpenPCDet/output/nuscenes_models/cbgs_voxel01_res3d_centerpoint_uncertainty/shifted_bounded_uncertainty/ckpt/latest_model
2025-03-24 13:07:52,422   INFO  Train:    2/30 (  7%) [ 187/3862 (  5%)]  Loss: -3.538 (-3.12)  LR: 3.505e-04  Time cost: 10:37/3:27:38 [3:45:45/105:17:30]  Acc_iter 4050        Data time: 0.00(0.10)  Forward time: 3.97(3.29)  Batch time: 3.98(3.39)
2025-03-24 13:07:53,351   INFO  
2025-03-24 13:10:37,100   INFO  Train:    2/30 (  7%) [ 237/3862 (  6%)]  Loss: -3.644 (-3.13)  LR: 3.518e-04  Time cost: 13:22/3:23:35 [3:48:30/104:36:54]  Acc_iter 4100        Data time: 0.01(0.08)  Forward time: 3.29(3.28)  Batch time: 3.30(3.37)
2025-03-24 13:12:15,763   INFO  Save latest model to /OpenPCDet/output/nuscenes_models/cbgs_voxel01_res3d_centerpoint_uncertainty/shifted_bounded_uncertainty/ckpt/latest_model
2025-03-24 13:13:22,255   INFO  Train:    2/30 (  7%) [ 287/3862 (  7%)]  Loss: -3.283 (-3.14)  LR: 3.530e-04  Time cost: 16:07/3:20:05 [3:51:15/104:12:31]  Acc_iter 4150        Data time: 0.00(0.07)  Forward time: 2.94(3.29)  Batch time: 2.94(3.36)
2025-03-24 13:16:09,497   INFO  Train:    2/30 (  7%) [ 337/3862 (  9%)]  Loss: -3.343 (-3.17)  LR: 3.543e-04  Time cost: 18:54/3:17:10 [3:54:02/104:06:02]  Acc_iter 4200        Data time: 0.00(0.06)  Forward time: 3.62(3.29)  Batch time: 3.62(3.36)
2025-03-24 13:16:10,849   INFO  
2025-03-24 13:17:15,853   INFO  Save latest model to /OpenPCDet/output/nuscenes_models/cbgs_voxel01_res3d_centerpoint_uncertainty/shifted_bounded_uncertainty/ckpt/latest_model
2025-03-24 13:18:48,515   INFO  Train:    2/30 (  7%) [ 387/3862 ( 10%)]  Loss: -3.638 (-3.19)  LR: 3.556e-04  Time cost: 21:33/3:13:04 [3:56:41/103:21:04]  Acc_iter 4250        Data time: 0.00(0.06)  Forward time: 2.36(3.27)  Batch time: 2.36(3.33)
2025-03-24 13:21:28,954   INFO  Train:    2/30 (  7%) [ 437/3862 ( 11%)]  Loss: -3.144 (-3.21)  LR: 3.569e-04  Time cost: 24:13/3:09:28 [3:59:22/102:51:48]  Acc_iter 4300        Data time: 0.01(0.05)  Forward time: 3.15(3.27)  Batch time: 3.16(3.32)
2025-03-24 13:22:17,963   INFO  Save latest model to /OpenPCDet/output/nuscenes_models/cbgs_voxel01_res3d_centerpoint_uncertainty/shifted_bounded_uncertainty/ckpt/latest_model
2025-03-24 13:24:10,030   INFO  Train:    2/30 (  7%) [ 487/3862 ( 13%)]  Loss: -3.318 (-3.22)  LR: 3.582e-04  Time cost: 26:54/3:06:08 [4:02:03/102:30:25]  Acc_iter 4350        Data time: 0.00(0.05)  Forward time: 4.48(3.26)  Batch time: 4.48(3.31)
2025-03-24 13:24:11,098   INFO  
2025-03-24 13:26:53,021   INFO  Train:    2/30 (  7%) [ 537/3862 ( 14%)]  Loss: -4.236 (-3.24)  LR: 3.596e-04  Time cost: 29:37/3:03:08 [4:04:46/102:19:07]  Acc_iter 4400        Data time: 0.00(0.05)  Forward time: 3.05(3.26)  Batch time: 3.05(3.30)
2025-03-24 13:27:16,982   INFO  Save latest model to /OpenPCDet/output/nuscenes_models/cbgs_voxel01_res3d_centerpoint_uncertainty/shifted_bounded_uncertainty/ckpt/latest_model
2025-03-24 13:29:28,230   INFO  Train:    2/30 (  7%) [ 587/3862 ( 15%)]  Loss: -3.703 (-3.26)  LR: 3.609e-04  Time cost: 32:13/2:59:27 [4:07:21/101:44:41]  Acc_iter 4450        Data time: 0.00(0.04)  Forward time: 2.71(3.24)  Batch time: 2.72(3.29)
2025-03-24 13:32:07,039   INFO  Train:    2/30 (  7%) [ 637/3862 ( 16%)]  Loss: -4.457 (-3.29)  LR: 3.623e-04  Time cost: 34:51/2:56:14 [4:10:00/101:25:44]  Acc_iter 4500        Data time: 0.00(0.04)  Forward time: 3.18(3.24)  Batch time: 3.19(3.28)
2025-03-24 13:32:07,967   INFO  
2025-03-24 13:32:16,821   INFO  Save latest model to /OpenPCDet/output/nuscenes_models/cbgs_voxel01_res3d_centerpoint_uncertainty/shifted_bounded_uncertainty/ckpt/latest_model
2025-03-24 13:34:49,005   INFO  Train:    2/30 (  7%) [ 687/3862 ( 18%)]  Loss: -4.174 (-3.30)  LR: 3.637e-04  Time cost: 37:33/2:53:21 [4:12:42/101:17:40]  Acc_iter 4550        Data time: 0.00(0.04)  Forward time: 3.17(3.24)  Batch time: 3.18(3.28)
2025-03-24 13:37:18,595   INFO  Save latest model to /OpenPCDet/output/nuscenes_models/cbgs_voxel01_res3d_centerpoint_uncertainty/shifted_bounded_uncertainty/ckpt/latest_model
2025-03-24 13:37:33,436   INFO  Train:    2/30 (  7%) [ 737/3862 ( 19%)]  Loss: -3.965 (-3.32)  LR: 3.651e-04  Time cost: 40:18/2:50:40 [4:15:26/101:16:31]  Acc_iter 4600        Data time: 0.00(0.04)  Forward time: 3.64(3.24)  Batch time: 3.64(3.28)
2025-03-24 13:40:22,890   INFO  Train:    2/30 (  7%) [ 787/3862 ( 20%)]  Loss: -3.265 (-3.34)  LR: 3.665e-04  Time cost: 43:07/2:48:18 [4:18:16/101:26:59]  Acc_iter 4650        Data time: 0.01(0.04)  Forward time: 3.41(3.25)  Batch time: 3.42(3.28)
2025-03-24 13:40:23,954   INFO  
2025-03-24 13:42:15,446   INFO  Save latest model to /OpenPCDet/output/nuscenes_models/cbgs_voxel01_res3d_centerpoint_uncertainty/shifted_bounded_uncertainty/ckpt/latest_model
2025-03-24 13:43:12,816   INFO  Train:    2/30 (  7%) [ 837/3862 ( 22%)]  Loss: -4.252 (-3.34)  LR: 3.679e-04  Time cost: 45:57/2:45:54 [4:21:05/101:36:54]  Acc_iter 4700        Data time: 0.01(0.04)  Forward time: 4.74(3.26)  Batch time: 4.74(3.29)
2025-03-24 13:46:04,313   INFO  Train:    2/30 (  7%) [ 887/3862 ( 23%)]  Loss: -3.148 (-3.36)  LR: 3.694e-04  Time cost: 48:49/2:43:33 [4:23:57/101:48:39]  Acc_iter 4750        Data time: 0.00(0.03)  Forward time: 3.90(3.26)  Batch time: 3.91(3.30)
2025-03-24 13:47:16,431   INFO  Save latest model to /OpenPCDet/output/nuscenes_models/cbgs_voxel01_res3d_centerpoint_uncertainty/shifted_bounded_uncertainty/ckpt/latest_model
2025-03-24 13:48:43,308   INFO  Train:    2/30 (  7%) [ 937/3862 ( 24%)]  Loss: -4.052 (-3.37)  LR: 3.708e-04  Time cost: 51:28/2:40:30 [4:26:36/101:34:11]  Acc_iter 4800        Data time: 0.01(0.03)  Forward time: 2.68(3.26)  Batch time: 2.69(3.29)
2025-03-24 13:48:44,220   INFO  
2025-03-24 13:51:27,358   INFO  Train:    2/30 (  7%) [ 987/3862 ( 26%)]  Loss: -3.509 (-3.38)  LR: 3.723e-04  Time cost: 54:12/2:37:43 [4:29:20/101:30:23]  Acc_iter 4850        Data time: 0.00(0.03)  Forward time: 2.93(3.26)  Batch time: 2.93(3.29)
2025-03-24 13:52:17,126   INFO  Save latest model to /OpenPCDet/output/nuscenes_models/cbgs_voxel01_res3d_centerpoint_uncertainty/shifted_bounded_uncertainty/ckpt/latest_model
2025-03-24 13:54:10,633   INFO  Train:    2/30 (  7%) [1037/3862 ( 27%)]  Loss: -3.844 (-3.39)  LR: 3.738e-04  Time cost: 56:55/2:34:55 [4:32:03/101:25:18]  Acc_iter 4900        Data time: 0.00(0.03)  Forward time: 3.73(3.26)  Batch time: 3.73(3.29)
2025-03-24 13:56:46,297   INFO  Train:    2/30 (  7%) [1087/3862 ( 28%)]  Loss: -3.478 (-3.40)  LR: 3.753e-04  Time cost: 59:31/2:31:48 [4:34:39/101:07:30]  Acc_iter 4950        Data time: 0.00(0.03)  Forward time: 3.43(3.25)  Batch time: 3.43(3.28)
2025-03-24 13:56:47,425   INFO  
2025-03-24 13:57:17,037   INFO  Save latest model to /OpenPCDet/output/nuscenes_models/cbgs_voxel01_res3d_centerpoint_uncertainty/shifted_bounded_uncertainty/ckpt/latest_model
2025-03-24 13:59:31,985   INFO  Train:    2/30 (  7%) [1137/3862 ( 29%)]  Loss: -2.845 (-3.41)  LR: 3.768e-04  Time cost: 1:02:16/2:29:08 [4:37:25/101:07:19]  Acc_iter 5000        Data time: 0.00(0.03)  Forward time: 2.93(3.25)  Batch time: 2.94(3.28)
2025-03-24 14:02:16,482   INFO  Train:    2/30 (  7%) [1187/3862 ( 31%)]  Loss: -4.097 (-3.42)  LR: 3.783e-04  Time cost: 1:05:01/2:26:24 [4:40:09/101:05:03]  Acc_iter 5050        Data time: 0.01(0.03)  Forward time: 2.96(3.25)  Batch time: 2.97(3.28)
2025-03-24 14:02:16,756   INFO  Save latest model to /OpenPCDet/output/nuscenes_models/cbgs_voxel01_res3d_centerpoint_uncertainty/shifted_bounded_uncertainty/ckpt/latest_model
2025-03-24 14:05:03,974   INFO  Train:    2/30 (  7%) [1237/3862 ( 32%)]  Loss: -3.559 (-3.44)  LR: 3.798e-04  Time cost: 1:07:48/2:23:47 [4:42:57/101:07:14]  Acc_iter 5100        Data time: 0.00(0.03)  Forward time: 2.79(3.26)  Batch time: 2.79(3.29)
2025-03-24 14:05:04,987   INFO  
2025-03-24 14:07:18,389   INFO  Save latest model to /OpenPCDet/output/nuscenes_models/cbgs_voxel01_res3d_centerpoint_uncertainty/shifted_bounded_uncertainty/ckpt/latest_model
2025-03-24 14:07:50,149   INFO  Train:    2/30 (  7%) [1287/3862 ( 33%)]  Loss: -4.043 (-3.45)  LR: 3.814e-04  Time cost: 1:10:35/2:21:06 [4:45:43/101:07:08]  Acc_iter 5150        Data time: 0.00(0.03)  Forward time: 3.04(3.26)  Batch time: 3.04(3.29)
2025-03-24 14:10:41,353   INFO  Train:    2/30 (  7%) [1337/3862 ( 35%)]  Loss: -3.630 (-3.47)  LR: 3.830e-04  Time cost: 1:13:26/2:18:35 [4:48:34/101:13:46]  Acc_iter 5200        Data time: 0.00(0.03)  Forward time: 3.20(3.27)  Batch time: 3.21(3.29)
2025-03-24 14:12:16,886   INFO  Save latest model to /OpenPCDet/output/nuscenes_models/cbgs_voxel01_res3d_centerpoint_uncertainty/shifted_bounded_uncertainty/ckpt/latest_model
2025-03-24 14:13:27,318   INFO  Train:    2/30 (  7%) [1387/3862 ( 36%)]  Loss: -3.329 (-3.48)  LR: 3.846e-04  Time cost: 1:16:12/2:15:52 [4:51:20/101:12:45]  Acc_iter 5250        Data time: 0.00(0.03)  Forward time: 2.93(3.27)  Batch time: 2.94(3.29)
2025-03-24 14:13:28,260   INFO  
2025-03-24 14:16:15,122   INFO  Train:    2/30 (  7%) [1437/3862 ( 37%)]  Loss: -4.421 (-3.49)  LR: 3.862e-04  Time cost: 1:19:00/2:13:13 [4:54:08/101:13:59]  Acc_iter 5300        Data time: 0.00(0.03)  Forward time: 4.00(3.27)  Batch time: 4.00(3.30)
2025-03-24 14:17:15,950   INFO  Save latest model to /OpenPCDet/output/nuscenes_models/cbgs_voxel01_res3d_centerpoint_uncertainty/shifted_bounded_uncertainty/ckpt/latest_model
2025-03-24 14:19:02,656   INFO  Train:    2/30 (  7%) [1487/3862 ( 39%)]  Loss: -3.436 (-3.50)  LR: 3.878e-04  Time cost: 1:21:47/2:10:32 [4:56:55/101:14:36]  Acc_iter 5350        Data time: 0.00(0.03)  Forward time: 3.51(3.27)  Batch time: 3.51(3.30)
2025-03-24 14:21:52,468   INFO  Train:    2/30 (  7%) [1537/3862 ( 40%)]  Loss: -3.163 (-3.51)  LR: 3.894e-04  Time cost: 1:24:37/2:07:55 [4:59:45/101:17:43]  Acc_iter 5400        Data time: 0.00(0.03)  Forward time: 3.02(3.28)  Batch time: 3.02(3.30)
2025-03-24 14:21:53,592   INFO  
2025-03-24 14:22:18,130   INFO  Save latest model to /OpenPCDet/output/nuscenes_models/cbgs_voxel01_res3d_centerpoint_uncertainty/shifted_bounded_uncertainty/ckpt/latest_model
2025-03-24 14:24:42,887   INFO  Train:    2/30 (  7%) [1587/3862 ( 41%)]  Loss: -5.007 (-3.52)  LR: 3.911e-04  Time cost: 1:27:27/2:05:18 [5:02:36/101:21:11]  Acc_iter 5450        Data time: 0.00(0.03)  Forward time: 4.15(3.28)  Batch time: 4.15(3.30)
2025-03-24 14:27:16,854   INFO  Save latest model to /OpenPCDet/output/nuscenes_models/cbgs_voxel01_res3d_centerpoint_uncertainty/shifted_bounded_uncertainty/ckpt/latest_model
2025-03-24 14:27:29,355   INFO  Train:    2/30 (  7%) [1637/3862 ( 42%)]  Loss: -4.058 (-3.53)  LR: 3.927e-04  Time cost: 1:30:14/2:02:34 [5:05:22/101:19:49]  Acc_iter 5500        Data time: 0.00(0.03)  Forward time: 3.51(3.28)  Batch time: 3.51(3.31)
2025-03-24 14:30:19,851   INFO  Train:    2/30 (  7%) [1687/3862 ( 44%)]  Loss: -4.097 (-3.54)  LR: 3.944e-04  Time cost: 1:33:04/1:59:56 [5:08:12/101:22:45]  Acc_iter 5550        Data time: 0.00(0.03)  Forward time: 4.22(3.28)  Batch time: 4.22(3.31)
2025-03-24 14:30:21,029   INFO  
2025-03-24 14:32:17,960   INFO  Save latest model to /OpenPCDet/output/nuscenes_models/cbgs_voxel01_res3d_centerpoint_uncertainty/shifted_bounded_uncertainty/ckpt/latest_model
2025-03-24 14:33:11,120   INFO  Train:    2/30 (  7%) [1737/3862 ( 45%)]  Loss: -3.276 (-3.55)  LR: 3.961e-04  Time cost: 1:35:56/1:57:17 [5:11:04/101:26:10]  Acc_iter 5600        Data time: 0.01(0.03)  Forward time: 3.23(3.29)  Batch time: 3.23(3.31)
2025-03-24 14:36:00,166   INFO  Train:    2/30 (  7%) [1787/3862 ( 46%)]  Loss: -3.527 (-3.56)  LR: 3.978e-04  Time cost: 1:38:45/1:54:36 [5:13:53/101:26:57]  Acc_iter 5650        Data time: 0.01(0.03)  Forward time: 3.24(3.29)  Batch time: 3.25(3.31)
2025-03-24 14:37:17,880   INFO  Save latest model to /OpenPCDet/output/nuscenes_models/cbgs_voxel01_res3d_centerpoint_uncertainty/shifted_bounded_uncertainty/ckpt/latest_model
2025-03-24 14:38:46,444   INFO  Train:    2/30 (  7%) [1837/3862 ( 48%)]  Loss: -3.979 (-3.57)  LR: 3.995e-04  Time cost: 1:41:31/1:51:51 [5:16:39/101:24:47]  Acc_iter 5700        Data time: 0.00(0.03)  Forward time: 2.94(3.29)  Batch time: 2.94(3.31)
2025-03-24 14:38:47,618   INFO  
2025-03-24 14:41:37,626   INFO  Train:    2/30 (  7%) [1887/3862 ( 49%)]  Loss: -4.154 (-3.58)  LR: 4.012e-04  Time cost: 1:44:22/1:49:11 [5:19:30/101:27:20]  Acc_iter 5750        Data time: 0.01(0.03)  Forward time: 3.69(3.29)  Batch time: 3.70(3.32)
2025-03-24 14:42:17,779   INFO  Save latest model to /OpenPCDet/output/nuscenes_models/cbgs_voxel01_res3d_centerpoint_uncertainty/shifted_bounded_uncertainty/ckpt/latest_model
2025-03-24 14:44:25,646   INFO  Train:    2/30 (  7%) [1937/3862 ( 50%)]  Loss: -3.755 (-3.59)  LR: 4.030e-04  Time cost: 1:47:10/1:46:27 [5:22:18/101:26:38]  Acc_iter 5800        Data time: 0.00(0.02)  Forward time: 2.80(3.29)  Batch time: 2.80(3.32)
2025-03-24 14:47:10,593   INFO  Train:    2/30 (  7%) [1987/3862 ( 51%)]  Loss: -4.023 (-3.60)  LR: 4.047e-04  Time cost: 1:49:55/1:43:40 [5:25:03/101:22:59]  Acc_iter 5850        Data time: 0.00(0.02)  Forward time: 3.18(3.29)  Batch time: 3.18(3.32)
2025-03-24 14:47:11,636   INFO  
2025-03-24 14:47:16,119   INFO  Save latest model to /OpenPCDet/output/nuscenes_models/cbgs_voxel01_res3d_centerpoint_uncertainty/shifted_bounded_uncertainty/ckpt/latest_model
2025-03-24 14:49:59,386   INFO  Train:    2/30 (  7%) [2037/3862 ( 53%)]  Loss: -4.648 (-3.62)  LR: 4.065e-04  Time cost: 1:52:44/1:40:57 [5:27:52/101:22:50]  Acc_iter 5900        Data time: 0.00(0.02)  Forward time: 3.17(3.29)  Batch time: 3.17(3.32)
2025-03-24 14:52:16,664   INFO  Save latest model to /OpenPCDet/output/nuscenes_models/cbgs_voxel01_res3d_centerpoint_uncertainty/shifted_bounded_uncertainty/ckpt/latest_model
2025-03-24 14:52:44,809   INFO  Train:    2/30 (  7%) [2087/3862 ( 54%)]  Loss: -4.279 (-3.63)  LR: 4.083e-04  Time cost: 1:55:29/1:38:10 [5:30:37/101:19:36]  Acc_iter 5950        Data time: 0.00(0.02)  Forward time: 2.82(3.29)  Batch time: 2.82(3.32)
2025-03-24 14:55:35,194   INFO  Train:    2/30 (  7%) [2137/3862 ( 55%)]  Loss: -4.380 (-3.64)  LR: 4.101e-04  Time cost: 1:58:20/1:35:28 [5:33:28/101:20:38]  Acc_iter 6000        Data time: 0.01(0.02)  Forward time: 3.01(3.30)  Batch time: 3.02(3.32)
2025-03-24 14:55:36,225   INFO  
2025-03-24 14:57:15,438   INFO  Save latest model to /OpenPCDet/output/nuscenes_models/cbgs_voxel01_res3d_centerpoint_uncertainty/shifted_bounded_uncertainty/ckpt/latest_model
2025-03-24 14:58:20,466   INFO  Train:    2/30 (  7%) [2187/3862 ( 57%)]  Loss: -4.826 (-3.65)  LR: 4.119e-04  Time cost: 2:01:05/1:32:41 [5:36:13/101:17:13]  Acc_iter 6050        Data time: 0.00(0.02)  Forward time: 3.22(3.30)  Batch time: 3.22(3.32)
2025-03-24 15:01:08,449   INFO  Train:    2/30 (  7%) [2237/3862 ( 58%)]  Loss: -3.332 (-3.66)  LR: 4.137e-04  Time cost: 2:03:53/1:29:57 [5:39:01/101:16:03]  Acc_iter 6100        Data time: 0.01(0.02)  Forward time: 3.68(3.30)  Batch time: 3.68(3.32)
2025-03-24 15:02:18,615   INFO  Save latest model to /OpenPCDet/output/nuscenes_models/cbgs_voxel01_res3d_centerpoint_uncertainty/shifted_bounded_uncertainty/ckpt/latest_model
2025-03-24 15:03:55,562   INFO  Train:    2/30 (  7%) [2287/3862 ( 59%)]  Loss: -3.481 (-3.67)  LR: 4.156e-04  Time cost: 2:06:40/1:27:11 [5:41:48/101:14:07]  Acc_iter 6150        Data time: 0.01(0.02)  Forward time: 3.25(3.30)  Batch time: 3.26(3.32)
2025-03-24 15:03:56,774   INFO  
2025-03-24 15:06:50,934   INFO  Train:    2/30 (  7%) [2337/3862 ( 61%)]  Loss: -4.029 (-3.68)  LR: 4.175e-04  Time cost: 2:09:35/1:24:31 [5:44:44/101:18:36]  Acc_iter 6200        Data time: 0.01(0.02)  Forward time: 4.37(3.30)  Batch time: 4.38(3.33)
2025-03-24 15:07:17,701   INFO  Save latest model to /OpenPCDet/output/nuscenes_models/cbgs_voxel01_res3d_centerpoint_uncertainty/shifted_bounded_uncertainty/ckpt/latest_model
2025-03-24 15:09:40,603   INFO  Train:    2/30 (  7%) [2387/3862 ( 62%)]  Loss: -3.544 (-3.69)  LR: 4.193e-04  Time cost: 2:12:25/1:21:47 [5:47:33/101:18:25]  Acc_iter 6250        Data time: 0.01(0.02)  Forward time: 2.88(3.30)  Batch time: 2.88(3.33)
2025-03-24 15:12:16,189   INFO  Save latest model to /OpenPCDet/output/nuscenes_models/cbgs_voxel01_res3d_centerpoint_uncertainty/shifted_bounded_uncertainty/ckpt/latest_model
2025-03-24 15:12:30,540   INFO  Train:    2/30 (  7%) [2437/3862 ( 63%)]  Loss: -4.398 (-3.70)  LR: 4.212e-04  Time cost: 2:15:15/1:19:03 [5:50:23/101:18:19]  Acc_iter 6300        Data time: 0.00(0.02)  Forward time: 3.67(3.31)  Batch time: 3.67(3.33)
2025-03-24 15:12:31,630   INFO  
2025-03-24 15:15:19,413   INFO  Train:    2/30 (  7%) [2487/3862 ( 64%)]  Loss: -4.456 (-3.71)  LR: 4.231e-04  Time cost: 2:18:04/1:16:18 [5:53:12/101:17:20]  Acc_iter 6350        Data time: 0.00(0.02)  Forward time: 3.49(3.31)  Batch time: 3.49(3.33)
2025-03-24 15:17:15,804   INFO  Save latest model to /OpenPCDet/output/nuscenes_models/cbgs_voxel01_res3d_centerpoint_uncertainty/shifted_bounded_uncertainty/ckpt/latest_model
2025-03-24 15:18:02,556   INFO  Train:    2/30 (  7%) [2537/3862 ( 66%)]  Loss: -4.394 (-3.72)  LR: 4.250e-04  Time cost: 2:20:47/1:13:30 [5:55:55/101:12:09]  Acc_iter 6400        Data time: 0.00(0.02)  Forward time: 2.66(3.31)  Batch time: 2.66(3.33)
2025-03-24 15:20:53,332   INFO  Train:    2/30 (  7%) [2587/3862 ( 67%)]  Loss: -4.286 (-3.73)  LR: 4.270e-04  Time cost: 2:23:38/1:10:45 [5:58:46/101:12:27]  Acc_iter 6450        Data time: 0.00(0.02)  Forward time: 2.94(3.31)  Batch time: 2.94(3.33)
2025-03-24 15:20:54,256   INFO  
2025-03-24 15:22:16,056   INFO  Save latest model to /OpenPCDet/output/nuscenes_models/cbgs_voxel01_res3d_centerpoint_uncertainty/shifted_bounded_uncertainty/ckpt/latest_model
2025-03-24 15:23:44,837   INFO  Train:    2/30 (  7%) [2637/3862 ( 68%)]  Loss: -4.769 (-3.74)  LR: 4.289e-04  Time cost: 2:26:29/1:08:01 [6:01:37/101:13:08]  Acc_iter 6500        Data time: 0.01(0.02)  Forward time: 3.11(3.31)  Batch time: 3.11(3.33)
2025-03-24 15:26:31,595   INFO  Train:    2/30 (  7%) [2687/3862 ( 70%)]  Loss: -4.422 (-3.75)  LR: 4.309e-04  Time cost: 2:29:16/1:05:15 [6:04:24/101:10:28]  Acc_iter 6550        Data time: 0.00(0.02)  Forward time: 3.42(3.31)  Batch time: 3.43(3.33)
2025-03-24 15:27:15,699   INFO  Save latest model to /OpenPCDet/output/nuscenes_models/cbgs_voxel01_res3d_centerpoint_uncertainty/shifted_bounded_uncertainty/ckpt/latest_model
2025-03-24 15:29:19,055   INFO  Train:    2/30 (  7%) [2737/3862 ( 71%)]  Loss: -5.158 (-3.76)  LR: 4.328e-04  Time cost: 2:32:03/1:02:28 [6:07:12/101:08:15]  Acc_iter 6600        Data time: 0.00(0.02)  Forward time: 2.99(3.31)  Batch time: 2.99(3.33)
2025-03-24 15:29:20,568   INFO  
2025-03-24 15:32:02,442   INFO  Train:    2/30 (  7%) [2787/3862 ( 72%)]  Loss: -4.105 (-3.78)  LR: 4.348e-04  Time cost: 2:34:47/59:41 [6:09:55/101:03:22]  Acc_iter 6650        Data time: 0.00(0.02)  Forward time: 3.73(3.31)  Batch time: 3.73(3.33)
2025-03-24 15:32:18,761   INFO  Save latest model to /OpenPCDet/output/nuscenes_models/cbgs_voxel01_res3d_centerpoint_uncertainty/shifted_bounded_uncertainty/ckpt/latest_model
2025-03-24 15:34:47,256   INFO  Train:    2/30 (  7%) [2837/3862 ( 73%)]  Loss: -4.175 (-3.79)  LR: 4.368e-04  Time cost: 2:37:32/56:53 [6:12:40/100:59:28]  Acc_iter 6700        Data time: 0.00(0.02)  Forward time: 3.17(3.31)  Batch time: 3.17(3.33)
2025-03-24 15:37:18,424   INFO  Save latest model to /OpenPCDet/output/nuscenes_models/cbgs_voxel01_res3d_centerpoint_uncertainty/shifted_bounded_uncertainty/ckpt/latest_model
2025-03-24 15:37:28,159   INFO  Train:    2/30 (  7%) [2887/3862 ( 75%)]  Loss: -4.987 (-3.80)  LR: 4.388e-04  Time cost: 2:40:13/54:05 [6:15:21/100:53:09]  Acc_iter 6750        Data time: 0.00(0.02)  Forward time: 3.84(3.31)  Batch time: 3.85(3.33)
2025-03-24 15:37:29,214   INFO  
2025-03-24 15:40:08,152   INFO  Train:    2/30 (  7%) [2937/3862 ( 76%)]  Loss: -3.762 (-3.80)  LR: 4.409e-04  Time cost: 2:42:53/51:16 [6:18:01/100:46:24]  Acc_iter 6800        Data time: 0.00(0.02)  Forward time: 2.95(3.30)  Batch time: 2.95(3.33)
2025-03-24 15:42:17,730   INFO  Save latest model to /OpenPCDet/output/nuscenes_models/cbgs_voxel01_res3d_centerpoint_uncertainty/shifted_bounded_uncertainty/ckpt/latest_model
2025-03-24 15:42:50,349   INFO  Train:    2/30 (  7%) [2987/3862 ( 77%)]  Loss: -4.268 (-3.81)  LR: 4.429e-04  Time cost: 2:45:35/48:29 [6:20:43/100:41:07]  Acc_iter 6850        Data time: 0.00(0.02)  Forward time: 3.13(3.30)  Batch time: 3.13(3.33)
2025-03-24 15:45:32,757   INFO  Train:    2/30 (  7%) [3037/3862 ( 79%)]  Loss: -4.797 (-3.82)  LR: 4.450e-04  Time cost: 2:48:17/45:42 [6:23:25/100:36:03]  Acc_iter 6900        Data time: 0.01(0.02)  Forward time: 3.90(3.30)  Batch time: 3.90(3.32)
2025-03-24 15:45:33,779   INFO  
2025-03-24 15:47:16,771   INFO  Save latest model to /OpenPCDet/output/nuscenes_models/cbgs_voxel01_res3d_centerpoint_uncertainty/shifted_bounded_uncertainty/ckpt/latest_model
2025-03-24 15:48:12,534   INFO  Train:    2/30 (  7%) [3087/3862 ( 80%)]  Loss: -4.535 (-3.83)  LR: 4.470e-04  Time cost: 2:50:57/42:54 [6:26:05/100:29:31]  Acc_iter 6950        Data time: 0.00(0.02)  Forward time: 2.60(3.30)  Batch time: 2.61(3.32)
2025-03-24 15:51:03,644   INFO  Train:    2/30 (  7%) [3137/3862 ( 81%)]  Loss: -4.942 (-3.85)  LR: 4.491e-04  Time cost: 2:53:48/40:09 [6:28:56/100:29:39]  Acc_iter 7000        Data time: 0.00(0.02)  Forward time: 4.24(3.30)  Batch time: 4.25(3.32)
2025-03-24 15:52:16,568   INFO  Save latest model to /OpenPCDet/output/nuscenes_models/cbgs_voxel01_res3d_centerpoint_uncertainty/shifted_bounded_uncertainty/ckpt/latest_model
2025-03-24 15:53:48,385   INFO  Train:    2/30 (  7%) [3187/3862 ( 83%)]  Loss: -4.885 (-3.86)  LR: 4.512e-04  Time cost: 2:56:33/37:22 [6:31:41/100:26:04]  Acc_iter 7050        Data time: 0.00(0.02)  Forward time: 4.05(3.30)  Batch time: 4.05(3.32)
2025-03-24 15:53:49,409   INFO  
2025-03-24 15:56:38,920   INFO  Train:    2/30 (  7%) [3237/3862 ( 84%)]  Loss: -4.356 (-3.87)  LR: 4.533e-04  Time cost: 2:59:23/34:37 [6:34:32/100:25:45]  Acc_iter 7100        Data time: 0.00(0.02)  Forward time: 2.72(3.30)  Batch time: 2.72(3.32)
2025-03-24 15:57:17,729   INFO  Save latest model to /OpenPCDet/output/nuscenes_models/cbgs_voxel01_res3d_centerpoint_uncertainty/shifted_bounded_uncertainty/ckpt/latest_model
2025-03-24 15:59:31,115   INFO  Train:    2/30 (  7%) [3287/3862 ( 85%)]  Loss: -3.558 (-3.88)  LR: 4.554e-04  Time cost: 3:02:16/31:52 [6:37:24/100:26:17]  Acc_iter 7150        Data time: 0.00(0.02)  Forward time: 2.69(3.30)  Batch time: 2.69(3.33)
2025-03-24 16:02:19,016   INFO  Train:    2/30 (  7%) [3337/3862 ( 86%)]  Loss: -4.649 (-3.89)  LR: 4.576e-04  Time cost: 3:05:03/29:06 [6:40:12/100:24:23]  Acc_iter 7200        Data time: 0.00(0.02)  Forward time: 3.96(3.30)  Batch time: 3.97(3.33)
2025-03-24 16:02:20,035   INFO  
2025-03-24 16:02:20,339   INFO  Save latest model to /OpenPCDet/output/nuscenes_models/cbgs_voxel01_res3d_centerpoint_uncertainty/shifted_bounded_uncertainty/ckpt/latest_model
2025-03-24 16:05:02,463   INFO  Train:    2/30 (  7%) [3387/3862 ( 88%)]  Loss: -4.759 (-3.90)  LR: 4.597e-04  Time cost: 3:07:47/26:19 [6:42:55/100:20:04]  Acc_iter 7250        Data time: 0.00(0.02)  Forward time: 3.18(3.30)  Batch time: 3.18(3.33)
2025-03-24 16:07:17,929   INFO  Save latest model to /OpenPCDet/output/nuscenes_models/cbgs_voxel01_res3d_centerpoint_uncertainty/shifted_bounded_uncertainty/ckpt/latest_model
2025-03-24 16:07:40,727   INFO  Train:    2/30 (  7%) [3437/3862 ( 89%)]  Loss: -5.300 (-3.91)  LR: 4.619e-04  Time cost: 3:10:25/23:32 [6:45:33/100:13:05]  Acc_iter 7300        Data time: 0.00(0.02)  Forward time: 3.44(3.30)  Batch time: 3.44(3.32)
2025-03-24 16:10:16,402   INFO  Train:    2/30 (  7%) [3487/3862 ( 90%)]  Loss: -4.856 (-3.92)  LR: 4.641e-04  Time cost: 3:13:01/20:45 [6:48:09/100:04:52]  Acc_iter 7350        Data time: 0.00(0.02)  Forward time: 2.89(3.30)  Batch time: 2.90(3.32)
2025-03-24 16:10:17,384   INFO  
2025-03-24 16:12:18,355   INFO  Save latest model to /OpenPCDet/output/nuscenes_models/cbgs_voxel01_res3d_centerpoint_uncertainty/shifted_bounded_uncertainty/ckpt/latest_model
2025-03-24 16:13:02,393   INFO  Train:    2/30 (  7%) [3537/3862 ( 92%)]  Loss: -3.996 (-3.93)  LR: 4.663e-04  Time cost: 3:15:47/17:59 [6:50:55/100:02:05]  Acc_iter 7400        Data time: 0.00(0.02)  Forward time: 2.80(3.30)  Batch time: 2.80(3.32)
2025-03-24 16:15:48,816   INFO  Train:    2/30 (  7%) [3587/3862 ( 93%)]  Loss: -4.651 (-3.94)  LR: 4.685e-04  Time cost: 3:18:33/15:13 [6:53:41/99:59:32]  Acc_iter 7450        Data time: 0.01(0.02)  Forward time: 3.28(3.30)  Batch time: 3.28(3.32)
2025-03-24 16:17:17,885   INFO  Save latest model to /OpenPCDet/output/nuscenes_models/cbgs_voxel01_res3d_centerpoint_uncertainty/shifted_bounded_uncertainty/ckpt/latest_model
2025-03-24 16:18:37,653   INFO  Train:    2/30 (  7%) [3637/3862 ( 94%)]  Loss: -4.456 (-3.95)  LR: 4.707e-04  Time cost: 3:21:22/12:27 [6:56:30/99:58:09]  Acc_iter 7500        Data time: 0.00(0.02)  Forward time: 4.21(3.30)  Batch time: 4.21(3.32)
2025-03-24 16:18:38,701   INFO  
2025-03-24 16:21:29,709   INFO  Train:    2/30 (  7%) [3687/3862 ( 95%)]  Loss: -5.049 (-3.95)  LR: 4.729e-04  Time cost: 3:24:14/09:41 [6:59:22/99:58:19]  Acc_iter 7550        Data time: 0.00(0.02)  Forward time: 3.88(3.30)  Batch time: 3.88(3.32)
2025-03-24 16:22:17,155   INFO  Save latest model to /OpenPCDet/output/nuscenes_models/cbgs_voxel01_res3d_centerpoint_uncertainty/shifted_bounded_uncertainty/ckpt/latest_model
2025-03-24 16:24:17,005   INFO  Train:    2/30 (  7%) [3737/3862 ( 97%)]  Loss: -4.658 (-3.97)  LR: 4.752e-04  Time cost: 3:27:01/06:55 [7:02:10/99:56:07]  Acc_iter 7600        Data time: 0.00(0.02)  Forward time: 2.43(3.30)  Batch time: 2.43(3.32)
2025-03-24 16:27:06,778   INFO  Train:    2/30 (  7%) [3787/3862 ( 98%)]  Loss: -4.668 (-3.98)  LR: 4.774e-04  Time cost: 3:29:51/04:09 [7:04:59/99:55:04]  Acc_iter 7650        Data time: 0.00(0.02)  Forward time: 3.64(3.30)  Batch time: 3.65(3.32)
2025-03-24 16:27:07,933   INFO  
2025-03-24 16:27:16,979   INFO  Save latest model to /OpenPCDet/output/nuscenes_models/cbgs_voxel01_res3d_centerpoint_uncertainty/shifted_bounded_uncertainty/ckpt/latest_model
2025-03-24 16:29:55,697   INFO  Train:    2/30 (  7%) [3837/3862 ( 99%)]  Loss: -5.045 (-3.98)  LR: 4.797e-04  Time cost: 3:32:40/01:23 [7:07:48/99:53:34]  Acc_iter 7700        Data time: 0.00(0.02)  Forward time: 4.03(3.30)  Batch time: 4.03(3.32)
2025-03-24 16:31:11,286   INFO  Train:    2/30 (  7%) [3861/3862 (100%)]  Loss: -4.355 (-3.99)  LR: 4.808e-04  Time cost: 3:33:56/00:03 [7:09:04/99:50:17]  Acc_iter 7724        Data time: 0.00(0.02)  Forward time: 2.36(3.30)  Batch time: 2.36(3.32)
2025-03-24 16:31:37,294   INFO  Train:    3/30 ( 10%) [   0/3862 (  0%)]  Loss: -4.572 (-4.57)  LR: 4.809e-04  Time cost: 00:22/24:23:50 [7:09:30/683:07:27]  Acc_iter 7725        Data time: 19.11(19.11)  Forward time: 3.63(3.63)  Batch time: 22.74(22.74)
2025-03-24 16:33:01,285   INFO  Train:    3/30 ( 10%) [  25/3862 (  1%)]  Loss: -4.211 (-4.60)  LR: 4.820e-04  Time cost: 01:46/4:22:31 [7:10:54/123:16:49]  Acc_iter 7750        Data time: 0.00(0.74)  Forward time: 3.88(3.36)  Batch time: 3.88(4.11)
2025-03-24 16:35:46,396   INFO  Train:    3/30 ( 10%) [  75/3862 (  2%)]  Loss: -5.068 (-4.75)  LR: 4.843e-04  Time cost: 04:31/3:45:45 [7:13:39/107:22:02]  Acc_iter 7800        Data time: 0.00(0.26)  Forward time: 3.11(3.32)  Batch time: 3.12(3.58)
2025-03-24 16:35:47,468   INFO  
2025-03-24 16:36:19,155   INFO  Save latest model to /OpenPCDet/output/nuscenes_models/cbgs_voxel01_res3d_centerpoint_uncertainty/shifted_bounded_uncertainty/ckpt/latest_model
2025-03-24 16:38:30,487   INFO  Train:    3/30 ( 10%) [ 125/3862 (  3%)]  Loss: -3.932 (-4.80)  LR: 4.866e-04  Time cost: 07:15/3:35:29 [7:16:23/103:48:16]  Acc_iter 7850        Data time: 0.00(0.17)  Forward time: 3.55(3.29)  Batch time: 3.56(3.46)
2025-03-24 16:41:04,462   INFO  Train:    3/30 ( 10%) [ 175/3862 (  5%)]  Loss: -4.959 (-4.79)  LR: 4.890e-04  Time cost: 09:49/3:25:57 [7:18:57/100:30:59]  Acc_iter 7900        Data time: 0.00(0.12)  Forward time: 3.41(3.23)  Batch time: 3.42(3.35)
2025-03-24 16:41:17,922   INFO  Save latest model to /OpenPCDet/output/nuscenes_models/cbgs_voxel01_res3d_centerpoint_uncertainty/shifted_bounded_uncertainty/ckpt/latest_model
2025-03-24 16:43:42,768   INFO  Train:    3/30 ( 10%) [ 225/3862 (  6%)]  Loss: -4.490 (-4.80)  LR: 4.913e-04  Time cost: 12:28/3:20:40 [7:21:35/99:14:19]  Acc_iter 7950        Data time: 0.00(0.10)  Forward time: 3.86(3.21)  Batch time: 3.87(3.31)
2025-03-24 16:43:44,078   INFO  
2025-03-24 16:46:16,042   INFO  Save latest model to /OpenPCDet/output/nuscenes_models/cbgs_voxel01_res3d_centerpoint_uncertainty/shifted_bounded_uncertainty/ckpt/latest_model
2025-03-24 16:46:25,337   INFO  Train:    3/30 ( 10%) [ 275/3862 (  7%)]  Loss: -4.359 (-4.79)  LR: 4.937e-04  Time cost: 15:10/3:17:16 [7:24:18/98:52:15]  Acc_iter 8000        Data time: 0.00(0.09)  Forward time: 2.95(3.21)  Batch time: 2.96(3.30)
2025-03-24 16:49:01,880   INFO  Train:    3/30 ( 10%) [ 325/3862 (  8%)]  Loss: -5.074 (-4.80)  LR: 4.960e-04  Time cost: 17:47/3:13:00 [7:26:55/98:02:54]  Acc_iter 8050        Data time: 0.00(0.08)  Forward time: 3.50(3.20)  Batch time: 3.50(3.27)
2025-03-24 16:51:14,991   INFO  Save latest model to /OpenPCDet/output/nuscenes_models/cbgs_voxel01_res3d_centerpoint_uncertainty/shifted_bounded_uncertainty/ckpt/latest_model
2025-03-24 16:51:47,676   INFO  Train:    3/30 ( 10%) [ 375/3862 ( 10%)]  Loss: -5.028 (-4.80)  LR: 4.984e-04  Time cost: 20:33/3:10:35 [7:29:40/98:10:11]  Acc_iter 8100        Data time: 0.00(0.07)  Forward time: 2.94(3.21)  Batch time: 2.94(3.28)
2025-03-24 16:51:48,604   INFO  
2025-03-24 16:54:24,028   INFO  Train:    3/30 ( 10%) [ 425/3862 ( 11%)]  Loss: -5.545 (-4.81)  LR: 5.008e-04  Time cost: 23:09/3:06:50 [7:32:17/97:35:19]  Acc_iter 8150        Data time: 0.00(0.06)  Forward time: 3.23(3.20)  Batch time: 3.23(3.26)
2025-03-24 16:56:14,882   INFO  Save latest model to /OpenPCDet/output/nuscenes_models/cbgs_voxel01_res3d_centerpoint_uncertainty/shifted_bounded_uncertainty/ckpt/latest_model
2025-03-24 16:57:03,242   INFO  Train:    3/30 ( 10%) [ 475/3862 ( 12%)]  Loss: -4.410 (-4.83)  LR: 5.032e-04  Time cost: 25:48/3:03:39 [7:34:56/97:18:00]  Acc_iter 8200        Data time: 0.00(0.06)  Forward time: 3.26(3.20)  Batch time: 3.27(3.25)
2025-03-24 16:59:39,051   INFO  Train:    3/30 ( 10%) [ 525/3862 ( 14%)]  Loss: -4.804 (-4.83)  LR: 5.056e-04  Time cost: 28:24/3:00:13 [7:37:32/96:51:52]  Acc_iter 8250        Data time: 0.00(0.05)  Forward time: 3.00(3.19)  Batch time: 3.00(3.24)
2025-03-24 16:59:40,323   INFO  
2025-03-24 17:01:16,689   INFO  Save latest model to /OpenPCDet/output/nuscenes_models/cbgs_voxel01_res3d_centerpoint_uncertainty/shifted_bounded_uncertainty/ckpt/latest_model
2025-03-24 17:02:22,496   INFO  Train:    3/30 ( 10%) [ 575/3862 ( 15%)]  Loss: -5.452 (-4.82)  LR: 5.081e-04  Time cost: 31:07/2:57:39 [7:40:15/96:53:35]  Acc_iter 8300        Data time: 0.00(0.05)  Forward time: 2.50(3.19)  Batch time: 2.51(3.24)
2025-03-24 17:05:02,776   INFO  Train:    3/30 ( 10%) [ 625/3862 ( 16%)]  Loss: -5.006 (-4.83)  LR: 5.105e-04  Time cost: 33:48/2:54:47 [7:42:55/96:45:32]  Acc_iter 8350        Data time: 0.00(0.05)  Forward time: 2.69(3.19)  Batch time: 2.69(3.24)
2025-03-24 17:06:15,444   INFO  Save latest model to /OpenPCDet/output/nuscenes_models/cbgs_voxel01_res3d_centerpoint_uncertainty/shifted_bounded_uncertainty/ckpt/latest_model
2025-03-24 17:07:53,395   INFO  Train:    3/30 ( 10%) [ 675/3862 ( 17%)]  Loss: -5.580 (-4.84)  LR: 5.130e-04  Time cost: 36:38/2:52:46 [7:45:46/97:05:41]  Acc_iter 8400        Data time: 0.00(0.04)  Forward time: 2.77(3.21)  Batch time: 2.77(3.25)
2025-03-24 17:07:54,443   INFO  
2025-03-24 17:10:38,115   INFO  Train:    3/30 ( 10%) [ 725/3862 ( 19%)]  Loss: -5.107 (-4.85)  LR: 5.154e-04  Time cost: 39:23/2:50:12 [7:48:31/97:08:06]  Acc_iter 8450        Data time: 0.00(0.04)  Forward time: 3.58(3.21)  Batch time: 3.58(3.26)
2025-03-24 17:11:17,555   INFO  Save latest model to /OpenPCDet/output/nuscenes_models/cbgs_voxel01_res3d_centerpoint_uncertainty/shifted_bounded_uncertainty/ckpt/latest_model
2025-03-24 17:13:27,281   INFO  Train:    3/30 ( 10%) [ 775/3862 ( 20%)]  Loss: -4.551 (-4.86)  LR: 5.179e-04  Time cost: 42:12/2:47:55 [7:51:20/97:20:07]  Acc_iter 8500        Data time: 0.00(0.04)  Forward time: 3.62(3.22)  Batch time: 3.62(3.26)
2025-03-24 17:16:07,364   INFO  Train:    3/30 ( 10%) [ 825/3862 ( 21%)]  Loss: -4.813 (-4.87)  LR: 5.204e-04  Time cost: 44:52/2:45:00 [7:54:00/97:10:40]  Acc_iter 8550        Data time: 0.02(0.04)  Forward time: 4.18(3.22)  Batch time: 4.20(3.26)
2025-03-24 17:16:08,424   INFO  
2025-03-24 17:16:15,542   INFO  Save latest model to /OpenPCDet/output/nuscenes_models/cbgs_voxel01_res3d_centerpoint_uncertainty/shifted_bounded_uncertainty/ckpt/latest_model
2025-03-24 17:18:54,655   INFO  Train:    3/30 ( 10%) [ 875/3862 ( 23%)]  Loss: -5.288 (-4.88)  LR: 5.229e-04  Time cost: 47:40/2:42:32 [7:56:47/97:16:42]  Acc_iter 8600        Data time: 0.00(0.04)  Forward time: 3.77(3.23)  Batch time: 3.77(3.26)
2025-03-24 17:21:16,126   INFO  Save latest model to /OpenPCDet/output/nuscenes_models/cbgs_voxel01_res3d_centerpoint_uncertainty/shifted_bounded_uncertainty/ckpt/latest_model
2025-03-24 17:21:35,514   INFO  Train:    3/30 ( 10%) [ 925/3862 ( 24%)]  Loss: -4.144 (-4.89)  LR: 5.255e-04  Time cost: 50:20/2:39:41 [7:59:28/97:09:22]  Acc_iter 8650        Data time: 0.00(0.04)  Forward time: 3.11(3.22)  Batch time: 3.12(3.26)
2025-03-24 17:24:21,173   INFO  Train:    3/30 ( 10%) [ 975/3862 ( 25%)]  Loss: -5.109 (-4.91)  LR: 5.280e-04  Time cost: 53:06/2:37:05 [8:02:14/97:11:18]  Acc_iter 8700        Data time: 0.00(0.04)  Forward time: 3.44(3.23)  Batch time: 3.44(3.26)
2025-03-24 17:24:22,083   INFO  
2025-03-24 17:26:15,951   INFO  Save latest model to /OpenPCDet/output/nuscenes_models/cbgs_voxel01_res3d_centerpoint_uncertainty/shifted_bounded_uncertainty/ckpt/latest_model
2025-03-24 17:27:10,567   INFO  Train:    3/30 ( 10%) [1025/3862 ( 27%)]  Loss: -5.081 (-4.91)  LR: 5.306e-04  Time cost: 55:56/2:34:39 [8:05:03/97:19:16]  Acc_iter 8750        Data time: 0.01(0.04)  Forward time: 4.11(3.23)  Batch time: 4.12(3.27)
2025-03-24 17:29:57,401   INFO  Train:    3/30 ( 10%) [1075/3862 ( 28%)]  Loss: -5.301 (-4.92)  LR: 5.331e-04  Time cost: 58:42/2:32:04 [8:07:50/97:22:00]  Acc_iter 8800        Data time: 0.00(0.03)  Forward time: 2.95(3.24)  Batch time: 2.95(3.27)
2025-03-24 17:31:15,417   INFO  Save latest model to /OpenPCDet/output/nuscenes_models/cbgs_voxel01_res3d_centerpoint_uncertainty/shifted_bounded_uncertainty/ckpt/latest_model
2025-03-24 17:32:41,224   INFO  Train:    3/30 ( 10%) [1125/3862 ( 29%)]  Loss: -5.415 (-4.93)  LR: 5.357e-04  Time cost: 1:01:26/2:29:21 [8:10:34/97:19:28]  Acc_iter 8850        Data time: 0.00(0.03)  Forward time: 3.51(3.24)  Batch time: 3.52(3.27)
2025-03-24 17:32:42,175   INFO  
2025-03-24 17:35:29,173   INFO  Train:    3/30 ( 10%) [1175/3862 ( 30%)]  Loss: -5.724 (-4.94)  LR: 5.383e-04  Time cost: 1:04:14/2:26:47 [8:13:22/97:23:10]  Acc_iter 8900        Data time: 0.00(0.03)  Forward time: 3.06(3.24)  Batch time: 3.07(3.28)
2025-03-24 17:36:17,088   INFO  Save latest model to /OpenPCDet/output/nuscenes_models/cbgs_voxel01_res3d_centerpoint_uncertainty/shifted_bounded_uncertainty/ckpt/latest_model
2025-03-24 17:38:21,500   INFO  Train:    3/30 ( 10%) [1225/3862 ( 32%)]  Loss: -4.817 (-4.95)  LR: 5.409e-04  Time cost: 1:07:06/2:24:21 [8:16:14/97:32:42]  Acc_iter 8950        Data time: 0.01(0.03)  Forward time: 2.97(3.25)  Batch time: 2.98(3.28)
2025-03-24 17:41:06,498   INFO  Train:    3/30 ( 10%) [1275/3862 ( 33%)]  Loss: -5.373 (-4.96)  LR: 5.435e-04  Time cost: 1:09:51/2:21:38 [8:18:59/97:31:02]  Acc_iter 9000        Data time: 0.00(0.03)  Forward time: 3.62(3.25)  Batch time: 3.62(3.29)
2025-03-24 17:41:07,540   INFO  
2025-03-24 17:41:15,363   INFO  Save latest model to /OpenPCDet/output/nuscenes_models/cbgs_voxel01_res3d_centerpoint_uncertainty/shifted_bounded_uncertainty/ckpt/latest_model
2025-03-24 17:43:57,371   INFO  Train:    3/30 ( 10%) [1325/3862 ( 34%)]  Loss: -5.454 (-4.96)  LR: 5.461e-04  Time cost: 1:12:42/2:19:07 [8:21:50/97:37:10]  Acc_iter 9050        Data time: 0.00(0.03)  Forward time: 3.49(3.26)  Batch time: 3.49(3.29)
2025-03-24 17:46:17,075   INFO  Save latest model to /OpenPCDet/output/nuscenes_models/cbgs_voxel01_res3d_centerpoint_uncertainty/shifted_bounded_uncertainty/ckpt/latest_model
2025-03-24 17:46:43,596   INFO  Train:    3/30 ( 10%) [1375/3862 ( 36%)]  Loss: -5.957 (-4.97)  LR: 5.488e-04  Time cost: 1:15:29/2:16:25 [8:24:36/97:36:39]  Acc_iter 9100        Data time: 0.00(0.03)  Forward time: 3.81(3.26)  Batch time: 3.81(3.29)
2025-03-24 17:49:35,370   INFO  Train:    3/30 ( 10%) [1425/3862 ( 37%)]  Loss: -5.051 (-4.98)  LR: 5.514e-04  Time cost: 1:18:20/2:13:53 [8:27:28/97:42:53]  Acc_iter 9150        Data time: 0.00(0.03)  Forward time: 3.59(3.27)  Batch time: 3.60(3.30)
2025-03-24 17:49:36,521   INFO  
2025-03-24 17:51:16,308   INFO  Save latest model to /OpenPCDet/output/nuscenes_models/cbgs_voxel01_res3d_centerpoint_uncertainty/shifted_bounded_uncertainty/ckpt/latest_model
2025-03-24 17:52:26,247   INFO  Train:    3/30 ( 10%) [1475/3862 ( 38%)]  Loss: -5.760 (-4.99)  LR: 5.541e-04  Time cost: 1:21:11/2:11:18 [8:30:19/97:47:25]  Acc_iter 9200        Data time: 0.00(0.03)  Forward time: 3.63(3.27)  Batch time: 3.64(3.30)
2025-03-24 17:55:16,459   INFO  Train:    3/30 ( 10%) [1525/3862 ( 39%)]  Loss: -5.342 (-5.00)  LR: 5.568e-04  Time cost: 1:24:01/2:08:41 [8:33:09/97:50:42]  Acc_iter 9250        Data time: 0.01(0.03)  Forward time: 4.10(3.27)  Batch time: 4.10(3.30)
2025-03-24 17:56:16,737   INFO  Save latest model to /OpenPCDet/output/nuscenes_models/cbgs_voxel01_res3d_centerpoint_uncertainty/shifted_bounded_uncertainty/ckpt/latest_model
2025-03-24 17:58:06,372   INFO  Train:    3/30 ( 10%) [1575/3862 ( 41%)]  Loss: -5.342 (-5.00)  LR: 5.595e-04  Time cost: 1:26:51/2:06:03 [8:35:59/97:53:16]  Acc_iter 9300        Data time: 0.01(0.03)  Forward time: 3.19(3.28)  Batch time: 3.19(3.31)
2025-03-24 17:58:07,689   INFO  
2025-03-24 18:01:00,380   INFO  Train:    3/30 ( 10%) [1625/3862 ( 42%)]  Loss: -5.334 (-5.01)  LR: 5.622e-04  Time cost: 1:29:45/2:03:29 [8:38:53/97:59:58]  Acc_iter 9350        Data time: 0.00(0.03)  Forward time: 3.82(3.28)  Batch time: 3.82(3.31)
2025-03-24 18:01:15,163   INFO  Save latest model to /OpenPCDet/output/nuscenes_models/cbgs_voxel01_res3d_centerpoint_uncertainty/shifted_bounded_uncertainty/ckpt/latest_model
2025-03-24 18:03:52,128   INFO  Train:    3/30 ( 10%) [1675/3862 ( 43%)]  Loss: -5.608 (-5.02)  LR: 5.649e-04  Time cost: 1:32:37/2:00:52 [8:41:45/98:03:42]  Acc_iter 9400        Data time: 0.00(0.03)  Forward time: 3.33(3.29)  Batch time: 3.33(3.32)
2025-03-24 18:06:17,084   INFO  Save latest model to /OpenPCDet/output/nuscenes_models/cbgs_voxel01_res3d_centerpoint_uncertainty/shifted_bounded_uncertainty/ckpt/latest_model
2025-03-24 18:06:41,650   INFO  Train:    3/30 ( 10%) [1725/3862 ( 45%)]  Loss: -5.388 (-5.03)  LR: 5.676e-04  Time cost: 1:35:27/1:58:10 [8:44:34/98:04:45]  Acc_iter 9450        Data time: 0.00(0.03)  Forward time: 2.58(3.29)  Batch time: 2.59(3.32)
2025-03-24 18:06:42,783   INFO  
2025-03-24 18:09:30,383   INFO  Train:    3/30 ( 10%) [1775/3862 ( 46%)]  Loss: -5.810 (-5.04)  LR: 5.703e-04  Time cost: 1:38:15/1:55:28 [8:47:23/98:04:49]  Acc_iter 9500        Data time: 0.01(0.03)  Forward time: 3.24(3.29)  Batch time: 3.25(3.32)
2025-03-24 18:11:18,477   INFO  Save latest model to /OpenPCDet/output/nuscenes_models/cbgs_voxel01_res3d_centerpoint_uncertainty/shifted_bounded_uncertainty/ckpt/latest_model
2025-03-24 18:12:20,317   INFO  Train:    3/30 ( 10%) [1825/3862 ( 47%)]  Loss: -5.506 (-5.04)  LR: 5.731e-04  Time cost: 1:41:05/1:52:46 [8:50:13/98:05:53]  Acc_iter 9550        Data time: 0.00(0.03)  Forward time: 2.80(3.29)  Batch time: 2.80(3.32)
2025-03-24 18:15:03,707   INFO  Train:    3/30 ( 10%) [1875/3862 ( 49%)]  Loss: -5.547 (-5.05)  LR: 5.759e-04  Time cost: 1:43:49/1:49:57 [8:52:56/98:00:33]  Acc_iter 9600        Data time: 0.00(0.03)  Forward time: 2.87(3.29)  Batch time: 2.87(3.32)
2025-03-24 18:15:04,826   INFO  
2025-03-24 18:16:15,864   INFO  Save latest model to /OpenPCDet/output/nuscenes_models/cbgs_voxel01_res3d_centerpoint_uncertainty/shifted_bounded_uncertainty/ckpt/latest_model
2025-03-24 18:17:49,858   INFO  Train:    3/30 ( 10%) [1925/3862 ( 50%)]  Loss: -4.776 (-5.06)  LR: 5.786e-04  Time cost: 1:46:35/1:47:11 [8:55:42/97:57:54]  Acc_iter 9650        Data time: 0.03(0.03)  Forward time: 3.81(3.29)  Batch time: 3.84(3.32)
2025-03-24 18:20:41,138   INFO  Train:    3/30 ( 10%) [1975/3862 ( 51%)]  Loss: -5.980 (-5.07)  LR: 5.814e-04  Time cost: 1:49:26/1:44:30 [8:58:34/97:59:51]  Acc_iter 9700        Data time: 0.00(0.03)  Forward time: 2.45(3.30)  Batch time: 2.45(3.32)
2025-03-24 18:21:17,696   INFO  Save latest model to /OpenPCDet/output/nuscenes_models/cbgs_voxel01_res3d_centerpoint_uncertainty/shifted_bounded_uncertainty/ckpt/latest_model
2025-03-24 18:23:29,016   INFO  Train:    3/30 ( 10%) [2025/3862 ( 52%)]  Loss: -5.166 (-5.07)  LR: 5.842e-04  Time cost: 1:52:14/1:41:46 [9:01:22/97:58:35]  Acc_iter 9750        Data time: 0.00(0.03)  Forward time: 3.60(3.30)  Batch time: 3.61(3.32)
2025-03-24 18:23:30,204   INFO  
2025-03-24 18:26:15,733   INFO  Save latest model to /OpenPCDet/output/nuscenes_models/cbgs_voxel01_res3d_centerpoint_uncertainty/shifted_bounded_uncertainty/ckpt/latest_model
2025-03-24 18:26:19,528   INFO  Train:    3/30 ( 10%) [2075/3862 ( 54%)]  Loss: -5.774 (-5.08)  LR: 5.870e-04  Time cost: 1:55:04/1:39:03 [9:04:12/97:59:29]  Acc_iter 9800        Data time: 0.35(0.03)  Forward time: 3.79(3.30)  Batch time: 4.14(3.33)
2025-03-24 18:29:13,328   INFO  Train:    3/30 ( 10%) [2125/3862 ( 55%)]  Loss: -5.253 (-5.09)  LR: 5.899e-04  Time cost: 1:57:58/1:36:23 [9:07:06/98:02:56]  Acc_iter 9850        Data time: 0.00(0.03)  Forward time: 3.46(3.30)  Batch time: 3.46(3.33)
2025-03-24 18:31:15,487   INFO  Save latest model to /OpenPCDet/output/nuscenes_models/cbgs_voxel01_res3d_centerpoint_uncertainty/shifted_bounded_uncertainty/ckpt/latest_model
2025-03-24 18:32:00,896   INFO  Train:    3/30 ( 10%) [2175/3862 ( 56%)]  Loss: -5.897 (-5.09)  LR: 5.927e-04  Time cost: 2:00:46/1:33:37 [9:09:54/98:01:02]  Acc_iter 9900        Data time: 0.00(0.03)  Forward time: 3.71(3.30)  Batch time: 3.72(3.33)
2025-03-24 18:32:02,109   INFO  
2025-03-24 18:34:46,067   INFO  Train:    3/30 ( 10%) [2225/3862 ( 58%)]  Loss: -6.025 (-5.10)  LR: 5.956e-04  Time cost: 2:03:31/1:30:50 [9:12:39/97:57:12]  Acc_iter 9950        Data time: 0.00(0.03)  Forward time: 3.81(3.30)  Batch time: 3.81(3.33)
2025-03-24 18:36:16,033   INFO  Save latest model to /OpenPCDet/output/nuscenes_models/cbgs_voxel01_res3d_centerpoint_uncertainty/shifted_bounded_uncertainty/ckpt/latest_model
2025-03-24 18:37:35,161   INFO  Train:    3/30 ( 10%) [2275/3862 ( 59%)]  Loss: -5.072 (-5.11)  LR: 5.984e-04  Time cost: 2:06:20/1:28:05 [9:15:28/97:56:28]  Acc_iter 10000       Data time: 0.00(0.03)  Forward time: 3.27(3.30)  Batch time: 3.27(3.33)
2025-03-24 18:40:25,743   INFO  Train:    3/30 ( 10%) [2325/3862 ( 60%)]  Loss: -5.908 (-5.11)  LR: 6.013e-04  Time cost: 2:09:11/1:25:21 [9:18:18/97:56:45]  Acc_iter 10050       Data time: 0.00(0.03)  Forward time: 3.03(3.31)  Batch time: 3.03(3.33)
2025-03-24 18:40:26,722   INFO  
2025-03-24 18:41:17,020   INFO  Save latest model to /OpenPCDet/output/nuscenes_models/cbgs_voxel01_res3d_centerpoint_uncertainty/shifted_bounded_uncertainty/ckpt/latest_model
2025-03-24 18:43:13,427   INFO  Train:    3/30 ( 10%) [2375/3862 ( 61%)]  Loss: -5.748 (-5.12)  LR: 6.042e-04  Time cost: 2:11:58/1:22:35 [9:21:06/97:54:46]  Acc_iter 10100       Data time: 0.00(0.03)  Forward time: 3.25(3.31)  Batch time: 3.25(3.33)
2025-03-24 18:46:07,679   INFO  Train:    3/30 ( 10%) [2425/3862 ( 63%)]  Loss: -5.732 (-5.13)  LR: 6.071e-04  Time cost: 2:14:53/1:19:53 [9:24:00/97:57:31]  Acc_iter 10150       Data time: 0.00(0.03)  Forward time: 4.03(3.31)  Batch time: 4.03(3.34)
2025-03-24 18:46:17,985   INFO  Save latest model to /OpenPCDet/output/nuscenes_models/cbgs_voxel01_res3d_centerpoint_uncertainty/shifted_bounded_uncertainty/ckpt/latest_model
2025-03-24 18:48:51,604   INFO  Train:    3/30 ( 10%) [2475/3862 ( 64%)]  Loss: -5.136 (-5.13)  LR: 6.100e-04  Time cost: 2:17:37/1:17:05 [9:26:44/97:52:42]  Acc_iter 10200       Data time: 0.00(0.03)  Forward time: 2.97(3.31)  Batch time: 2.98(3.33)
2025-03-24 18:48:52,614   INFO  
2025-03-24 18:51:17,546   INFO  Save latest model to /OpenPCDet/output/nuscenes_models/cbgs_voxel01_res3d_centerpoint_uncertainty/shifted_bounded_uncertainty/ckpt/latest_model
2025-03-24 18:51:41,220   INFO  Train:    3/30 ( 10%) [2525/3862 ( 65%)]  Loss: -5.416 (-5.14)  LR: 6.129e-04  Time cost: 2:20:26/1:14:20 [9:29:34/97:51:55]  Acc_iter 10250       Data time: 0.04(0.03)  Forward time: 3.23(3.31)  Batch time: 3.27(3.34)
2025-03-24 18:54:30,889   INFO  Train:    3/30 ( 10%) [2575/3862 ( 67%)]  Loss: -5.836 (-5.15)  LR: 6.159e-04  Time cost: 2:23:16/1:11:34 [9:32:24/97:51:06]  Acc_iter 10300       Data time: 0.01(0.03)  Forward time: 3.04(3.31)  Batch time: 3.05(3.34)
2025-03-24 18:56:16,718   INFO  Save latest model to /OpenPCDet/output/nuscenes_models/cbgs_voxel01_res3d_centerpoint_uncertainty/shifted_bounded_uncertainty/ckpt/latest_model
2025-03-24 18:57:14,992   INFO  Train:    3/30 ( 10%) [2625/3862 ( 68%)]  Loss: -5.677 (-5.16)  LR: 6.188e-04  Time cost: 2:26:00/1:08:46 [9:35:08/97:46:28]  Acc_iter 10350       Data time: 0.00(0.02)  Forward time: 3.10(3.31)  Batch time: 3.11(3.34)
2025-03-24 18:57:16,077   INFO  
2025-03-24 18:59:59,178   INFO  Train:    3/30 ( 10%) [2675/3862 ( 69%)]  Loss: -5.681 (-5.17)  LR: 6.218e-04  Time cost: 2:28:44/1:05:58 [9:37:52/97:41:58]  Acc_iter 10400       Data time: 0.00(0.02)  Forward time: 3.77(3.31)  Batch time: 3.78(3.34)
2025-03-24 19:01:17,779   INFO  Save latest model to /OpenPCDet/output/nuscenes_models/cbgs_voxel01_res3d_centerpoint_uncertainty/shifted_bounded_uncertainty/ckpt/latest_model
2025-03-24 19:02:48,937   INFO  Train:    3/30 ( 10%) [2725/3862 ( 71%)]  Loss: -6.021 (-5.17)  LR: 6.247e-04  Time cost: 2:31:34/1:03:13 [9:40:42/97:41:08]  Acc_iter 10450       Data time: 0.01(0.02)  Forward time: 4.55(3.31)  Batch time: 4.56(3.34)
2025-03-24 19:05:40,930   INFO  Train:    3/30 ( 10%) [2775/3862 ( 72%)]  Loss: -5.640 (-5.18)  LR: 6.277e-04  Time cost: 2:34:26/1:00:28 [9:43:34/97:41:38]  Acc_iter 10500       Data time: 0.00(0.02)  Forward time: 3.99(3.31)  Batch time: 3.99(3.34)
2025-03-24 19:05:41,823   INFO  
2025-03-24 19:06:17,591   INFO  Save latest model to /OpenPCDet/output/nuscenes_models/cbgs_voxel01_res3d_centerpoint_uncertainty/shifted_bounded_uncertainty/ckpt/latest_model
2025-03-24 19:08:27,725   INFO  Train:    3/30 ( 10%) [2825/3862 ( 73%)]  Loss: -6.381 (-5.18)  LR: 6.307e-04  Time cost: 2:37:13/57:41 [9:46:20/97:38:47]  Acc_iter 10550       Data time: 0.00(0.02)  Forward time: 3.55(3.31)  Batch time: 3.55(3.34)
2025-03-24 19:11:17,678   INFO  Train:    3/30 ( 10%) [2875/3862 ( 74%)]  Loss: -5.733 (-5.19)  LR: 6.337e-04  Time cost: 2:40:03/54:55 [9:49:10/97:37:52]  Acc_iter 10600       Data time: 0.01(0.02)  Forward time: 3.56(3.31)  Batch time: 3.56(3.34)
2025-03-24 19:11:18,014   INFO  Save latest model to /OpenPCDet/output/nuscenes_models/cbgs_voxel01_res3d_centerpoint_uncertainty/shifted_bounded_uncertainty/ckpt/latest_model
2025-03-24 19:14:04,911   INFO  Train:    3/30 ( 10%) [2925/3862 ( 76%)]  Loss: -5.247 (-5.20)  LR: 6.367e-04  Time cost: 2:42:50/52:08 [9:51:58/97:35:15]  Acc_iter 10650       Data time: 0.01(0.02)  Forward time: 3.60(3.32)  Batch time: 3.60(3.34)
2025-03-24 19:14:05,807   INFO  
2025-03-24 19:16:17,034   INFO  Save latest model to /OpenPCDet/output/nuscenes_models/cbgs_voxel01_res3d_centerpoint_uncertainty/shifted_bounded_uncertainty/ckpt/latest_model
2025-03-24 19:16:50,994   INFO  Train:    3/30 ( 10%) [2975/3862 ( 77%)]  Loss: -5.372 (-5.20)  LR: 6.398e-04  Time cost: 2:45:36/49:21 [9:54:44/97:31:57]  Acc_iter 10700       Data time: 0.00(0.02)  Forward time: 3.01(3.31)  Batch time: 3.01(3.34)
2025-03-24 19:19:33,346   INFO  Train:    3/30 ( 10%) [3025/3862 ( 78%)]  Loss: -5.557 (-5.21)  LR: 6.428e-04  Time cost: 2:48:18/46:33 [9:57:26/97:26:31]  Acc_iter 10750       Data time: 0.00(0.02)  Forward time: 3.53(3.31)  Batch time: 3.53(3.34)
2025-03-24 19:21:15,592   INFO  Save latest model to /OpenPCDet/output/nuscenes_models/cbgs_voxel01_res3d_centerpoint_uncertainty/shifted_bounded_uncertainty/ckpt/latest_model
2025-03-24 19:22:17,623   INFO  Train:    3/30 ( 10%) [3075/3862 ( 80%)]  Loss: -5.372 (-5.21)  LR: 6.459e-04  Time cost: 2:51:03/43:45 [10:00:10/97:22:15]  Acc_iter 10800       Data time: 0.00(0.02)  Forward time: 3.97(3.31)  Batch time: 3.98(3.34)
2025-03-24 19:22:18,772   INFO  
2025-03-24 19:25:03,817   INFO  Train:    3/30 ( 10%) [3125/3862 ( 81%)]  Loss: -5.871 (-5.22)  LR: 6.489e-04  Time cost: 2:53:49/40:58 [10:02:56/97:19:07]  Acc_iter 10850       Data time: 0.00(0.02)  Forward time: 2.59(3.31)  Batch time: 2.59(3.34)
2025-03-24 19:26:15,627   INFO  Save latest model to /OpenPCDet/output/nuscenes_models/cbgs_voxel01_res3d_centerpoint_uncertainty/shifted_bounded_uncertainty/ckpt/latest_model
2025-03-24 19:27:38,684   INFO  Train:    3/30 ( 10%) [3175/3862 ( 82%)]  Loss: -4.749 (-5.22)  LR: 6.520e-04  Time cost: 2:56:24/38:09 [10:05:31/97:09:46]  Acc_iter 10900       Data time: 0.00(0.02)  Forward time: 2.60(3.31)  Batch time: 2.60(3.33)
2025-03-24 19:30:18,560   INFO  Train:    3/30 ( 10%) [3225/3862 ( 84%)]  Loss: -5.565 (-5.23)  LR: 6.551e-04  Time cost: 2:59:04/35:21 [10:08:11/97:03:20]  Acc_iter 10950       Data time: 0.02(0.02)  Forward time: 2.66(3.31)  Batch time: 2.68(3.33)
2025-03-24 19:30:19,593   INFO  
2025-03-24 19:31:15,107   INFO  Save latest model to /OpenPCDet/output/nuscenes_models/cbgs_voxel01_res3d_centerpoint_uncertainty/shifted_bounded_uncertainty/ckpt/latest_model
2025-03-24 19:33:04,615   INFO  Train:    3/30 ( 10%) [3275/3862 ( 85%)]  Loss: -5.989 (-5.23)  LR: 6.582e-04  Time cost: 3:01:50/32:34 [10:10:57/97:00:18]  Acc_iter 11000       Data time: 0.00(0.02)  Forward time: 3.33(3.31)  Batch time: 3.33(3.33)
2025-03-24 19:35:47,791   INFO  Train:    3/30 ( 10%) [3325/3862 ( 86%)]  Loss: -5.847 (-5.24)  LR: 6.613e-04  Time cost: 3:04:33/29:47 [10:13:40/96:55:46]  Acc_iter 11050       Data time: 0.00(0.02)  Forward time: 3.42(3.31)  Batch time: 3.42(3.33)
2025-03-24 19:36:15,985   INFO  Save latest model to /OpenPCDet/output/nuscenes_models/cbgs_voxel01_res3d_centerpoint_uncertainty/shifted_bounded_uncertainty/ckpt/latest_model
2025-03-24 19:38:34,693   INFO  Train:    3/30 ( 10%) [3375/3862 ( 87%)]  Loss: -5.765 (-5.25)  LR: 6.644e-04  Time cost: 3:07:20/27:01 [10:16:27/96:53:13]  Acc_iter 11100       Data time: 0.00(0.02)  Forward time: 2.70(3.31)  Batch time: 2.70(3.33)
2025-03-24 19:38:36,178   INFO  
2025-03-24 19:41:14,977   INFO  Save latest model to /OpenPCDet/output/nuscenes_models/cbgs_voxel01_res3d_centerpoint_uncertainty/shifted_bounded_uncertainty/ckpt/latest_model
2025-03-24 19:41:23,581   INFO  Train:    3/30 ( 10%) [3425/3862 ( 89%)]  Loss: -5.416 (-5.25)  LR: 6.676e-04  Time cost: 3:10:09/24:15 [10:19:16/96:51:41]  Acc_iter 11150       Data time: 0.00(0.02)  Forward time: 2.79(3.31)  Batch time: 2.80(3.33)
2025-03-24 19:44:05,043   INFO  Train:    3/30 ( 10%) [3475/3862 ( 90%)]  Loss: -5.114 (-5.26)  LR: 6.707e-04  Time cost: 3:12:50/21:28 [10:21:58/96:46:22]  Acc_iter 11200       Data time: 0.00(0.02)  Forward time: 3.34(3.31)  Batch time: 3.35(3.33)
2025-03-24 19:46:16,735   INFO  Save latest model to /OpenPCDet/output/nuscenes_models/cbgs_voxel01_res3d_centerpoint_uncertainty/shifted_bounded_uncertainty/ckpt/latest_model
2025-03-24 19:46:53,890   INFO  Train:    3/30 ( 10%) [3525/3862 ( 91%)]  Loss: -5.621 (-5.27)  LR: 6.738e-04  Time cost: 3:15:39/18:41 [10:24:47/96:44:48]  Acc_iter 11250       Data time: 0.01(0.02)  Forward time: 3.87(3.31)  Batch time: 3.87(3.33)
2025-03-24 19:46:55,017   INFO  
2025-03-24 19:49:43,836   INFO  Train:    3/30 ( 10%) [3575/3862 ( 93%)]  Loss: -5.934 (-5.27)  LR: 6.770e-04  Time cost: 3:18:29/15:55 [10:27:36/96:43:43]  Acc_iter 11300       Data time: 0.00(0.02)  Forward time: 2.90(3.31)  Batch time: 2.90(3.33)
2025-03-24 19:51:15,218   INFO  Save latest model to /OpenPCDet/output/nuscenes_models/cbgs_voxel01_res3d_centerpoint_uncertainty/shifted_bounded_uncertainty/ckpt/latest_model
2025-03-24 19:52:21,667   INFO  Train:    3/30 ( 10%) [3625/3862 ( 94%)]  Loss: -5.679 (-5.28)  LR: 6.802e-04  Time cost: 3:21:07/13:08 [10:30:14/96:36:46]  Acc_iter 11350       Data time: 0.00(0.02)  Forward time: 3.45(3.31)  Batch time: 3.45(3.33)
2025-03-24 19:55:08,095   INFO  Train:    3/30 ( 10%) [3675/3862 ( 95%)]  Loss: -5.830 (-5.29)  LR: 6.834e-04  Time cost: 3:23:53/10:22 [10:33:01/96:34:00]  Acc_iter 11400       Data time: 0.00(0.02)  Forward time: 3.72(3.31)  Batch time: 3.72(3.33)
2025-03-24 19:55:09,189   INFO  
2025-03-24 19:56:16,778   INFO  Save latest model to /OpenPCDet/output/nuscenes_models/cbgs_voxel01_res3d_centerpoint_uncertainty/shifted_bounded_uncertainty/ckpt/latest_model
2025-03-24 19:57:49,809   INFO  Train:    3/30 ( 10%) [3725/3862 ( 96%)]  Loss: -5.767 (-5.29)  LR: 6.866e-04  Time cost: 3:26:35/07:35 [10:35:42/96:29:03]  Acc_iter 11450       Data time: 0.00(0.02)  Forward time: 3.39(3.30)  Batch time: 3.39(3.33)
2025-03-24 20:00:36,971   INFO  Train:    3/30 ( 10%) [3775/3862 ( 98%)]  Loss: -6.422 (-5.30)  LR: 6.898e-04  Time cost: 3:29:22/04:49 [10:38:30/96:26:39]  Acc_iter 11500       Data time: 0.00(0.02)  Forward time: 2.79(3.30)  Batch time: 2.79(3.33)
2025-03-24 20:01:16,514   INFO  Save latest model to /OpenPCDet/output/nuscenes_models/cbgs_voxel01_res3d_centerpoint_uncertainty/shifted_bounded_uncertainty/ckpt/latest_model
2025-03-24 20:03:24,490   INFO  Train:    3/30 ( 10%) [3825/3862 ( 99%)]  Loss: -6.168 (-5.30)  LR: 6.930e-04  Time cost: 3:32:09/02:03 [10:41:17/96:24:25]  Acc_iter 11550       Data time: 0.00(0.02)  Forward time: 3.32(3.30)  Batch time: 3.32(3.33)
2025-03-24 20:03:25,657   INFO  
2025-03-24 20:05:23,896   INFO  Train:    3/30 ( 10%) [3861/3862 (100%)]  Loss: -5.385 (-5.31)  LR: 6.953e-04  Time cost: 3:34:09/00:03 [10:43:17/96:22:15]  Acc_iter 11586       Data time: 0.00(0.02)  Forward time: 2.20(3.30)  Batch time: 2.20(3.33)
2025-03-24 20:05:52,662   INFO  Train:    4/30 ( 13%) [   0/3862 (  0%)]  Loss: -5.754 (-5.75)  LR: 6.954e-04  Time cost: 00:25/27:28:13 [10:43:45/741:42:11]  Acc_iter 11587       Data time: 21.96(21.96)  Forward time: 3.65(3.65)  Batch time: 25.61(25.61)
2025-03-24 20:06:34,872   INFO  Train:    4/30 ( 13%) [  13/3862 (  0%)]  Loss: -5.804 (-5.67)  LR: 6.962e-04  Time cost: 01:07/5:10:44 [10:44:27/140:17:26]  Acc_iter 11600       Data time: 0.00(1.57)  Forward time: 2.99(3.27)  Batch time: 2.99(4.84)
2025-03-24 20:09:23,677   INFO  Train:    4/30 ( 13%) [  63/3862 (  2%)]  Loss: -4.908 (-5.83)  LR: 6.995e-04  Time cost: 03:56/3:54:05 [10:47:16/107:01:29]  Acc_iter 11650       Data time: 0.01(0.35)  Forward time: 3.84(3.35)  Batch time: 3.85(3.70)
2025-03-24 20:10:27,716   INFO  Save latest model to /OpenPCDet/output/nuscenes_models/cbgs_voxel01_res3d_centerpoint_uncertainty/shifted_bounded_uncertainty/ckpt/latest_model
2025-03-24 20:12:02,643   INFO  Train:    4/30 ( 13%) [ 113/3862 (  3%)]  Loss: -6.367 (-5.81)  LR: 7.027e-04  Time cost: 06:35/3:36:49 [10:49:55/100:24:05]  Acc_iter 11700       Data time: 0.01(0.20)  Forward time: 3.09(3.27)  Batch time: 3.10(3.47)
2025-03-24 20:12:03,521   INFO  
2025-03-24 20:14:40,245   INFO  Train:    4/30 ( 13%) [ 163/3862 (  4%)]  Loss: -6.063 (-5.86)  LR: 7.060e-04  Time cost: 09:13/3:27:57 [10:52:33/97:32:57]  Acc_iter 11750       Data time: 0.00(0.15)  Forward time: 3.09(3.23)  Batch time: 3.10(3.37)
2025-03-24 20:15:30,377   INFO  Save latest model to /OpenPCDet/output/nuscenes_models/cbgs_voxel01_res3d_centerpoint_uncertainty/shifted_bounded_uncertainty/ckpt/latest_model
2025-03-24 20:17:29,393   INFO  Train:    4/30 ( 13%) [ 213/3862 (  6%)]  Loss: -5.689 (-5.87)  LR: 7.093e-04  Time cost: 12:02/3:25:16 [10:55:22/97:34:08]  Acc_iter 11800       Data time: 0.00(0.12)  Forward time: 4.09(3.26)  Batch time: 4.09(3.38)
2025-03-24 20:20:18,052   INFO  Train:    4/30 ( 13%) [ 263/3862 (  7%)]  Loss: -5.292 (-5.83)  LR: 7.126e-04  Time cost: 14:50/3:22:26 [10:58:11/97:30:36]  Acc_iter 11850       Data time: 0.00(0.10)  Forward time: 4.10(3.28)  Batch time: 4.10(3.37)
2025-03-24 20:20:19,294   INFO  
2025-03-24 20:20:29,753   INFO  Save latest model to /OpenPCDet/output/nuscenes_models/cbgs_voxel01_res3d_centerpoint_uncertainty/shifted_bounded_uncertainty/ckpt/latest_model
2025-03-24 20:23:11,453   INFO  Train:    4/30 ( 13%) [ 313/3862 (  8%)]  Loss: -5.853 (-5.82)  LR: 7.159e-04  Time cost: 17:44/3:20:30 [11:01:04/97:53:27]  Acc_iter 11900       Data time: 0.00(0.09)  Forward time: 2.91(3.30)  Batch time: 2.92(3.39)
2025-03-24 20:25:28,900   INFO  Save latest model to /OpenPCDet/output/nuscenes_models/cbgs_voxel01_res3d_centerpoint_uncertainty/shifted_bounded_uncertainty/ckpt/latest_model
2025-03-24 20:25:59,961   INFO  Train:    4/30 ( 13%) [ 363/3862 (  9%)]  Loss: -5.808 (-5.80)  LR: 7.192e-04  Time cost: 20:32/3:17:31 [11:03:53/97:45:57]  Acc_iter 11950       Data time: 0.00(0.08)  Forward time: 3.46(3.31)  Batch time: 3.47(3.39)
2025-03-24 20:28:48,418   INFO  Train:    4/30 ( 13%) [ 413/3862 ( 11%)]  Loss: -5.875 (-5.80)  LR: 7.225e-04  Time cost: 23:21/3:14:34 [11:06:41/97:39:22]  Acc_iter 12000       Data time: 0.00(0.07)  Forward time: 3.70(3.32)  Batch time: 3.70(3.38)
2025-03-24 20:28:49,453   INFO  
2025-03-24 20:30:29,066   INFO  Save latest model to /OpenPCDet/output/nuscenes_models/cbgs_voxel01_res3d_centerpoint_uncertainty/shifted_bounded_uncertainty/ckpt/latest_model
2025-03-24 20:31:33,014   INFO  Train:    4/30 ( 13%) [ 463/3862 ( 12%)]  Loss: -5.718 (-5.81)  LR: 7.258e-04  Time cost: 26:05/3:11:11 [11:09:26/97:19:13]  Acc_iter 12050       Data time: 0.00(0.07)  Forward time: 3.93(3.31)  Batch time: 3.93(3.37)
2025-03-24 20:34:12,656   INFO  Train:    4/30 ( 13%) [ 513/3862 ( 13%)]  Loss: -5.520 (-5.82)  LR: 7.292e-04  Time cost: 28:45/3:07:23 [11:12:05/96:45:46]  Acc_iter 12100       Data time: 0.01(0.06)  Forward time: 2.84(3.30)  Batch time: 2.85(3.36)
2025-03-24 20:35:30,232   INFO  Save latest model to /OpenPCDet/output/nuscenes_models/cbgs_voxel01_res3d_centerpoint_uncertainty/shifted_bounded_uncertainty/ckpt/latest_model
2025-03-24 20:36:51,551   INFO  Train:    4/30 ( 13%) [ 563/3862 ( 15%)]  Loss: -6.250 (-5.83)  LR: 7.325e-04  Time cost: 31:24/3:03:42 [11:14:44/96:15:30]  Acc_iter 12150       Data time: 0.00(0.06)  Forward time: 2.67(3.29)  Batch time: 2.68(3.34)
2025-03-24 20:36:52,660   INFO  
2025-03-24 20:39:34,475   INFO  Train:    4/30 ( 13%) [ 613/3862 ( 16%)]  Loss: -5.815 (-5.83)  LR: 7.359e-04  Time cost: 34:07/3:00:33 [11:17:27/96:01:03]  Acc_iter 12200       Data time: 0.00(0.05)  Forward time: 3.18(3.28)  Batch time: 3.19(3.33)
2025-03-24 20:40:28,990   INFO  Save latest model to /OpenPCDet/output/nuscenes_models/cbgs_voxel01_res3d_centerpoint_uncertainty/shifted_bounded_uncertainty/ckpt/latest_model
2025-03-24 20:42:19,187   INFO  Train:    4/30 ( 13%) [ 663/3862 ( 17%)]  Loss: -5.339 (-5.83)  LR: 7.393e-04  Time cost: 36:52/2:57:37 [11:20:12/95:53:02]  Acc_iter 12250       Data time: 0.00(0.05)  Forward time: 3.46(3.28)  Batch time: 3.46(3.33)
2025-03-24 20:44:52,600   INFO  Train:    4/30 ( 13%) [ 713/3862 ( 18%)]  Loss: -5.860 (-5.84)  LR: 7.426e-04  Time cost: 39:25/2:53:52 [11:22:45/95:18:26]  Acc_iter 12300       Data time: 0.00(0.05)  Forward time: 2.46(3.27)  Batch time: 2.46(3.31)
2025-03-24 20:44:53,686   INFO  
2025-03-24 20:45:30,565   INFO  Save latest model to /OpenPCDet/output/nuscenes_models/cbgs_voxel01_res3d_centerpoint_uncertainty/shifted_bounded_uncertainty/ckpt/latest_model
2025-03-24 20:47:33,745   INFO  Train:    4/30 ( 13%) [ 763/3862 ( 20%)]  Loss: -6.459 (-5.85)  LR: 7.460e-04  Time cost: 42:06/2:50:48 [11:25:26/95:05:30]  Acc_iter 12350       Data time: 0.00(0.05)  Forward time: 2.62(3.26)  Batch time: 2.62(3.31)
2025-03-24 20:50:08,833   INFO  Train:    4/30 ( 13%) [ 813/3862 ( 21%)]  Loss: -5.844 (-5.85)  LR: 7.494e-04  Time cost: 44:41/2:47:25 [11:28:01/94:40:59]  Acc_iter 12400       Data time: 0.00(0.04)  Forward time: 2.96(3.25)  Batch time: 2.97(3.29)
2025-03-24 20:50:29,007   INFO  Save latest model to /OpenPCDet/output/nuscenes_models/cbgs_voxel01_res3d_centerpoint_uncertainty/shifted_bounded_uncertainty/ckpt/latest_model
2025-03-24 20:53:01,358   INFO  Train:    4/30 ( 13%) [ 863/3862 ( 22%)]  Loss: -5.602 (-5.85)  LR: 7.529e-04  Time cost: 47:34/2:45:07 [11:30:54/94:53:47]  Acc_iter 12450       Data time: 0.00(0.04)  Forward time: 4.38(3.26)  Batch time: 4.39(3.30)
2025-03-24 20:53:02,551   INFO  
2025-03-24 20:55:27,739   INFO  Save latest model to /OpenPCDet/output/nuscenes_models/cbgs_voxel01_res3d_centerpoint_uncertainty/shifted_bounded_uncertainty/ckpt/latest_model
2025-03-24 20:55:52,149   INFO  Train:    4/30 ( 13%) [ 913/3862 ( 24%)]  Loss: -5.650 (-5.86)  LR: 7.563e-04  Time cost: 50:25/2:42:40 [11:33:45/95:01:37]  Acc_iter 12500       Data time: 0.00(0.04)  Forward time: 2.95(3.27)  Batch time: 2.95(3.31)
2025-03-24 20:58:40,328   INFO  Train:    4/30 ( 13%) [ 963/3862 ( 25%)]  Loss: -5.211 (-5.86)  LR: 7.597e-04  Time cost: 53:13/2:40:03 [11:36:33/95:03:40]  Acc_iter 12550       Data time: 0.01(0.04)  Forward time: 2.69(3.27)  Batch time: 2.70(3.31)
2025-03-24 21:00:28,409   INFO  Save latest model to /OpenPCDet/output/nuscenes_models/cbgs_voxel01_res3d_centerpoint_uncertainty/shifted_bounded_uncertainty/ckpt/latest_model
2025-03-24 21:01:14,485   INFO  Train:    4/30 ( 13%) [1013/3862 ( 26%)]  Loss: -5.156 (-5.87)  LR: 7.632e-04  Time cost: 55:47/2:36:45 [11:39:07/94:41:26]  Acc_iter 12600       Data time: 0.00(0.04)  Forward time: 3.21(3.26)  Batch time: 3.21(3.30)
2025-03-24 21:01:15,514   INFO  
2025-03-24 21:04:01,242   INFO  Train:    4/30 ( 13%) [1063/3862 ( 28%)]  Loss: -5.814 (-5.87)  LR: 7.666e-04  Time cost: 58:34/2:34:04 [11:41:54/94:41:26]  Acc_iter 12650       Data time: 0.00(0.04)  Forward time: 2.53(3.27)  Batch time: 2.53(3.30)
2025-03-24 21:05:28,890   INFO  Save latest model to /OpenPCDet/output/nuscenes_models/cbgs_voxel01_res3d_centerpoint_uncertainty/shifted_bounded_uncertainty/ckpt/latest_model
2025-03-24 21:06:46,304   INFO  Train:    4/30 ( 13%) [1113/3862 ( 29%)]  Loss: -5.298 (-5.88)  LR: 7.701e-04  Time cost: 1:01:19/2:31:19 [11:44:39/94:38:33]  Acc_iter 12700       Data time: 0.00(0.04)  Forward time: 2.91(3.27)  Batch time: 2.91(3.30)
2025-03-24 21:09:32,659   INFO  Train:    4/30 ( 13%) [1163/3862 ( 30%)]  Loss: -5.972 (-5.88)  LR: 7.736e-04  Time cost: 1:04:05/2:28:36 [11:47:25/94:37:36]  Acc_iter 12750       Data time: 0.00(0.04)  Forward time: 3.28(3.27)  Batch time: 3.29(3.30)
2025-03-24 21:09:33,781   INFO  
2025-03-24 21:10:29,229   INFO  Save latest model to /OpenPCDet/output/nuscenes_models/cbgs_voxel01_res3d_centerpoint_uncertainty/shifted_bounded_uncertainty/ckpt/latest_model
2025-03-24 21:12:19,883   INFO  Train:    4/30 ( 13%) [1213/3862 ( 31%)]  Loss: -6.595 (-5.89)  LR: 7.770e-04  Time cost: 1:06:52/2:25:56 [11:50:13/94:37:43]  Acc_iter 12800       Data time: 0.00(0.04)  Forward time: 4.12(3.27)  Batch time: 4.12(3.31)
2025-03-24 21:15:05,852   INFO  Train:    4/30 ( 13%) [1263/3862 ( 33%)]  Loss: -5.811 (-5.89)  LR: 7.805e-04  Time cost: 1:09:38/2:23:12 [11:52:58/94:35:55]  Acc_iter 12850       Data time: 0.00(0.03)  Forward time: 3.23(3.27)  Batch time: 3.23(3.31)
2025-03-24 21:15:29,269   INFO  Save latest model to /OpenPCDet/output/nuscenes_models/cbgs_voxel01_res3d_centerpoint_uncertainty/shifted_bounded_uncertainty/ckpt/latest_model
2025-03-24 21:17:54,992   INFO  Train:    4/30 ( 13%) [1313/3862 ( 34%)]  Loss: -6.206 (-5.90)  LR: 7.840e-04  Time cost: 1:12:27/2:20:34 [11:55:48/94:38:10]  Acc_iter 12900       Data time: 0.01(0.03)  Forward time: 3.96(3.28)  Batch time: 3.97(3.31)
2025-03-24 21:17:56,053   INFO  
2025-03-24 21:20:27,767   INFO  Save latest model to /OpenPCDet/output/nuscenes_models/cbgs_voxel01_res3d_centerpoint_uncertainty/shifted_bounded_uncertainty/ckpt/latest_model
2025-03-24 21:20:51,853   INFO  Train:    4/30 ( 13%) [1363/3862 ( 35%)]  Loss: -6.319 (-5.90)  LR: 7.876e-04  Time cost: 1:15:24/2:18:09 [11:58:44/94:49:46]  Acc_iter 12950       Data time: 0.01(0.03)  Forward time: 4.27(3.28)  Batch time: 4.28(3.32)
2025-03-24 21:23:39,208   INFO  Train:    4/30 ( 13%) [1413/3862 ( 37%)]  Loss: -5.935 (-5.91)  LR: 7.911e-04  Time cost: 1:18:12/2:15:26 [12:01:32/94:48:49]  Acc_iter 13000       Data time: 0.01(0.03)  Forward time: 2.81(3.29)  Batch time: 2.82(3.32)
2025-03-24 21:25:29,693   INFO  Save latest model to /OpenPCDet/output/nuscenes_models/cbgs_voxel01_res3d_centerpoint_uncertainty/shifted_bounded_uncertainty/ckpt/latest_model
2025-03-24 21:26:21,361   INFO  Train:    4/30 ( 13%) [1463/3862 ( 38%)]  Loss: -5.948 (-5.91)  LR: 7.946e-04  Time cost: 1:20:54/2:12:34 [12:04:14/94:41:38]  Acc_iter 13050       Data time: 0.00(0.03)  Forward time: 2.78(3.28)  Batch time: 2.79(3.32)
2025-03-24 21:26:22,435   INFO  
2025-03-24 21:29:06,050   INFO  Train:    4/30 ( 13%) [1513/3862 ( 39%)]  Loss: -5.791 (-5.91)  LR: 7.982e-04  Time cost: 1:23:38/2:09:47 [12:06:59/94:37:38]  Acc_iter 13100       Data time: 0.01(0.03)  Forward time: 3.22(3.28)  Batch time: 3.22(3.32)
2025-03-24 21:30:28,404   INFO  Save latest model to /OpenPCDet/output/nuscenes_models/cbgs_voxel01_res3d_centerpoint_uncertainty/shifted_bounded_uncertainty/ckpt/latest_model
2025-03-24 21:31:57,322   INFO  Train:    4/30 ( 13%) [1563/3862 ( 40%)]  Loss: -6.233 (-5.92)  LR: 8.017e-04  Time cost: 1:26:30/2:07:09 [12:09:50/94:40:55]  Acc_iter 13150       Data time: 0.00(0.03)  Forward time: 3.45(3.29)  Batch time: 3.45(3.32)
2025-03-24 21:34:48,042   INFO  Train:    4/30 ( 13%) [1613/3862 ( 42%)]  Loss: -6.034 (-5.92)  LR: 8.053e-04  Time cost: 1:29:20/2:04:30 [12:12:41/94:43:13]  Acc_iter 13200       Data time: 0.00(0.03)  Forward time: 4.36(3.29)  Batch time: 4.37(3.32)
2025-03-24 21:34:49,245   INFO  
2025-03-24 21:35:30,826   INFO  Save latest model to /OpenPCDet/output/nuscenes_models/cbgs_voxel01_res3d_centerpoint_uncertainty/shifted_bounded_uncertainty/ckpt/latest_model
2025-03-24 21:37:33,245   INFO  Train:    4/30 ( 13%) [1663/3862 ( 43%)]  Loss: -5.155 (-5.92)  LR: 8.089e-04  Time cost: 1:32:06/2:01:42 [12:15:26/94:39:33]  Acc_iter 13250       Data time: 0.00(0.03)  Forward time: 3.41(3.29)  Batch time: 3.42(3.32)
2025-03-24 21:40:13,945   INFO  Train:    4/30 ( 13%) [1713/3862 ( 44%)]  Loss: -6.522 (-5.93)  LR: 8.124e-04  Time cost: 1:34:46/1:58:50 [12:18:07/94:31:27]  Acc_iter 13300       Data time: 0.00(0.03)  Forward time: 2.88(3.29)  Batch time: 2.89(3.32)
2025-03-24 21:40:27,829   INFO  Save latest model to /OpenPCDet/output/nuscenes_models/cbgs_voxel01_res3d_centerpoint_uncertainty/shifted_bounded_uncertainty/ckpt/latest_model
2025-03-24 21:42:59,117   INFO  Train:    4/30 ( 13%) [1763/3862 ( 46%)]  Loss: -6.116 (-5.93)  LR: 8.160e-04  Time cost: 1:37:32/1:56:03 [12:20:52/94:27:59]  Acc_iter 13350       Data time: 0.00(0.03)  Forward time: 3.63(3.29)  Batch time: 3.63(3.32)
2025-03-24 21:43:00,201   INFO  
2025-03-24 21:45:27,852   INFO  Save latest model to /OpenPCDet/output/nuscenes_models/cbgs_voxel01_res3d_centerpoint_uncertainty/shifted_bounded_uncertainty/ckpt/latest_model
2025-03-24 21:45:51,335   INFO  Train:    4/30 ( 13%) [1813/3862 ( 47%)]  Loss: -6.012 (-5.93)  LR: 8.196e-04  Time cost: 1:40:24/1:53:24 [12:23:44/94:31:12]  Acc_iter 13400       Data time: 0.01(0.03)  Forward time: 4.24(3.29)  Batch time: 4.24(3.32)
2025-03-24 21:48:40,084   INFO  Train:    4/30 ( 13%) [1863/3862 ( 48%)]  Loss: -5.177 (-5.93)  LR: 8.232e-04  Time cost: 1:43:13/1:50:41 [12:26:33/94:30:54]  Acc_iter 13450       Data time: 0.01(0.03)  Forward time: 3.48(3.29)  Batch time: 3.49(3.32)
2025-03-24 21:50:30,637   INFO  Save latest model to /OpenPCDet/output/nuscenes_models/cbgs_voxel01_res3d_centerpoint_uncertainty/shifted_bounded_uncertainty/ckpt/latest_model
2025-03-24 21:51:23,825   INFO  Train:    4/30 ( 13%) [1913/3862 ( 50%)]  Loss: -6.388 (-5.94)  LR: 8.269e-04  Time cost: 1:45:56/1:47:53 [12:29:16/94:26:00]  Acc_iter 13500       Data time: 0.01(0.03)  Forward time: 2.90(3.29)  Batch time: 2.90(3.32)
2025-03-24 21:51:24,763   INFO  
2025-03-24 21:54:00,878   INFO  Train:    4/30 ( 13%) [1963/3862 ( 51%)]  Loss: -6.061 (-5.94)  LR: 8.305e-04  Time cost: 1:48:33/1:44:58 [12:31:54/94:15:25]  Acc_iter 13550       Data time: 0.00(0.03)  Forward time: 2.78(3.29)  Batch time: 2.79(3.32)
2025-03-24 21:55:30,432   INFO  Save latest model to /OpenPCDet/output/nuscenes_models/cbgs_voxel01_res3d_centerpoint_uncertainty/shifted_bounded_uncertainty/ckpt/latest_model
2025-03-24 21:56:43,293   INFO  Train:    4/30 ( 13%) [2013/3862 ( 52%)]  Loss: -5.248 (-5.94)  LR: 8.341e-04  Time cost: 1:51:16/1:42:09 [12:34:36/94:09:46]  Acc_iter 13600       Data time: 0.00(0.03)  Forward time: 2.64(3.29)  Batch time: 2.64(3.31)
2025-03-24 21:59:31,623   INFO  Train:    4/30 ( 13%) [2063/3862 ( 53%)]  Loss: -6.391 (-5.94)  LR: 8.378e-04  Time cost: 1:54:04/1:39:25 [12:37:24/94:09:08]  Acc_iter 13650       Data time: 0.00(0.03)  Forward time: 3.52(3.29)  Batch time: 3.52(3.32)
2025-03-24 21:59:32,755   INFO  
2025-03-24 22:00:29,080   INFO  Save latest model to /OpenPCDet/output/nuscenes_models/cbgs_voxel01_res3d_centerpoint_uncertainty/shifted_bounded_uncertainty/ckpt/latest_model
2025-03-24 22:02:24,238   INFO  Train:    4/30 ( 13%) [2113/3862 ( 55%)]  Loss: -6.390 (-5.95)  LR: 8.414e-04  Time cost: 1:56:57/1:36:45 [12:40:17/94:11:51]  Acc_iter 13700       Data time: 0.01(0.03)  Forward time: 3.92(3.29)  Batch time: 3.93(3.32)
2025-03-24 22:05:15,462   INFO  Train:    4/30 ( 13%) [2163/3862 ( 56%)]  Loss: -5.906 (-5.95)  LR: 8.451e-04  Time cost: 1:59:48/1:34:03 [12:43:08/94:13:13]  Acc_iter 13750       Data time: 0.00(0.03)  Forward time: 3.09(3.29)  Batch time: 3.10(3.32)
2025-03-24 22:05:29,716   INFO  Save latest model to /OpenPCDet/output/nuscenes_models/cbgs_voxel01_res3d_centerpoint_uncertainty/shifted_bounded_uncertainty/ckpt/latest_model
2025-03-24 22:08:05,528   INFO  Train:    4/30 ( 13%) [2213/3862 ( 57%)]  Loss: -6.455 (-5.95)  LR: 8.488e-04  Time cost: 2:02:38/1:31:20 [12:45:58/94:13:30]  Acc_iter 13800       Data time: 0.00(0.03)  Forward time: 2.93(3.30)  Batch time: 2.94(3.32)
2025-03-24 22:08:06,561   INFO  
2025-03-24 22:10:29,158   INFO  Save latest model to /OpenPCDet/output/nuscenes_models/cbgs_voxel01_res3d_centerpoint_uncertainty/shifted_bounded_uncertainty/ckpt/latest_model
2025-03-24 22:10:49,480   INFO  Train:    4/30 ( 13%) [2263/3862 ( 59%)]  Loss: -6.575 (-5.96)  LR: 8.525e-04  Time cost: 2:05:22/1:28:32 [12:48:42/94:09:04]  Acc_iter 13850       Data time: 0.00(0.03)  Forward time: 3.25(3.30)  Batch time: 3.25(3.32)
2025-03-24 22:13:37,061   INFO  Train:    4/30 ( 13%) [2313/3862 ( 60%)]  Loss: -6.414 (-5.97)  LR: 8.562e-04  Time cost: 2:08:10/1:25:47 [12:51:30/94:07:22]  Acc_iter 13900       Data time: 0.00(0.03)  Forward time: 2.95(3.30)  Batch time: 2.96(3.32)
2025-03-24 22:15:27,967   INFO  Save latest model to /OpenPCDet/output/nuscenes_models/cbgs_voxel01_res3d_centerpoint_uncertainty/shifted_bounded_uncertainty/ckpt/latest_model
2025-03-24 22:16:25,691   INFO  Train:    4/30 ( 13%) [2363/3862 ( 61%)]  Loss: -6.388 (-5.97)  LR: 8.599e-04  Time cost: 2:10:58/1:23:03 [12:54:18/94:06:22]  Acc_iter 13950       Data time: 0.00(0.03)  Forward time: 3.45(3.30)  Batch time: 3.45(3.32)
2025-03-24 22:16:26,522   INFO  
2025-03-24 22:19:16,342   INFO  Train:    4/30 ( 13%) [2413/3862 ( 62%)]  Loss: -6.144 (-5.97)  LR: 8.636e-04  Time cost: 2:13:49/1:20:19 [12:57:09/94:06:43]  Acc_iter 14000       Data time: 0.00(0.03)  Forward time: 2.60(3.30)  Batch time: 2.60(3.33)
2025-03-24 22:20:28,518   INFO  Save latest model to /OpenPCDet/output/nuscenes_models/cbgs_voxel01_res3d_centerpoint_uncertainty/shifted_bounded_uncertainty/ckpt/latest_model
2025-03-24 22:22:06,802   INFO  Train:    4/30 ( 13%) [2463/3862 ( 64%)]  Loss: -6.062 (-5.97)  LR: 8.673e-04  Time cost: 2:16:39/1:17:35 [12:59:59/94:06:48]  Acc_iter 14050       Data time: 0.00(0.03)  Forward time: 4.02(3.30)  Batch time: 4.02(3.33)
2025-03-24 22:24:53,797   INFO  Train:    4/30 ( 13%) [2513/3862 ( 65%)]  Loss: -6.443 (-5.98)  LR: 8.711e-04  Time cost: 2:19:26/1:14:49 [13:02:46/94:04:26]  Acc_iter 14100       Data time: 0.00(0.03)  Forward time: 2.63(3.30)  Batch time: 2.63(3.33)
2025-03-24 22:24:54,984   INFO  
2025-03-24 22:25:30,665   INFO  Save latest model to /OpenPCDet/output/nuscenes_models/cbgs_voxel01_res3d_centerpoint_uncertainty/shifted_bounded_uncertainty/ckpt/latest_model
2025-03-24 22:27:35,426   INFO  Train:    4/30 ( 13%) [2563/3862 ( 66%)]  Loss: -6.334 (-5.98)  LR: 8.748e-04  Time cost: 2:22:08/1:12:00 [13:05:28/93:58:30]  Acc_iter 14150       Data time: 0.00(0.03)  Forward time: 2.59(3.30)  Batch time: 2.59(3.33)
2025-03-24 22:30:19,440   INFO  Train:    4/30 ( 13%) [2613/3862 ( 68%)]  Loss: -6.212 (-5.98)  LR: 8.785e-04  Time cost: 2:24:52/1:09:13 [13:08:12/93:54:15]  Acc_iter 14200       Data time: 0.00(0.03)  Forward time: 3.36(3.30)  Batch time: 3.36(3.33)
2025-03-24 22:30:30,465   INFO  Save latest model to /OpenPCDet/output/nuscenes_models/cbgs_voxel01_res3d_centerpoint_uncertainty/shifted_bounded_uncertainty/ckpt/latest_model
2025-03-24 22:33:05,016   INFO  Train:    4/30 ( 13%) [2663/3862 ( 69%)]  Loss: -6.336 (-5.99)  LR: 8.823e-04  Time cost: 2:27:37/1:06:26 [13:10:58/93:51:02]  Acc_iter 14250       Data time: 0.00(0.03)  Forward time: 3.08(3.30)  Batch time: 3.09(3.33)
2025-03-24 22:33:06,073   INFO  
2025-03-24 22:35:29,757   INFO  Save latest model to /OpenPCDet/output/nuscenes_models/cbgs_voxel01_res3d_centerpoint_uncertainty/shifted_bounded_uncertainty/ckpt/latest_model
2025-03-24 22:35:56,136   INFO  Train:    4/30 ( 13%) [2713/3862 ( 70%)]  Loss: -6.397 (-5.99)  LR: 8.861e-04  Time cost: 2:30:29/1:03:42 [13:13:49/93:51:18]  Acc_iter 14300       Data time: 0.00(0.03)  Forward time: 3.36(3.30)  Batch time: 3.36(3.33)
2025-03-24 22:38:46,706   INFO  Train:    4/30 ( 13%) [2763/3862 ( 72%)]  Loss: -5.324 (-5.99)  LR: 8.899e-04  Time cost: 2:33:19/1:00:57 [13:16:39/93:51:07]  Acc_iter 14350       Data time: 0.00(0.03)  Forward time: 3.13(3.30)  Batch time: 3.13(3.33)
2025-03-24 22:40:28,502   INFO  Save latest model to /OpenPCDet/output/nuscenes_models/cbgs_voxel01_res3d_centerpoint_uncertainty/shifted_bounded_uncertainty/ckpt/latest_model
2025-03-24 22:41:36,900   INFO  Train:    4/30 ( 13%) [2813/3862 ( 73%)]  Loss: -6.510 (-6.00)  LR: 8.936e-04  Time cost: 2:36:09/58:12 [13:19:30/93:50:37]  Acc_iter 14400       Data time: 0.01(0.02)  Forward time: 3.09(3.30)  Batch time: 3.09(3.33)
2025-03-24 22:41:38,117   INFO  
2025-03-24 22:44:23,448   INFO  Train:    4/30 ( 13%) [2863/3862 ( 74%)]  Loss: -7.009 (-6.00)  LR: 8.974e-04  Time cost: 2:38:56/55:26 [13:22:16/93:47:52]  Acc_iter 14450       Data time: 0.00(0.03)  Forward time: 2.99(3.30)  Batch time: 2.99(3.33)
2025-03-24 22:45:30,429   INFO  Save latest model to /OpenPCDet/output/nuscenes_models/cbgs_voxel01_res3d_centerpoint_uncertainty/shifted_bounded_uncertainty/ckpt/latest_model
2025-03-24 22:47:12,335   INFO  Train:    4/30 ( 13%) [2913/3862 ( 75%)]  Loss: -6.198 (-6.00)  LR: 9.012e-04  Time cost: 2:41:45/52:40 [13:25:05/93:46:29]  Acc_iter 14500       Data time: 0.01(0.02)  Forward time: 4.70(3.31)  Batch time: 4.71(3.33)
2025-03-24 22:49:55,905   INFO  Train:    4/30 ( 13%) [2963/3862 ( 77%)]  Loss: -5.695 (-6.01)  LR: 9.050e-04  Time cost: 2:44:28/49:53 [13:27:49/93:42:02]  Acc_iter 14550       Data time: 0.00(0.02)  Forward time: 2.85(3.31)  Batch time: 2.85(3.33)
2025-03-24 22:49:57,013   INFO  
2025-03-24 22:50:28,712   INFO  Save latest model to /OpenPCDet/output/nuscenes_models/cbgs_voxel01_res3d_centerpoint_uncertainty/shifted_bounded_uncertainty/ckpt/latest_model
2025-03-24 22:52:43,295   INFO  Train:    4/30 ( 13%) [3013/3862 ( 78%)]  Loss: -6.082 (-6.01)  LR: 9.089e-04  Time cost: 2:47:16/47:07 [13:30:36/93:39:46]  Acc_iter 14600       Data time: 0.00(0.02)  Forward time: 3.37(3.31)  Batch time: 3.37(3.33)
2025-03-24 22:55:26,728   INFO  Train:    4/30 ( 13%) [3063/3862 ( 79%)]  Loss: -6.124 (-6.01)  LR: 9.127e-04  Time cost: 2:49:59/44:19 [13:33:19/93:35:18]  Acc_iter 14650       Data time: 0.00(0.02)  Forward time: 2.88(3.30)  Batch time: 2.88(3.33)
2025-03-24 22:55:31,024   INFO  Save latest model to /OpenPCDet/output/nuscenes_models/cbgs_voxel01_res3d_centerpoint_uncertainty/shifted_bounded_uncertainty/ckpt/latest_model
2025-03-24 22:58:17,305   INFO  Train:    4/30 ( 13%) [3113/3862 ( 81%)]  Loss: -6.178 (-6.02)  LR: 9.165e-04  Time cost: 2:52:50/41:34 [13:36:10/93:34:46]  Acc_iter 14700       Data time: 0.01(0.02)  Forward time: 3.52(3.31)  Batch time: 3.53(3.33)
2025-03-24 22:58:18,357   INFO  
2025-03-24 23:00:29,180   INFO  Save latest model to /OpenPCDet/output/nuscenes_models/cbgs_voxel01_res3d_centerpoint_uncertainty/shifted_bounded_uncertainty/ckpt/latest_model
2025-03-24 23:01:08,387   INFO  Train:    4/30 ( 13%) [3163/3862 ( 82%)]  Loss: -6.219 (-6.02)  LR: 9.204e-04  Time cost: 2:55:41/38:48 [13:39:01/93:34:26]  Acc_iter 14750       Data time: 0.00(0.02)  Forward time: 3.53(3.31)  Batch time: 3.53(3.33)
2025-03-24 23:03:54,055   INFO  Train:    4/30 ( 13%) [3213/3862 ( 83%)]  Loss: -6.291 (-6.02)  LR: 9.242e-04  Time cost: 2:58:27/36:02 [13:41:47/93:31:10]  Acc_iter 14800       Data time: 0.00(0.02)  Forward time: 3.72(3.31)  Batch time: 3.72(3.33)
2025-03-24 23:05:29,601   INFO  Save latest model to /OpenPCDet/output/nuscenes_models/cbgs_voxel01_res3d_centerpoint_uncertainty/shifted_bounded_uncertainty/ckpt/latest_model
2025-03-24 23:06:40,703   INFO  Train:    4/30 ( 13%) [3263/3862 ( 84%)]  Loss: -6.342 (-6.03)  LR: 9.281e-04  Time cost: 3:01:13/33:15 [13:44:33/93:28:26]  Acc_iter 14850       Data time: 0.00(0.02)  Forward time: 3.42(3.31)  Batch time: 3.43(3.33)
2025-03-24 23:06:41,776   INFO  
2025-03-24 23:09:29,379   INFO  Train:    4/30 ( 13%) [3313/3862 ( 86%)]  Loss: -7.167 (-6.03)  LR: 9.320e-04  Time cost: 3:04:02/30:29 [13:47:22/93:26:44]  Acc_iter 14900       Data time: 0.01(0.02)  Forward time: 3.06(3.31)  Batch time: 3.07(3.33)
2025-03-24 23:10:30,265   INFO  Save latest model to /OpenPCDet/output/nuscenes_models/cbgs_voxel01_res3d_centerpoint_uncertainty/shifted_bounded_uncertainty/ckpt/latest_model
2025-03-24 23:12:12,664   INFO  Train:    4/30 ( 13%) [3363/3862 ( 87%)]  Loss: -6.078 (-6.04)  LR: 9.358e-04  Time cost: 3:06:45/27:42 [13:50:05/93:22:18]  Acc_iter 14950       Data time: 0.00(0.02)  Forward time: 2.65(3.31)  Batch time: 2.65(3.33)
2025-03-24 23:14:55,566   INFO  Train:    4/30 ( 13%) [3413/3862 ( 88%)]  Loss: -5.964 (-6.04)  LR: 9.397e-04  Time cost: 3:09:28/24:55 [13:52:48/93:17:43]  Acc_iter 15000       Data time: 0.00(0.02)  Forward time: 2.84(3.31)  Batch time: 2.84(3.33)
2025-03-24 23:14:56,656   INFO  
2025-03-24 23:15:29,300   INFO  Save latest model to /OpenPCDet/output/nuscenes_models/cbgs_voxel01_res3d_centerpoint_uncertainty/shifted_bounded_uncertainty/ckpt/latest_model
2025-03-24 23:17:38,816   INFO  Train:    4/30 ( 13%) [3463/3862 ( 90%)]  Loss: -6.369 (-6.04)  LR: 9.436e-04  Time cost: 3:12:11/22:08 [13:55:31/93:13:22]  Acc_iter 15050       Data time: 0.00(0.02)  Forward time: 3.47(3.31)  Batch time: 3.48(3.33)
2025-03-24 23:20:28,201   INFO  Train:    4/30 ( 13%) [3513/3862 ( 91%)]  Loss: -7.689 (-6.05)  LR: 9.475e-04  Time cost: 3:15:01/19:22 [13:58:21/93:12:00]  Acc_iter 15100       Data time: 0.00(0.02)  Forward time: 2.63(3.31)  Batch time: 2.63(3.33)
2025-03-24 23:20:28,552   INFO  Save latest model to /OpenPCDet/output/nuscenes_models/cbgs_voxel01_res3d_centerpoint_uncertainty/shifted_bounded_uncertainty/ckpt/latest_model
2025-03-24 23:23:18,900   INFO  Train:    4/30 ( 13%) [3563/3862 ( 92%)]  Loss: -6.180 (-6.05)  LR: 9.514e-04  Time cost: 3:17:51/16:35 [14:01:12/93:11:12]  Acc_iter 15150       Data time: 0.00(0.02)  Forward time: 3.07(3.31)  Batch time: 3.08(3.33)
2025-03-24 23:23:19,947   INFO  
2025-03-24 23:25:29,254   INFO  Save latest model to /OpenPCDet/output/nuscenes_models/cbgs_voxel01_res3d_centerpoint_uncertainty/shifted_bounded_uncertainty/ckpt/latest_model
2025-03-24 23:26:07,582   INFO  Train:    4/30 ( 13%) [3613/3862 ( 94%)]  Loss: -6.107 (-6.05)  LR: 9.554e-04  Time cost: 3:20:40/13:49 [14:04:00/93:09:25]  Acc_iter 15200       Data time: 0.01(0.02)  Forward time: 3.28(3.31)  Batch time: 3.28(3.33)
2025-03-24 23:28:52,336   INFO  Train:    4/30 ( 13%) [3663/3862 ( 95%)]  Loss: -5.706 (-6.06)  LR: 9.593e-04  Time cost: 3:23:25/11:02 [14:06:45/93:05:48]  Acc_iter 15250       Data time: 0.00(0.02)  Forward time: 3.72(3.31)  Batch time: 3.72(3.33)
2025-03-24 23:30:27,563   INFO  Save latest model to /OpenPCDet/output/nuscenes_models/cbgs_voxel01_res3d_centerpoint_uncertainty/shifted_bounded_uncertainty/ckpt/latest_model
2025-03-24 23:31:28,594   INFO  Train:    4/30 ( 13%) [3713/3862 ( 96%)]  Loss: -5.973 (-6.06)  LR: 9.632e-04  Time cost: 3:26:01/08:15 [14:09:21/92:58:23]  Acc_iter 15300       Data time: 0.00(0.02)  Forward time: 2.34(3.31)  Batch time: 2.34(3.33)
2025-03-24 23:31:29,544   INFO  
2025-03-24 23:34:06,360   INFO  Train:    4/30 ( 13%) [3763/3862 ( 97%)]  Loss: -6.371 (-6.06)  LR: 9.672e-04  Time cost: 3:28:39/05:29 [14:11:59/92:51:46]  Acc_iter 15350       Data time: 0.00(0.02)  Forward time: 2.81(3.30)  Batch time: 2.82(3.33)
2025-03-24 23:35:27,971   INFO  Save latest model to /OpenPCDet/output/nuscenes_models/cbgs_voxel01_res3d_centerpoint_uncertainty/shifted_bounded_uncertainty/ckpt/latest_model
2025-03-24 23:36:43,050   INFO  Train:    4/30 ( 13%) [3813/3862 ( 99%)]  Loss: -6.018 (-6.06)  LR: 9.711e-04  Time cost: 3:31:15/02:42 [14:14:36/92:44:46]  Acc_iter 15400       Data time: 0.00(0.02)  Forward time: 3.57(3.30)  Batch time: 3.57(3.32)
2025-03-24 23:39:04,234   INFO  Train:    4/30 ( 13%) [3861/3862 (100%)]  Loss: -6.706 (-6.07)  LR: 9.749e-04  Time cost: 3:33:37/00:03 [14:16:57/92:34:09]  Acc_iter 15448       Data time: 0.00(0.02)  Forward time: 1.97(3.30)  Batch time: 1.98(3.32)
2025-03-24 23:39:24,039   INFO  Train:    5/30 ( 17%) [   0/3862 (  0%)]  Loss: -6.202 (-6.20)  LR: 9.750e-04  Time cost: 00:16/17:59:32 [14:17:17/467:48:17]  Acc_iter 15449       Data time: 13.46(13.46)  Forward time: 3.31(3.31)  Batch time: 16.77(16.77)
2025-03-24 23:39:31,193   INFO  Train:    5/30 ( 17%) [   1/3862 (  0%)]  Loss: -6.756 (-6.48)  LR: 9.751e-04  Time cost: 00:23/12:49:49 [14:17:24/333:40:16]  Acc_iter 15450       Data time: 4.03(8.74)  Forward time: 3.13(3.22)  Batch time: 7.15(11.96)
2025-03-24 23:39:32,364   INFO  
2025-03-24 23:42:23,997   INFO  Train:    5/30 ( 17%) [  51/3862 (  1%)]  Loss: -6.344 (-6.38)  LR: 9.790e-04  Time cost: 03:16/4:00:17 [14:20:17/105:28:10]  Acc_iter 15500       Data time: 0.00(0.37)  Forward time: 2.72(3.42)  Batch time: 2.72(3.78)
2025-03-24 23:44:10,025   INFO  Save latest model to /OpenPCDet/output/nuscenes_models/cbgs_voxel01_res3d_centerpoint_uncertainty/shifted_bounded_uncertainty/ckpt/latest_model
2025-03-24 23:45:11,061   INFO  Train:    5/30 ( 17%) [ 101/3862 (  3%)]  Loss: -6.728 (-6.40)  LR: 9.830e-04  Time cost: 06:03/3:43:34 [14:23:04/99:22:50]  Acc_iter 15550       Data time: 0.00(0.19)  Forward time: 3.88(3.37)  Batch time: 3.88(3.57)
2025-03-24 23:47:52,360   INFO  Train:    5/30 ( 17%) [ 151/3862 (  4%)]  Loss: -6.335 (-6.39)  LR: 9.870e-04  Time cost: 08:45/3:33:39 [14:25:45/96:12:37]  Acc_iter 15600       Data time: 0.00(0.13)  Forward time: 3.05(3.32)  Batch time: 3.06(3.45)
2025-03-24 23:47:53,342   INFO  
2025-03-24 23:49:08,437   INFO  Save latest model to /OpenPCDet/output/nuscenes_models/cbgs_voxel01_res3d_centerpoint_uncertainty/shifted_bounded_uncertainty/ckpt/latest_model
2025-03-24 23:50:39,148   INFO  Train:    5/30 ( 17%) [ 201/3862 (  5%)]  Loss: -6.462 (-6.35)  LR: 9.910e-04  Time cost: 11:31/3:28:59 [14:28:32/95:20:37]  Acc_iter 15650       Data time: 0.00(0.11)  Forward time: 2.77(3.32)  Batch time: 2.78(3.43)
2025-03-24 23:53:25,439   INFO  Train:    5/30 ( 17%) [ 251/3862 (  6%)]  Loss: -6.618 (-6.37)  LR: 9.950e-04  Time cost: 14:18/3:24:57 [14:31:18/94:44:52]  Acc_iter 15700       Data time: 0.00(0.09)  Forward time: 4.42(3.32)  Batch time: 4.42(3.41)
2025-03-24 23:54:08,811   INFO  Save latest model to /OpenPCDet/output/nuscenes_models/cbgs_voxel01_res3d_centerpoint_uncertainty/shifted_bounded_uncertainty/ckpt/latest_model
2025-03-24 23:56:09,999   INFO  Train:    5/30 ( 17%) [ 301/3862 (  8%)]  Loss: -7.006 (-6.39)  LR: 9.990e-04  Time cost: 17:02/3:20:59 [14:34:03/94:10:28]  Acc_iter 15750       Data time: 0.01(0.08)  Forward time: 2.93(3.31)  Batch time: 2.94(3.39)
2025-03-24 23:56:10,850   INFO  
2025-03-24 23:58:55,402   INFO  Train:    5/30 ( 17%) [ 351/3862 (  9%)]  Loss: -6.860 (-6.38)  LR: 1.003e-03  Time cost: 19:48/3:17:30 [14:36:48/93:49:04]  Acc_iter 15800       Data time: 0.00(0.07)  Forward time: 3.35(3.31)  Batch time: 3.35(3.38)
2025-03-24 23:59:07,789   INFO  Save latest model to /OpenPCDet/output/nuscenes_models/cbgs_voxel01_res3d_centerpoint_uncertainty/shifted_bounded_uncertainty/ckpt/latest_model
2025-03-25 00:01:33,526   INFO  Train:    5/30 ( 17%) [ 401/3862 ( 10%)]  Loss: -6.415 (-6.37)  LR: 1.007e-03  Time cost: 22:26/3:13:10 [14:39:26/93:02:06]  Acc_iter 15850       Data time: 0.00(0.06)  Forward time: 3.59(3.29)  Batch time: 3.60(3.35)
2025-03-25 00:04:10,448   INFO  Save latest model to /OpenPCDet/output/nuscenes_models/cbgs_voxel01_res3d_centerpoint_uncertainty/shifted_bounded_uncertainty/ckpt/latest_model
2025-03-25 00:04:20,718   INFO  Train:    5/30 ( 17%) [ 451/3862 ( 12%)]  Loss: -6.430 (-6.36)  LR: 1.011e-03  Time cost: 25:13/3:10:21 [14:42:13/92:58:23]  Acc_iter 15900       Data time: 0.00(0.06)  Forward time: 3.47(3.29)  Batch time: 3.48(3.35)
2025-03-25 00:04:21,763   INFO  
2025-03-25 00:07:01,901   INFO  Train:    5/30 ( 17%) [ 501/3862 ( 13%)]  Loss: -6.165 (-6.38)  LR: 1.015e-03  Time cost: 27:54/3:06:52 [14:44:55/92:34:55]  Acc_iter 15950       Data time: 0.00(0.05)  Forward time: 2.87(3.28)  Batch time: 2.87(3.34)
2025-03-25 00:09:08,204   INFO  Save latest model to /OpenPCDet/output/nuscenes_models/cbgs_voxel01_res3d_centerpoint_uncertainty/shifted_bounded_uncertainty/ckpt/latest_model
2025-03-25 00:09:46,438   INFO  Train:    5/30 ( 17%) [ 551/3862 ( 14%)]  Loss: -6.847 (-6.39)  LR: 1.019e-03  Time cost: 30:39/3:03:51 [14:47:39/92:25:19]  Acc_iter 16000       Data time: 0.01(0.05)  Forward time: 3.18(3.28)  Batch time: 3.19(3.33)
2025-03-25 00:12:40,671   INFO  Train:    5/30 ( 17%) [ 601/3862 ( 16%)]  Loss: -6.579 (-6.39)  LR: 1.023e-03  Time cost: 33:33/3:01:46 [14:50:33/92:43:40]  Acc_iter 16050       Data time: 0.00(0.05)  Forward time: 3.17(3.30)  Batch time: 3.18(3.34)
2025-03-25 00:12:41,682   INFO  
2025-03-25 00:14:09,682   INFO  Save latest model to /OpenPCDet/output/nuscenes_models/cbgs_voxel01_res3d_centerpoint_uncertainty/shifted_bounded_uncertainty/ckpt/latest_model
2025-03-25 00:15:33,599   INFO  Train:    5/30 ( 17%) [ 651/3862 ( 17%)]  Loss: -6.553 (-6.38)  LR: 1.027e-03  Time cost: 36:26/2:59:27 [14:53:26/92:55:25]  Acc_iter 16100       Data time: 0.01(0.04)  Forward time: 3.44(3.31)  Batch time: 3.44(3.35)
2025-03-25 00:18:26,456   INFO  Train:    5/30 ( 17%) [ 701/3862 ( 18%)]  Loss: -6.276 (-6.38)  LR: 1.031e-03  Time cost: 39:19/2:57:03 [14:56:19/93:04:55]  Acc_iter 16150       Data time: 0.01(0.04)  Forward time: 3.28(3.32)  Batch time: 3.28(3.36)
2025-03-25 00:19:07,984   INFO  Save latest model to /OpenPCDet/output/nuscenes_models/cbgs_voxel01_res3d_centerpoint_uncertainty/shifted_bounded_uncertainty/ckpt/latest_model
2025-03-25 00:21:14,474   INFO  Train:    5/30 ( 17%) [ 751/3862 ( 19%)]  Loss: -5.607 (-6.38)  LR: 1.035e-03  Time cost: 42:07/2:54:14 [14:59:07/93:02:05]  Acc_iter 16200       Data time: 0.00(0.04)  Forward time: 3.11(3.32)  Batch time: 3.12(3.36)
2025-03-25 00:21:15,540   INFO  
2025-03-25 00:24:10,215   INFO  Train:    5/30 ( 17%) [ 801/3862 ( 21%)]  Loss: -6.634 (-6.38)  LR: 1.039e-03  Time cost: 45:02/2:51:56 [15:02:03/93:15:14]  Acc_iter 16250       Data time: 0.01(0.04)  Forward time: 4.14(3.33)  Batch time: 4.15(3.37)
2025-03-25 00:24:10,564   INFO  Save latest model to /OpenPCDet/output/nuscenes_models/cbgs_voxel01_res3d_centerpoint_uncertainty/shifted_bounded_uncertainty/ckpt/latest_model
2025-03-25 00:26:51,945   INFO  Train:    5/30 ( 17%) [ 851/3862 ( 22%)]  Loss: -6.356 (-6.38)  LR: 1.044e-03  Time cost: 47:44/2:48:43 [15:04:45/92:59:13]  Acc_iter 16300       Data time: 0.00(0.04)  Forward time: 2.86(3.32)  Batch time: 2.86(3.36)
2025-03-25 00:29:08,250   INFO  Save latest model to /OpenPCDet/output/nuscenes_models/cbgs_voxel01_res3d_centerpoint_uncertainty/shifted_bounded_uncertainty/ckpt/latest_model
2025-03-25 00:29:33,201   INFO  Train:    5/30 ( 17%) [ 901/3862 ( 23%)]  Loss: -5.794 (-6.38)  LR: 1.048e-03  Time cost: 50:25/2:45:33 [15:07:26/92:43:48]  Acc_iter 16350       Data time: 0.00(0.04)  Forward time: 4.03(3.32)  Batch time: 4.03(3.35)
2025-03-25 00:29:34,186   INFO  
2025-03-25 00:32:10,929   INFO  Train:    5/30 ( 17%) [ 951/3862 ( 25%)]  Loss: -6.318 (-6.39)  LR: 1.052e-03  Time cost: 53:03/2:42:14 [15:10:04/92:23:35]  Acc_iter 16400       Data time: 0.01(0.04)  Forward time: 2.79(3.31)  Batch time: 2.80(3.34)
2025-03-25 00:34:10,406   INFO  Save latest model to /OpenPCDet/output/nuscenes_models/cbgs_voxel01_res3d_centerpoint_uncertainty/shifted_bounded_uncertainty/ckpt/latest_model
2025-03-25 00:34:45,449   INFO  Train:    5/30 ( 17%) [1001/3862 ( 26%)]  Loss: -6.313 (-6.39)  LR: 1.056e-03  Time cost: 55:38/2:38:51 [15:12:38/91:59:49]  Acc_iter 16450       Data time: 0.00(0.03)  Forward time: 3.46(3.30)  Batch time: 3.46(3.33)
2025-03-25 00:37:17,580   INFO  Train:    5/30 ( 17%) [1051/3862 ( 27%)]  Loss: -6.378 (-6.40)  LR: 1.060e-03  Time cost: 58:10/2:35:26 [15:15:10/91:34:18]  Acc_iter 16500       Data time: 0.00(0.03)  Forward time: 3.68(3.28)  Batch time: 3.68(3.32)
2025-03-25 00:37:18,532   INFO  
2025-03-25 00:39:10,870   INFO  Save latest model to /OpenPCDet/output/nuscenes_models/cbgs_voxel01_res3d_centerpoint_uncertainty/shifted_bounded_uncertainty/ckpt/latest_model
2025-03-25 00:39:56,434   INFO  Train:    5/30 ( 17%) [1101/3862 ( 29%)]  Loss: -6.846 (-6.40)  LR: 1.064e-03  Time cost: 1:00:49/2:32:22 [15:17:49/91:20:58]  Acc_iter 16550       Data time: 0.00(0.03)  Forward time: 3.28(3.28)  Batch time: 3.28(3.31)
2025-03-25 00:42:30,354   INFO  Train:    5/30 ( 17%) [1151/3862 ( 30%)]  Loss: -6.169 (-6.40)  LR: 1.068e-03  Time cost: 1:03:23/2:29:09 [15:20:23/91:01:29]  Acc_iter 16600       Data time: 0.01(0.03)  Forward time: 2.95(3.27)  Batch time: 2.95(3.30)
2025-03-25 00:44:10,559   INFO  Save latest model to /OpenPCDet/output/nuscenes_models/cbgs_voxel01_res3d_centerpoint_uncertainty/shifted_bounded_uncertainty/ckpt/latest_model
2025-03-25 00:45:17,434   INFO  Train:    5/30 ( 17%) [1201/3862 ( 31%)]  Loss: -6.111 (-6.40)  LR: 1.072e-03  Time cost: 1:06:10/2:26:29 [15:23:10/91:01:30]  Acc_iter 16650       Data time: 0.01(0.03)  Forward time: 3.51(3.27)  Batch time: 3.51(3.30)
2025-03-25 00:45:18,556   INFO  
2025-03-25 00:48:01,127   INFO  Train:    5/30 ( 17%) [1251/3862 ( 32%)]  Loss: -6.885 (-6.41)  LR: 1.076e-03  Time cost: 1:08:53/2:23:41 [15:25:54/90:56:50]  Acc_iter 16700       Data time: 0.00(0.03)  Forward time: 3.76(3.27)  Batch time: 3.76(3.30)
2025-03-25 00:49:09,489   INFO  Save latest model to /OpenPCDet/output/nuscenes_models/cbgs_voxel01_res3d_centerpoint_uncertainty/shifted_bounded_uncertainty/ckpt/latest_model
2025-03-25 00:50:42,572   INFO  Train:    5/30 ( 17%) [1301/3862 ( 34%)]  Loss: -7.501 (-6.41)  LR: 1.081e-03  Time cost: 1:11:35/2:20:48 [15:28:35/90:49:27]  Acc_iter 16750       Data time: 0.00(0.03)  Forward time: 3.79(3.27)  Batch time: 3.79(3.30)
2025-03-25 00:53:30,899   INFO  Train:    5/30 ( 17%) [1351/3862 ( 35%)]  Loss: -7.005 (-6.41)  LR: 1.085e-03  Time cost: 1:14:23/2:18:10 [15:31:24/90:50:50]  Acc_iter 16800       Data time: 0.01(0.03)  Forward time: 3.57(3.27)  Batch time: 3.57(3.30)
2025-03-25 00:53:31,973   INFO  
2025-03-25 00:54:09,616   INFO  Save latest model to /OpenPCDet/output/nuscenes_models/cbgs_voxel01_res3d_centerpoint_uncertainty/shifted_bounded_uncertainty/ckpt/latest_model
2025-03-25 00:56:17,956   INFO  Train:    5/30 ( 17%) [1401/3862 ( 36%)]  Loss: -5.722 (-6.41)  LR: 1.089e-03  Time cost: 1:17:10/2:15:28 [15:34:11/90:50:25]  Acc_iter 16850       Data time: 0.00(0.03)  Forward time: 2.55(3.27)  Batch time: 2.55(3.30)
2025-03-25 00:59:09,299   INFO  Train:    5/30 ( 17%) [1451/3862 ( 38%)]  Loss: -6.623 (-6.42)  LR: 1.093e-03  Time cost: 1:20:02/2:12:53 [15:37:02/90:54:42]  Acc_iter 16900       Data time: 0.00(0.03)  Forward time: 3.85(3.28)  Batch time: 3.86(3.31)
2025-03-25 00:59:09,812   INFO  Save latest model to /OpenPCDet/output/nuscenes_models/cbgs_voxel01_res3d_centerpoint_uncertainty/shifted_bounded_uncertainty/ckpt/latest_model
2025-03-25 01:02:01,118   INFO  Train:    5/30 ( 17%) [1501/3862 ( 39%)]  Loss: -6.575 (-6.42)  LR: 1.097e-03  Time cost: 1:22:53/2:10:18 [15:39:54/90:59:02]  Acc_iter 16950       Data time: 0.00(0.03)  Forward time: 3.15(3.28)  Batch time: 3.16(3.31)
2025-03-25 01:02:02,277   INFO  
2025-03-25 01:04:09,527   INFO  Save latest model to /OpenPCDet/output/nuscenes_models/cbgs_voxel01_res3d_centerpoint_uncertainty/shifted_bounded_uncertainty/ckpt/latest_model
2025-03-25 01:04:49,805   INFO  Train:    5/30 ( 17%) [1551/3862 ( 40%)]  Loss: -6.636 (-6.42)  LR: 1.101e-03  Time cost: 1:25:42/2:07:37 [15:42:42/90:59:34]  Acc_iter 17000       Data time: 0.00(0.03)  Forward time: 3.87(3.28)  Batch time: 3.88(3.31)
2025-03-25 01:07:39,596   INFO  Train:    5/30 ( 17%) [1601/3862 ( 41%)]  Loss: -6.676 (-6.43)  LR: 1.106e-03  Time cost: 1:28:32/2:04:57 [15:45:32/91:01:03]  Acc_iter 17050       Data time: 0.00(0.03)  Forward time: 3.68(3.29)  Batch time: 3.68(3.32)
2025-03-25 01:09:08,982   INFO  Save latest model to /OpenPCDet/output/nuscenes_models/cbgs_voxel01_res3d_centerpoint_uncertainty/shifted_bounded_uncertainty/ckpt/latest_model
2025-03-25 01:10:24,216   INFO  Train:    5/30 ( 17%) [1651/3862 ( 43%)]  Loss: -5.988 (-6.43)  LR: 1.110e-03  Time cost: 1:31:16/2:02:10 [15:48:17/90:57:06]  Acc_iter 17100       Data time: 0.00(0.03)  Forward time: 3.41(3.29)  Batch time: 3.41(3.32)
2025-03-25 01:10:25,390   INFO  
2025-03-25 01:13:06,643   INFO  Train:    5/30 ( 17%) [1701/3862 ( 44%)]  Loss: -6.755 (-6.37)  LR: 1.114e-03  Time cost: 1:33:59/1:59:20 [15:50:59/90:51:07]  Acc_iter 17150       Data time: 0.00(0.03)  Forward time: 3.36(3.29)  Batch time: 3.36(3.31)
2025-03-25 01:14:09,856   INFO  Save latest model to /OpenPCDet/output/nuscenes_models/cbgs_voxel01_res3d_centerpoint_uncertainty/shifted_bounded_uncertainty/ckpt/latest_model
2025-03-25 01:15:54,637   INFO  Train:    5/30 ( 17%) [1751/3862 ( 45%)]  Loss: -6.523 (-6.37)  LR: 1.118e-03  Time cost: 1:36:47/1:56:37 [15:53:47/90:50:32]  Acc_iter 17200       Data time: 0.00(0.03)  Forward time: 3.67(3.29)  Batch time: 3.67(3.31)
2025-03-25 01:18:43,596   INFO  Train:    5/30 ( 17%) [1801/3862 ( 47%)]  Loss: -7.022 (-6.38)  LR: 1.122e-03  Time cost: 1:39:36/1:53:55 [15:56:36/90:50:43]  Acc_iter 17250       Data time: 0.00(0.03)  Forward time: 2.96(3.29)  Batch time: 2.97(3.32)
2025-03-25 01:18:44,810   INFO  
2025-03-25 01:19:08,441   INFO  Save latest model to /OpenPCDet/output/nuscenes_models/cbgs_voxel01_res3d_centerpoint_uncertainty/shifted_bounded_uncertainty/ckpt/latest_model
2025-03-25 01:21:34,519   INFO  Train:    5/30 ( 17%) [1851/3862 ( 48%)]  Loss: -6.738 (-6.38)  LR: 1.127e-03  Time cost: 1:42:27/1:51:15 [15:59:27/90:52:28]  Acc_iter 17300       Data time: 0.01(0.03)  Forward time: 3.74(3.29)  Batch time: 3.75(3.32)
2025-03-25 01:24:10,229   INFO  Save latest model to /OpenPCDet/output/nuscenes_models/cbgs_voxel01_res3d_centerpoint_uncertainty/shifted_bounded_uncertainty/ckpt/latest_model
2025-03-25 01:24:22,669   INFO  Train:    5/30 ( 17%) [1901/3862 ( 49%)]  Loss: -7.018 (-6.39)  LR: 1.131e-03  Time cost: 1:45:15/1:48:31 [16:02:15/90:51:35]  Acc_iter 17350       Data time: 0.01(0.03)  Forward time: 3.58(3.29)  Batch time: 3.59(3.32)
2025-03-25 01:27:08,454   INFO  Train:    5/30 ( 17%) [1951/3862 ( 51%)]  Loss: -6.136 (-6.40)  LR: 1.135e-03  Time cost: 1:48:01/1:45:45 [16:05:01/90:48:38]  Acc_iter 17400       Data time: 0.01(0.03)  Forward time: 3.50(3.29)  Batch time: 3.51(3.32)
2025-03-25 01:27:09,665   INFO  
2025-03-25 01:29:10,091   INFO  Save latest model to /OpenPCDet/output/nuscenes_models/cbgs_voxel01_res3d_centerpoint_uncertainty/shifted_bounded_uncertainty/ckpt/latest_model
2025-03-25 01:29:54,585   INFO  Train:    5/30 ( 17%) [2001/3862 ( 52%)]  Loss: -6.872 (-6.40)  LR: 1.139e-03  Time cost: 1:50:47/1:42:59 [16:07:47/90:45:57]  Acc_iter 17450       Data time: 0.01(0.03)  Forward time: 3.82(3.29)  Batch time: 3.83(3.32)
2025-03-25 01:32:32,915   INFO  Train:    5/30 ( 17%) [2051/3862 ( 53%)]  Loss: -6.449 (-6.40)  LR: 1.144e-03  Time cost: 1:53:25/1:40:06 [16:10:26/90:37:03]  Acc_iter 17500       Data time: 0.00(0.03)  Forward time: 3.21(3.29)  Batch time: 3.22(3.32)
2025-03-25 01:34:09,808   INFO  Save latest model to /OpenPCDet/output/nuscenes_models/cbgs_voxel01_res3d_centerpoint_uncertainty/shifted_bounded_uncertainty/ckpt/latest_model
2025-03-25 01:35:15,673   INFO  Train:    5/30 ( 17%) [2101/3862 ( 54%)]  Loss: -5.758 (-6.41)  LR: 1.148e-03  Time cost: 1:56:08/1:37:17 [16:13:08/90:31:53]  Acc_iter 17550       Data time: 0.00(0.03)  Forward time: 2.87(3.29)  Batch time: 2.87(3.32)
2025-03-25 01:35:16,652   INFO  
2025-03-25 01:38:01,457   INFO  Train:    5/30 ( 17%) [2151/3862 ( 56%)]  Loss: -6.606 (-6.41)  LR: 1.152e-03  Time cost: 1:58:54/1:34:32 [16:15:54/90:29:09]  Acc_iter 17600       Data time: 0.00(0.03)  Forward time: 3.62(3.29)  Batch time: 3.63(3.32)
2025-03-25 01:39:08,313   INFO  Save latest model to /OpenPCDet/output/nuscenes_models/cbgs_voxel01_res3d_centerpoint_uncertainty/shifted_bounded_uncertainty/ckpt/latest_model
2025-03-25 01:40:50,338   INFO  Train:    5/30 ( 17%) [2201/3862 ( 57%)]  Loss: -6.686 (-6.41)  LR: 1.156e-03  Time cost: 2:01:43/1:31:48 [16:18:43/90:28:42]  Acc_iter 17650       Data time: 0.00(0.03)  Forward time: 3.14(3.29)  Batch time: 3.14(3.32)
2025-03-25 01:43:39,083   INFO  Train:    5/30 ( 17%) [2251/3862 ( 58%)]  Loss: -6.991 (-6.42)  LR: 1.161e-03  Time cost: 2:04:31/1:29:05 [16:21:32/90:28:04]  Acc_iter 17700       Data time: 0.01(0.03)  Forward time: 3.54(3.29)  Batch time: 3.54(3.32)
2025-03-25 01:43:40,139   INFO  
2025-03-25 01:44:08,274   INFO  Save latest model to /OpenPCDet/output/nuscenes_models/cbgs_voxel01_res3d_centerpoint_uncertainty/shifted_bounded_uncertainty/ckpt/latest_model
2025-03-25 01:46:30,557   INFO  Train:    5/30 ( 17%) [2301/3862 ( 60%)]  Loss: -6.379 (-6.42)  LR: 1.165e-03  Time cost: 2:07:23/1:26:22 [16:24:23/90:29:16]  Acc_iter 17750       Data time: 0.00(0.03)  Forward time: 3.77(3.29)  Batch time: 3.78(3.32)
2025-03-25 01:49:10,223   INFO  Save latest model to /OpenPCDet/output/nuscenes_models/cbgs_voxel01_res3d_centerpoint_uncertainty/shifted_bounded_uncertainty/ckpt/latest_model
2025-03-25 01:49:19,481   INFO  Train:    5/30 ( 17%) [2351/3862 ( 61%)]  Loss: -6.587 (-6.43)  LR: 1.169e-03  Time cost: 2:10:12/1:23:38 [16:27:12/90:28:31]  Acc_iter 17800       Data time: 0.01(0.03)  Forward time: 3.12(3.30)  Batch time: 3.13(3.32)
2025-03-25 01:52:02,371   INFO  Train:    5/30 ( 17%) [2401/3862 ( 62%)]  Loss: -6.827 (-6.43)  LR: 1.173e-03  Time cost: 2:12:55/1:20:50 [16:29:55/90:23:35]  Acc_iter 17850       Data time: 0.00(0.02)  Forward time: 3.87(3.30)  Batch time: 3.87(3.32)
2025-03-25 01:52:03,334   INFO  
2025-03-25 01:54:11,349   INFO  Save latest model to /OpenPCDet/output/nuscenes_models/cbgs_voxel01_res3d_centerpoint_uncertainty/shifted_bounded_uncertainty/ckpt/latest_model
2025-03-25 01:54:49,672   INFO  Train:    5/30 ( 17%) [2451/3862 ( 63%)]  Loss: -5.941 (-6.43)  LR: 1.178e-03  Time cost: 2:15:42/1:18:05 [16:32:42/90:21:41]  Acc_iter 17900       Data time: 0.00(0.03)  Forward time: 2.93(3.30)  Batch time: 2.93(3.32)
2025-03-25 01:57:40,883   INFO  Train:    5/30 ( 17%) [2501/3862 ( 65%)]  Loss: -6.522 (-6.43)  LR: 1.182e-03  Time cost: 2:18:33/1:15:22 [16:35:34/90:22:17]  Acc_iter 17950       Data time: 0.00(0.02)  Forward time: 2.54(3.30)  Batch time: 2.54(3.32)
2025-03-25 01:59:08,885   INFO  Save latest model to /OpenPCDet/output/nuscenes_models/cbgs_voxel01_res3d_centerpoint_uncertainty/shifted_bounded_uncertainty/ckpt/latest_model
2025-03-25 02:00:21,876   INFO  Train:    5/30 ( 17%) [2551/3862 ( 66%)]  Loss: -6.793 (-6.43)  LR: 1.186e-03  Time cost: 2:21:14/1:12:33 [16:38:15/90:16:14]  Acc_iter 18000       Data time: 0.00(0.02)  Forward time: 2.89(3.30)  Batch time: 2.89(3.32)
2025-03-25 02:00:22,842   INFO  
2025-03-25 02:03:04,845   INFO  Train:    5/30 ( 17%) [2601/3862 ( 67%)]  Loss: -6.662 (-6.44)  LR: 1.191e-03  Time cost: 2:23:57/1:09:46 [16:40:57/90:11:32]  Acc_iter 18050       Data time: 0.00(0.02)  Forward time: 3.33(3.30)  Batch time: 3.33(3.32)
2025-03-25 02:04:08,319   INFO  Save latest model to /OpenPCDet/output/nuscenes_models/cbgs_voxel01_res3d_centerpoint_uncertainty/shifted_bounded_uncertainty/ckpt/latest_model
2025-03-25 02:05:46,809   INFO  Train:    5/30 ( 17%) [2651/3862 ( 69%)]  Loss: -6.635 (-6.43)  LR: 1.195e-03  Time cost: 2:26:39/1:06:58 [16:43:39/90:06:18]  Acc_iter 18100       Data time: 0.00(0.02)  Forward time: 3.25(3.29)  Batch time: 3.25(3.32)
2025-03-25 02:08:27,526   INFO  Train:    5/30 ( 17%) [2701/3862 ( 70%)]  Loss: -6.763 (-6.43)  LR: 1.199e-03  Time cost: 2:29:20/1:04:10 [16:46:20/90:00:25]  Acc_iter 18150       Data time: 0.00(0.02)  Forward time: 3.14(3.29)  Batch time: 3.15(3.32)
2025-03-25 02:08:28,660   INFO  
2025-03-25 02:09:09,592   INFO  Save latest model to /OpenPCDet/output/nuscenes_models/cbgs_voxel01_res3d_centerpoint_uncertainty/shifted_bounded_uncertainty/ckpt/latest_model
2025-03-25 02:11:17,213   INFO  Train:    5/30 ( 17%) [2751/3862 ( 71%)]  Loss: -7.283 (-6.44)  LR: 1.203e-03  Time cost: 2:32:09/1:01:25 [16:49:10/89:59:56]  Acc_iter 18200       Data time: 0.00(0.02)  Forward time: 3.04(3.29)  Batch time: 3.04(3.32)
2025-03-25 02:14:08,452   INFO  Train:    5/30 ( 17%) [2801/3862 ( 73%)]  Loss: -6.628 (-6.44)  LR: 1.208e-03  Time cost: 2:35:01/58:41 [16:52:01/90:00:17]  Acc_iter 18250       Data time: 0.01(0.02)  Forward time: 3.34(3.30)  Batch time: 3.35(3.32)
2025-03-25 02:14:08,796   INFO  Save latest model to /OpenPCDet/output/nuscenes_models/cbgs_voxel01_res3d_centerpoint_uncertainty/shifted_bounded_uncertainty/ckpt/latest_model
2025-03-25 02:16:47,211   INFO  Train:    5/30 ( 17%) [2851/3862 ( 74%)]  Loss: -5.863 (-6.45)  LR: 1.212e-03  Time cost: 2:37:39/55:53 [16:54:40/89:53:25]  Acc_iter 18300       Data time: 0.01(0.02)  Forward time: 3.40(3.29)  Batch time: 3.41(3.32)
2025-03-25 02:16:48,272   INFO  
2025-03-25 02:19:09,096   INFO  Save latest model to /OpenPCDet/output/nuscenes_models/cbgs_voxel01_res3d_centerpoint_uncertainty/shifted_bounded_uncertainty/ckpt/latest_model
2025-03-25 02:19:36,470   INFO  Train:    5/30 ( 17%) [2901/3862 ( 75%)]  Loss: -6.688 (-6.45)  LR: 1.216e-03  Time cost: 2:40:29/53:08 [16:57:29/89:52:33]  Acc_iter 18350       Data time: 0.01(0.02)  Forward time: 4.20(3.29)  Batch time: 4.20(3.32)
2025-03-25 02:22:19,759   INFO  Train:    5/30 ( 17%) [2951/3862 ( 76%)]  Loss: -5.987 (-6.46)  LR: 1.221e-03  Time cost: 2:43:12/50:22 [17:00:12/89:48:21]  Acc_iter 18400       Data time: 0.00(0.02)  Forward time: 3.54(3.29)  Batch time: 3.54(3.32)
2025-03-25 02:24:07,906   INFO  Save latest model to /OpenPCDet/output/nuscenes_models/cbgs_voxel01_res3d_centerpoint_uncertainty/shifted_bounded_uncertainty/ckpt/latest_model
2025-03-25 02:25:09,641   INFO  Train:    5/30 ( 17%) [3001/3862 ( 78%)]  Loss: -6.467 (-6.46)  LR: 1.225e-03  Time cost: 2:46:02/47:37 [17:03:02/89:47:46]  Acc_iter 18450       Data time: 0.00(0.02)  Forward time: 3.18(3.30)  Batch time: 3.18(3.32)
2025-03-25 02:25:10,881   INFO  
2025-03-25 02:27:58,780   INFO  Train:    5/30 ( 17%) [3051/3862 ( 79%)]  Loss: -6.543 (-6.46)  LR: 1.229e-03  Time cost: 2:48:51/44:52 [17:05:51/89:46:42]  Acc_iter 18500       Data time: 0.00(0.02)  Forward time: 4.04(3.30)  Batch time: 4.05(3.32)
2025-03-25 02:29:08,842   INFO  Save latest model to /OpenPCDet/output/nuscenes_models/cbgs_voxel01_res3d_centerpoint_uncertainty/shifted_bounded_uncertainty/ckpt/latest_model
2025-03-25 02:30:49,347   INFO  Train:    5/30 ( 17%) [3101/3862 ( 80%)]  Loss: -6.922 (-6.47)  LR: 1.234e-03  Time cost: 2:51:42/42:07 [17:08:42/89:46:20]  Acc_iter 18550       Data time: 0.01(0.02)  Forward time: 3.73(3.30)  Batch time: 3.74(3.32)
2025-03-25 02:33:34,027   INFO  Train:    5/30 ( 17%) [3151/3862 ( 82%)]  Loss: -7.136 (-6.47)  LR: 1.238e-03  Time cost: 2:54:26/39:20 [17:11:27/89:42:51]  Acc_iter 18600       Data time: 0.00(0.02)  Forward time: 2.54(3.30)  Batch time: 2.54(3.32)
2025-03-25 02:33:35,117   INFO  
2025-03-25 02:34:08,394   INFO  Save latest model to /OpenPCDet/output/nuscenes_models/cbgs_voxel01_res3d_centerpoint_uncertainty/shifted_bounded_uncertainty/ckpt/latest_model
2025-03-25 02:36:24,499   INFO  Train:    5/30 ( 17%) [3201/3862 ( 83%)]  Loss: -6.566 (-6.48)  LR: 1.243e-03  Time cost: 2:57:17/36:35 [17:14:17/89:42:20]  Acc_iter 18650       Data time: 0.00(0.02)  Forward time: 3.55(3.30)  Batch time: 3.56(3.32)
2025-03-25 02:39:05,762   INFO  Train:    5/30 ( 17%) [3251/3862 ( 84%)]  Loss: -6.275 (-6.48)  LR: 1.247e-03  Time cost: 2:59:58/33:48 [17:16:58/89:37:09]  Acc_iter 18700       Data time: 0.00(0.02)  Forward time: 3.56(3.30)  Batch time: 3.56(3.32)
2025-03-25 02:39:09,785   INFO  Save latest model to /OpenPCDet/output/nuscenes_models/cbgs_voxel01_res3d_centerpoint_uncertainty/shifted_bounded_uncertainty/ckpt/latest_model
2025-03-25 02:41:51,300   INFO  Train:    5/30 ( 17%) [3301/3862 ( 85%)]  Loss: -6.831 (-6.48)  LR: 1.251e-03  Time cost: 3:02:44/31:02 [17:19:44/89:34:09]  Acc_iter 18750       Data time: 0.02(0.02)  Forward time: 3.30(3.30)  Batch time: 3.33(3.32)
2025-03-25 02:41:52,239   INFO  
2025-03-25 02:44:08,801   INFO  Save latest model to /OpenPCDet/output/nuscenes_models/cbgs_voxel01_res3d_centerpoint_uncertainty/shifted_bounded_uncertainty/ckpt/latest_model
2025-03-25 02:44:34,600   INFO  Train:    5/30 ( 17%) [3351/3862 ( 87%)]  Loss: -6.804 (-6.48)  LR: 1.256e-03  Time cost: 3:05:27/28:16 [17:22:27/89:30:04]  Acc_iter 18800       Data time: 0.00(0.02)  Forward time: 2.73(3.30)  Batch time: 2.74(3.32)
2025-03-25 02:47:25,019   INFO  Train:    5/30 ( 17%) [3401/3862 ( 88%)]  Loss: -7.281 (-6.49)  LR: 1.260e-03  Time cost: 3:08:17/25:30 [17:25:18/89:29:25]  Acc_iter 18850       Data time: 0.00(0.02)  Forward time: 3.34(3.30)  Batch time: 3.34(3.32)
2025-03-25 02:49:08,010   INFO  Save latest model to /OpenPCDet/output/nuscenes_models/cbgs_voxel01_res3d_centerpoint_uncertainty/shifted_bounded_uncertainty/ckpt/latest_model
2025-03-25 02:50:05,526   INFO  Train:    5/30 ( 17%) [3451/3862 ( 89%)]  Loss: -6.490 (-6.49)  LR: 1.264e-03  Time cost: 3:10:58/22:44 [17:27:58/89:24:03]  Acc_iter 18900       Data time: 0.00(0.02)  Forward time: 3.25(3.30)  Batch time: 3.26(3.32)
2025-03-25 02:50:06,844   INFO  
2025-03-25 02:52:55,663   INFO  Train:    5/30 ( 17%) [3501/3862 ( 91%)]  Loss: -6.575 (-6.49)  LR: 1.269e-03  Time cost: 3:13:48/19:58 [17:30:48/89:23:13]  Acc_iter 18950       Data time: 0.00(0.02)  Forward time: 3.11(3.30)  Batch time: 3.12(3.32)
2025-03-25 02:54:10,911   INFO  Save latest model to /OpenPCDet/output/nuscenes_models/cbgs_voxel01_res3d_centerpoint_uncertainty/shifted_bounded_uncertainty/ckpt/latest_model
2025-03-25 02:55:40,130   INFO  Train:    5/30 ( 17%) [3551/3862 ( 92%)]  Loss: -7.176 (-6.50)  LR: 1.273e-03  Time cost: 3:16:32/17:12 [17:33:33/89:19:44]  Acc_iter 19000       Data time: 0.00(0.02)  Forward time: 3.53(3.30)  Batch time: 3.54(3.32)
2025-03-25 02:58:26,133   INFO  Train:    5/30 ( 17%) [3601/3862 ( 93%)]  Loss: -7.160 (-6.50)  LR: 1.278e-03  Time cost: 3:19:18/14:26 [17:36:19/89:16:58]  Acc_iter 19050       Data time: 0.00(0.02)  Forward time: 2.78(3.30)  Batch time: 2.78(3.32)
2025-03-25 02:58:27,183   INFO  
2025-03-25 02:59:11,316   INFO  Save latest model to /OpenPCDet/output/nuscenes_models/cbgs_voxel01_res3d_centerpoint_uncertainty/shifted_bounded_uncertainty/ckpt/latest_model
2025-03-25 03:01:14,174   INFO  Train:    5/30 ( 17%) [3651/3862 ( 95%)]  Loss: -6.241 (-6.50)  LR: 1.282e-03  Time cost: 3:22:06/11:40 [17:39:07/89:15:06]  Acc_iter 19100       Data time: 0.00(0.02)  Forward time: 3.10(3.30)  Batch time: 3.10(3.32)
2025-03-25 03:04:03,057   INFO  Train:    5/30 ( 17%) [3701/3862 ( 96%)]  Loss: -6.539 (-6.50)  LR: 1.286e-03  Time cost: 3:24:55/08:54 [17:41:56/89:13:35]  Acc_iter 19150       Data time: 0.00(0.02)  Forward time: 3.65(3.30)  Batch time: 3.66(3.32)
2025-03-25 03:04:10,288   INFO  Save latest model to /OpenPCDet/output/nuscenes_models/cbgs_voxel01_res3d_centerpoint_uncertainty/shifted_bounded_uncertainty/ckpt/latest_model
2025-03-25 03:06:44,303   INFO  Train:    5/30 ( 17%) [3751/3862 ( 97%)]  Loss: -7.035 (-6.51)  LR: 1.291e-03  Time cost: 3:27:37/06:08 [17:44:37/89:08:44]  Acc_iter 19200       Data time: 0.00(0.02)  Forward time: 2.99(3.30)  Batch time: 2.99(3.32)
2025-03-25 03:06:45,222   INFO  
2025-03-25 03:09:09,281   INFO  Save latest model to /OpenPCDet/output/nuscenes_models/cbgs_voxel01_res3d_centerpoint_uncertainty/shifted_bounded_uncertainty/ckpt/latest_model
2025-03-25 03:09:30,729   INFO  Train:    5/30 ( 17%) [3801/3862 ( 98%)]  Loss: -6.398 (-6.51)  LR: 1.295e-03  Time cost: 3:30:23/03:22 [17:47:23/89:06:09]  Acc_iter 19250       Data time: 0.00(0.02)  Forward time: 3.13(3.30)  Batch time: 3.13(3.32)
2025-03-25 03:12:08,080   INFO  Train:    5/30 ( 17%) [3851/3862 (100%)]  Loss: -7.080 (-6.51)  LR: 1.300e-03  Time cost: 3:33:00/00:36 [17:50:01/88:59:46]  Acc_iter 19300       Data time: 0.00(0.02)  Forward time: 3.33(3.30)  Batch time: 3.33(3.32)
2025-03-25 03:12:34,972   INFO  Train:    5/30 ( 17%) [3861/3862 (100%)]  Loss: -6.885 (-6.52)  LR: 1.301e-03  Time cost: 3:33:27/00:03 [17:50:28/88:56:35]  Acc_iter 19310       Data time: 0.00(0.02)  Forward time: 2.22(3.29)  Batch time: 2.22(3.32)
2025-03-25 03:13:01,259   INFO  Train:    6/30 ( 20%) [   0/3862 (  0%)]  Loss: -6.469 (-6.47)  LR: 1.301e-03  Time cost: 00:23/24:49:54 [17:50:54/620:47:32]  Acc_iter 19311       Data time: 19.93(19.93)  Forward time: 3.21(3.21)  Batch time: 23.15(23.15)
2025-03-25 03:15:11,594   INFO  Train:    6/30 ( 20%) [  39/3862 (  1%)]  Loss: -7.246 (-6.80)  LR: 1.304e-03  Time cost: 02:33/4:04:29 [17:53:04/102:51:57]  Acc_iter 19350       Data time: 0.00(0.50)  Forward time: 3.45(3.33)  Batch time: 3.46(3.84)
2025-03-25 03:15:12,586   INFO  
2025-03-25 03:17:41,294   INFO  Save latest model to /OpenPCDet/output/nuscenes_models/cbgs_voxel01_res3d_centerpoint_uncertainty/shifted_bounded_uncertainty/ckpt/latest_model
2025-03-25 03:18:06,324   INFO  Train:    6/30 ( 20%) [  89/3862 (  2%)]  Loss: -6.790 (-6.82)  LR: 1.308e-03  Time cost: 05:28/3:49:19 [17:55:59/97:42:54]  Acc_iter 19400       Data time: 0.01(0.24)  Forward time: 3.73(3.41)  Batch time: 3.74(3.65)
2025-03-25 03:20:55,105   INFO  Train:    6/30 ( 20%) [ 139/3862 (  4%)]  Loss: -6.819 (-6.84)  LR: 1.313e-03  Time cost: 08:16/3:40:16 [17:58:48/95:04:14]  Acc_iter 19450       Data time: 0.00(0.16)  Forward time: 2.61(3.39)  Batch time: 2.61(3.55)
2025-03-25 03:22:39,960   INFO  Save latest model to /OpenPCDet/output/nuscenes_models/cbgs_voxel01_res3d_centerpoint_uncertainty/shifted_bounded_uncertainty/ckpt/latest_model
2025-03-25 03:23:44,691   INFO  Train:    6/30 ( 20%) [ 189/3862 (  5%)]  Loss: -6.478 (-6.85)  LR: 1.317e-03  Time cost: 11:06/3:34:46 [18:01:37/93:54:24]  Acc_iter 19500       Data time: 0.01(0.12)  Forward time: 2.75(3.39)  Batch time: 2.76(3.51)
2025-03-25 03:23:45,583   INFO  
2025-03-25 03:26:32,507   INFO  Train:    6/30 ( 20%) [ 239/3862 (  6%)]  Loss: -6.890 (-6.83)  LR: 1.322e-03  Time cost: 13:54/3:29:55 [18:04:25/93:00:39]  Acc_iter 19550       Data time: 0.00(0.10)  Forward time: 3.03(3.38)  Batch time: 3.03(3.48)
2025-03-25 03:27:39,805   INFO  Save latest model to /OpenPCDet/output/nuscenes_models/cbgs_voxel01_res3d_centerpoint_uncertainty/shifted_bounded_uncertainty/ckpt/latest_model
2025-03-25 03:29:16,643   INFO  Train:    6/30 ( 20%) [ 289/3862 (  7%)]  Loss: -6.446 (-6.82)  LR: 1.326e-03  Time cost: 16:38/3:25:02 [18:07:09/92:04:06]  Acc_iter 19600       Data time: 0.00(0.09)  Forward time: 3.80(3.36)  Batch time: 3.80(3.44)
2025-03-25 03:32:08,859   INFO  Train:    6/30 ( 20%) [ 339/3862 (  9%)]  Loss: -6.484 (-6.81)  LR: 1.331e-03  Time cost: 19:30/3:22:11 [18:10:01/92:01:30]  Acc_iter 19650       Data time: 0.00(0.07)  Forward time: 3.34(3.37)  Batch time: 3.35(3.44)
2025-03-25 03:32:10,078   INFO  
2025-03-25 03:32:40,727   INFO  Save latest model to /OpenPCDet/output/nuscenes_models/cbgs_voxel01_res3d_centerpoint_uncertainty/shifted_bounded_uncertainty/ckpt/latest_model
2025-03-25 03:35:00,886   INFO  Train:    6/30 ( 20%) [ 389/3862 ( 10%)]  Loss: -6.902 (-6.82)  LR: 1.335e-03  Time cost: 22:22/3:19:17 [18:12:54/91:58:03]  Acc_iter 19700       Data time: 0.00(0.07)  Forward time: 3.36(3.37)  Batch time: 3.37(3.44)
2025-03-25 03:37:40,645   INFO  Save latest model to /OpenPCDet/output/nuscenes_models/cbgs_voxel01_res3d_centerpoint_uncertainty/shifted_bounded_uncertainty/ckpt/latest_model
2025-03-25 03:37:47,282   INFO  Train:    6/30 ( 20%) [ 439/3862 ( 11%)]  Loss: -7.082 (-6.82)  LR: 1.340e-03  Time cost: 25:09/3:15:40 [18:15:40/91:34:14]  Acc_iter 19750       Data time: 0.01(0.06)  Forward time: 2.98(3.37)  Batch time: 2.99(3.43)
2025-03-25 03:40:40,633   INFO  Train:    6/30 ( 20%) [ 489/3862 ( 13%)]  Loss: -6.841 (-6.83)  LR: 1.344e-03  Time cost: 28:02/3:13:01 [18:18:33/91:37:26]  Acc_iter 19800       Data time: 0.00(0.06)  Forward time: 3.79(3.38)  Batch time: 3.80(3.43)
2025-03-25 03:40:41,698   INFO  
2025-03-25 03:42:41,399   INFO  Save latest model to /OpenPCDet/output/nuscenes_models/cbgs_voxel01_res3d_centerpoint_uncertainty/shifted_bounded_uncertainty/ckpt/latest_model
2025-03-25 03:43:30,281   INFO  Train:    6/30 ( 20%) [ 539/3862 ( 14%)]  Loss: -7.381 (-6.82)  LR: 1.348e-03  Time cost: 30:52/3:09:57 [18:21:23/91:28:32]  Acc_iter 19850       Data time: 0.00(0.06)  Forward time: 3.09(3.37)  Batch time: 3.09(3.43)
2025-03-25 03:46:20,335   INFO  Train:    6/30 ( 20%) [ 589/3862 ( 15%)]  Loss: -7.316 (-6.79)  LR: 1.353e-03  Time cost: 33:42/3:06:58 [18:24:13/91:21:46]  Acc_iter 19900       Data time: 0.00(0.05)  Forward time: 3.49(3.38)  Batch time: 3.49(3.43)
2025-03-25 03:47:39,855   INFO  Save latest model to /OpenPCDet/output/nuscenes_models/cbgs_voxel01_res3d_centerpoint_uncertainty/shifted_bounded_uncertainty/ckpt/latest_model
2025-03-25 03:49:11,971   INFO  Train:    6/30 ( 20%) [ 639/3862 ( 17%)]  Loss: -6.315 (-6.73)  LR: 1.357e-03  Time cost: 36:33/3:04:08 [18:27:05/91:19:33]  Acc_iter 19950       Data time: 0.03(0.05)  Forward time: 3.61(3.38)  Batch time: 3.64(3.43)
2025-03-25 03:49:13,187   INFO  
2025-03-25 03:51:59,307   INFO  Train:    6/30 ( 20%) [ 689/3862 ( 18%)]  Loss: -7.261 (-6.72)  LR: 1.362e-03  Time cost: 39:21/3:00:58 [18:29:52/91:07:18]  Acc_iter 20000       Data time: 0.01(0.05)  Forward time: 3.08(3.37)  Batch time: 3.09(3.42)
2025-03-25 03:52:38,798   INFO  Save latest model to /OpenPCDet/output/nuscenes_models/cbgs_voxel01_res3d_centerpoint_uncertainty/shifted_bounded_uncertainty/ckpt/latest_model
2025-03-25 03:54:55,927   INFO  Train:    6/30 ( 20%) [ 739/3862 ( 19%)]  Loss: -6.845 (-6.74)  LR: 1.366e-03  Time cost: 42:17/2:58:30 [18:32:49/91:16:21]  Acc_iter 20050       Data time: 0.00(0.05)  Forward time: 3.48(3.38)  Batch time: 3.49(3.43)
2025-03-25 03:57:42,224   INFO  Save latest model to /OpenPCDet/output/nuscenes_models/cbgs_voxel01_res3d_centerpoint_uncertainty/shifted_bounded_uncertainty/ckpt/latest_model
2025-03-25 03:57:47,635   INFO  Train:    6/30 ( 20%) [ 789/3862 ( 20%)]  Loss: -7.087 (-6.75)  LR: 1.371e-03  Time cost: 45:09/2:55:39 [18:35:40/91:13:58]  Acc_iter 20100       Data time: 0.00(0.04)  Forward time: 2.74(3.39)  Batch time: 2.75(3.43)
2025-03-25 03:57:48,530   INFO  
2025-03-25 04:00:32,755   INFO  Train:    6/30 ( 20%) [ 839/3862 ( 22%)]  Loss: -7.226 (-6.75)  LR: 1.375e-03  Time cost: 47:54/2:52:25 [18:38:25/90:59:01]  Acc_iter 20150       Data time: 0.00(0.04)  Forward time: 2.93(3.38)  Batch time: 2.93(3.42)
2025-03-25 04:02:39,777   INFO  Save latest model to /OpenPCDet/output/nuscenes_models/cbgs_voxel01_res3d_centerpoint_uncertainty/shifted_bounded_uncertainty/ckpt/latest_model
2025-03-25 04:03:15,554   INFO  Train:    6/30 ( 20%) [ 889/3862 ( 23%)]  Loss: -6.997 (-6.76)  LR: 1.380e-03  Time cost: 50:37/2:49:06 [18:41:08/90:41:17]  Acc_iter 20200       Data time: 0.00(0.04)  Forward time: 3.52(3.37)  Batch time: 3.52(3.41)
2025-03-25 04:06:01,021   INFO  Train:    6/30 ( 20%) [ 939/3862 ( 24%)]  Loss: -6.665 (-6.77)  LR: 1.384e-03  Time cost: 53:22/2:45:59 [18:43:54/90:29:40]  Acc_iter 20250       Data time: 0.01(0.04)  Forward time: 3.15(3.37)  Batch time: 3.16(3.41)
2025-03-25 04:06:02,134   INFO  
2025-03-25 04:07:41,614   INFO  Save latest model to /OpenPCDet/output/nuscenes_models/cbgs_voxel01_res3d_centerpoint_uncertainty/shifted_bounded_uncertainty/ckpt/latest_model
2025-03-25 04:08:49,199   INFO  Train:    6/30 ( 20%) [ 989/3862 ( 26%)]  Loss: -6.907 (-6.77)  LR: 1.389e-03  Time cost: 56:11/2:43:02 [18:46:42/90:23:18]  Acc_iter 20300       Data time: 0.00(0.04)  Forward time: 3.36(3.37)  Batch time: 3.36(3.41)
2025-03-25 04:11:27,333   INFO  Train:    6/30 ( 20%) [1039/3862 ( 27%)]  Loss: -6.674 (-6.78)  LR: 1.393e-03  Time cost: 58:49/2:39:39 [18:49:20/90:01:54]  Acc_iter 20350       Data time: 0.00(0.04)  Forward time: 3.33(3.36)  Batch time: 3.33(3.39)
2025-03-25 04:12:41,700   INFO  Save latest model to /OpenPCDet/output/nuscenes_models/cbgs_voxel01_res3d_centerpoint_uncertainty/shifted_bounded_uncertainty/ckpt/latest_model
2025-03-25 04:14:13,211   INFO  Train:    6/30 ( 20%) [1089/3862 ( 28%)]  Loss: -6.381 (-6.78)  LR: 1.398e-03  Time cost: 1:01:35/2:36:40 [18:52:06/89:53:32]  Acc_iter 20400       Data time: 0.00(0.04)  Forward time: 2.74(3.35)  Batch time: 2.74(3.39)
2025-03-25 04:14:14,254   INFO  
2025-03-25 04:16:56,013   INFO  Train:    6/30 ( 20%) [1139/3862 ( 29%)]  Loss: -6.032 (-6.79)  LR: 1.402e-03  Time cost: 1:04:17/2:33:34 [18:54:49/89:41:22]  Acc_iter 20450       Data time: 0.00(0.04)  Forward time: 3.40(3.35)  Batch time: 3.40(3.38)
2025-03-25 04:17:40,730   INFO  Save latest model to /OpenPCDet/output/nuscenes_models/cbgs_voxel01_res3d_centerpoint_uncertainty/shifted_bounded_uncertainty/ckpt/latest_model
2025-03-25 04:19:39,817   INFO  Train:    6/30 ( 20%) [1189/3862 ( 31%)]  Loss: -7.378 (-6.79)  LR: 1.407e-03  Time cost: 1:07:01/2:30:33 [18:57:32/89:31:20]  Acc_iter 20500       Data time: 0.00(0.03)  Forward time: 3.93(3.34)  Batch time: 3.93(3.38)
2025-03-25 04:22:25,483   INFO  Train:    6/30 ( 20%) [1239/3862 ( 32%)]  Loss: -7.068 (-6.79)  LR: 1.411e-03  Time cost: 1:09:47/2:27:37 [19:00:18/89:24:16]  Acc_iter 20550       Data time: 0.00(0.03)  Forward time: 4.00(3.34)  Batch time: 4.01(3.38)
2025-03-25 04:22:26,586   INFO  
2025-03-25 04:22:41,352   INFO  Save latest model to /OpenPCDet/output/nuscenes_models/cbgs_voxel01_res3d_centerpoint_uncertainty/shifted_bounded_uncertainty/ckpt/latest_model
2025-03-25 04:25:15,513   INFO  Train:    6/30 ( 20%) [1289/3862 ( 33%)]  Loss: -6.750 (-6.79)  LR: 1.416e-03  Time cost: 1:12:37/2:24:51 [19:03:08/89:22:55]  Acc_iter 20600       Data time: 0.00(0.03)  Forward time: 3.60(3.34)  Batch time: 3.60(3.38)
2025-03-25 04:27:39,322   INFO  Save latest model to /OpenPCDet/output/nuscenes_models/cbgs_voxel01_res3d_centerpoint_uncertainty/shifted_bounded_uncertainty/ckpt/latest_model
2025-03-25 04:27:55,525   INFO  Train:    6/30 ( 20%) [1339/3862 ( 35%)]  Loss: -6.938 (-6.79)  LR: 1.420e-03  Time cost: 1:15:17/2:21:45 [19:05:48/89:09:35]  Acc_iter 20650       Data time: 0.00(0.03)  Forward time: 3.12(3.34)  Batch time: 3.12(3.37)
2025-03-25 04:30:37,344   INFO  Train:    6/30 ( 20%) [1389/3862 ( 36%)]  Loss: -6.715 (-6.79)  LR: 1.425e-03  Time cost: 1:17:59/2:18:44 [19:08:30/88:59:05]  Acc_iter 20700       Data time: 0.01(0.03)  Forward time: 3.40(3.33)  Batch time: 3.41(3.37)
2025-03-25 04:30:38,721   INFO  
2025-03-25 04:32:41,846   INFO  Save latest model to /OpenPCDet/output/nuscenes_models/cbgs_voxel01_res3d_centerpoint_uncertainty/shifted_bounded_uncertainty/ckpt/latest_model
2025-03-25 04:33:23,781   INFO  Train:    6/30 ( 20%) [1439/3862 ( 37%)]  Loss: -6.254 (-6.79)  LR: 1.429e-03  Time cost: 1:20:45/2:15:53 [19:11:16/88:54:13]  Acc_iter 20750       Data time: 0.00(0.03)  Forward time: 3.70(3.33)  Batch time: 3.70(3.37)
2025-03-25 04:36:05,470   INFO  Train:    6/30 ( 20%) [1489/3862 ( 39%)]  Loss: -7.042 (-6.80)  LR: 1.434e-03  Time cost: 1:23:27/2:12:54 [19:13:58/88:44:26]  Acc_iter 20800       Data time: 0.00(0.03)  Forward time: 3.64(3.33)  Batch time: 3.65(3.36)
2025-03-25 04:37:39,177   INFO  Save latest model to /OpenPCDet/output/nuscenes_models/cbgs_voxel01_res3d_centerpoint_uncertainty/shifted_bounded_uncertainty/ckpt/latest_model
2025-03-25 04:38:50,364   INFO  Train:    6/30 ( 20%) [1539/3862 ( 40%)]  Loss: -6.598 (-6.80)  LR: 1.438e-03  Time cost: 1:26:12/2:10:02 [19:16:43/88:38:24]  Acc_iter 20850       Data time: 0.00(0.03)  Forward time: 3.14(3.33)  Batch time: 3.14(3.36)
2025-03-25 04:38:51,296   INFO  
2025-03-25 04:41:37,649   INFO  Train:    6/30 ( 20%) [1589/3862 ( 41%)]  Loss: -6.419 (-6.81)  LR: 1.443e-03  Time cost: 1:28:59/2:07:13 [19:19:30/88:34:58]  Acc_iter 20900       Data time: 0.00(0.03)  Forward time: 3.04(3.33)  Batch time: 3.04(3.36)
2025-03-25 04:42:41,993   INFO  Save latest model to /OpenPCDet/output/nuscenes_models/cbgs_voxel01_res3d_centerpoint_uncertainty/shifted_bounded_uncertainty/ckpt/latest_model
2025-03-25 04:44:24,185   INFO  Train:    6/30 ( 20%) [1639/3862 ( 42%)]  Loss: -7.292 (-6.81)  LR: 1.447e-03  Time cost: 1:31:46/2:04:23 [19:22:17/88:30:50]  Acc_iter 20950       Data time: 0.00(0.03)  Forward time: 2.82(3.33)  Batch time: 2.82(3.36)
2025-03-25 04:47:14,129   INFO  Train:    6/30 ( 20%) [1689/3862 ( 44%)]  Loss: -6.852 (-6.82)  LR: 1.452e-03  Time cost: 1:34:36/2:01:38 [19:25:07/88:29:59]  Acc_iter 21000       Data time: 0.00(0.03)  Forward time: 3.61(3.33)  Batch time: 3.61(3.36)
2025-03-25 04:47:15,449   INFO  
2025-03-25 04:47:38,617   INFO  Save latest model to /OpenPCDet/output/nuscenes_models/cbgs_voxel01_res3d_centerpoint_uncertainty/shifted_bounded_uncertainty/ckpt/latest_model
2025-03-25 04:50:02,270   INFO  Train:    6/30 ( 20%) [1739/3862 ( 45%)]  Loss: -6.709 (-6.82)  LR: 1.456e-03  Time cost: 1:37:24/1:58:50 [19:27:55/88:27:22]  Acc_iter 21050       Data time: 0.00(0.03)  Forward time: 3.59(3.33)  Batch time: 3.60(3.36)
2025-03-25 04:52:38,843   INFO  Save latest model to /OpenPCDet/output/nuscenes_models/cbgs_voxel01_res3d_centerpoint_uncertainty/shifted_bounded_uncertainty/ckpt/latest_model
2025-03-25 04:52:51,928   INFO  Train:    6/30 ( 20%) [1789/3862 ( 46%)]  Loss: -6.649 (-6.82)  LR: 1.461e-03  Time cost: 1:40:13/1:56:04 [19:30:45/88:26:06]  Acc_iter 21100       Data time: 0.00(0.03)  Forward time: 2.89(3.33)  Batch time: 2.89(3.36)
2025-03-25 04:55:40,852   INFO  Train:    6/30 ( 20%) [1839/3862 ( 48%)]  Loss: -6.663 (-6.82)  LR: 1.465e-03  Time cost: 1:43:02/1:53:17 [19:33:33/88:24:06]  Acc_iter 21150       Data time: 0.00(0.03)  Forward time: 3.12(3.33)  Batch time: 3.13(3.36)
2025-03-25 04:55:41,846   INFO  
2025-03-25 04:57:41,785   INFO  Save latest model to /OpenPCDet/output/nuscenes_models/cbgs_voxel01_res3d_centerpoint_uncertainty/shifted_bounded_uncertainty/ckpt/latest_model
2025-03-25 04:58:30,366   INFO  Train:    6/30 ( 20%) [1889/3862 ( 49%)]  Loss: -6.599 (-6.82)  LR: 1.470e-03  Time cost: 1:45:52/1:50:31 [19:36:23/88:22:33]  Acc_iter 21200       Data time: 0.00(0.03)  Forward time: 3.15(3.33)  Batch time: 3.15(3.36)
2025-03-25 05:01:18,526   INFO  Train:    6/30 ( 20%) [1939/3862 ( 50%)]  Loss: -7.075 (-6.83)  LR: 1.475e-03  Time cost: 1:48:40/1:47:43 [19:39:11/88:19:51]  Acc_iter 21250       Data time: 0.00(0.03)  Forward time: 3.26(3.33)  Batch time: 3.26(3.36)
2025-03-25 05:02:39,754   INFO  Save latest model to /OpenPCDet/output/nuscenes_models/cbgs_voxel01_res3d_centerpoint_uncertainty/shifted_bounded_uncertainty/ckpt/latest_model
2025-03-25 05:04:07,954   INFO  Train:    6/30 ( 20%) [1989/3862 ( 52%)]  Loss: -7.084 (-6.83)  LR: 1.479e-03  Time cost: 1:51:29/1:44:56 [19:42:01/88:18:08]  Acc_iter 21300       Data time: 0.00(0.03)  Forward time: 3.34(3.33)  Batch time: 3.34(3.36)
2025-03-25 05:04:08,855   INFO  
2025-03-25 05:06:56,173   INFO  Train:    6/30 ( 20%) [2039/3862 ( 53%)]  Loss: -6.933 (-6.83)  LR: 1.484e-03  Time cost: 1:54:18/1:42:08 [19:44:49/88:15:26]  Acc_iter 21350       Data time: 0.01(0.03)  Forward time: 3.36(3.33)  Batch time: 3.36(3.36)
2025-03-25 05:07:39,429   INFO  Save latest model to /OpenPCDet/output/nuscenes_models/cbgs_voxel01_res3d_centerpoint_uncertainty/shifted_bounded_uncertainty/ckpt/latest_model
2025-03-25 05:09:42,432   INFO  Train:    6/30 ( 20%) [2089/3862 ( 54%)]  Loss: -6.852 (-6.84)  LR: 1.488e-03  Time cost: 1:57:04/1:39:18 [19:47:35/88:11:15]  Acc_iter 21400       Data time: 0.00(0.03)  Forward time: 2.75(3.33)  Batch time: 2.75(3.36)
2025-03-25 05:12:28,604   INFO  Train:    6/30 ( 20%) [2139/3862 ( 55%)]  Loss: -7.013 (-6.84)  LR: 1.493e-03  Time cost: 1:59:50/1:36:29 [19:50:21/88:07:05]  Acc_iter 21450       Data time: 0.01(0.03)  Forward time: 3.59(3.33)  Batch time: 3.59(3.36)
2025-03-25 05:12:29,612   INFO  
2025-03-25 05:12:38,656   INFO  Save latest model to /OpenPCDet/output/nuscenes_models/cbgs_voxel01_res3d_centerpoint_uncertainty/shifted_bounded_uncertainty/ckpt/latest_model
2025-03-25 05:15:17,379   INFO  Train:    6/30 ( 20%) [2189/3862 ( 57%)]  Loss: -6.840 (-6.84)  LR: 1.497e-03  Time cost: 2:02:39/1:33:41 [19:53:10/88:04:50]  Acc_iter 21500       Data time: 0.01(0.03)  Forward time: 3.10(3.33)  Batch time: 3.11(3.36)
2025-03-25 05:17:41,537   INFO  Save latest model to /OpenPCDet/output/nuscenes_models/cbgs_voxel01_res3d_centerpoint_uncertainty/shifted_bounded_uncertainty/ckpt/latest_model
2025-03-25 05:18:09,129   INFO  Train:    6/30 ( 20%) [2239/3862 ( 58%)]  Loss: -7.223 (-6.85)  LR: 1.502e-03  Time cost: 2:05:31/1:30:56 [19:56:02/88:04:39]  Acc_iter 21550       Data time: 0.00(0.03)  Forward time: 3.11(3.33)  Batch time: 3.12(3.36)
2025-03-25 05:21:00,318   INFO  Train:    6/30 ( 20%) [2289/3862 ( 59%)]  Loss: -6.785 (-6.85)  LR: 1.506e-03  Time cost: 2:08:22/1:28:10 [19:58:53/88:03:58]  Acc_iter 21600       Data time: 0.00(0.03)  Forward time: 4.98(3.34)  Batch time: 4.98(3.36)
2025-03-25 05:21:01,316   INFO  
2025-03-25 05:22:40,747   INFO  Save latest model to /OpenPCDet/output/nuscenes_models/cbgs_voxel01_res3d_centerpoint_uncertainty/shifted_bounded_uncertainty/ckpt/latest_model
2025-03-25 05:23:46,065   INFO  Train:    6/30 ( 20%) [2339/3862 ( 61%)]  Loss: -6.671 (-6.85)  LR: 1.511e-03  Time cost: 2:11:07/1:25:20 [20:01:39/87:59:32]  Acc_iter 21650       Data time: 0.00(0.03)  Forward time: 2.49(3.34)  Batch time: 2.50(3.36)
2025-03-25 05:26:27,379   INFO  Train:    6/30 ( 20%) [2389/3862 ( 62%)]  Loss: -7.726 (-6.85)  LR: 1.515e-03  Time cost: 2:13:49/1:22:28 [20:04:20/87:52:16]  Acc_iter 21700       Data time: 0.00(0.03)  Forward time: 3.45(3.33)  Batch time: 3.46(3.36)
2025-03-25 05:27:39,532   INFO  Save latest model to /OpenPCDet/output/nuscenes_models/cbgs_voxel01_res3d_centerpoint_uncertainty/shifted_bounded_uncertainty/ckpt/latest_model
2025-03-25 05:29:13,295   INFO  Train:    6/30 ( 20%) [2439/3862 ( 63%)]  Loss: -7.440 (-6.86)  LR: 1.520e-03  Time cost: 2:16:35/1:19:39 [20:07:06/87:48:08]  Acc_iter 21750       Data time: 0.00(0.03)  Forward time: 2.61(3.33)  Batch time: 2.62(3.36)
2025-03-25 05:29:14,414   INFO  
2025-03-25 05:31:53,831   INFO  Train:    6/30 ( 20%) [2489/3862 ( 64%)]  Loss: -7.362 (-6.86)  LR: 1.525e-03  Time cost: 2:19:15/1:16:47 [20:09:46/87:40:41]  Acc_iter 21800       Data time: 0.00(0.03)  Forward time: 2.70(3.33)  Batch time: 2.70(3.36)
2025-03-25 05:32:41,655   INFO  Save latest model to /OpenPCDet/output/nuscenes_models/cbgs_voxel01_res3d_centerpoint_uncertainty/shifted_bounded_uncertainty/ckpt/latest_model
2025-03-25 05:34:41,928   INFO  Train:    6/30 ( 20%) [2539/3862 ( 66%)]  Loss: -7.376 (-6.60)  LR: 1.529e-03  Time cost: 2:22:03/1:13:59 [20:12:35/87:38:05]  Acc_iter 21850       Data time: 0.00(0.03)  Forward time: 3.69(3.33)  Batch time: 3.69(3.36)
2025-03-25 05:37:26,964   INFO  Train:    6/30 ( 20%) [2589/3862 ( 67%)]  Loss: -6.644 (-6.61)  LR: 1.534e-03  Time cost: 2:24:48/1:11:10 [20:15:20/87:33:37]  Acc_iter 21900       Data time: 0.00(0.03)  Forward time: 3.39(3.33)  Batch time: 3.39(3.35)
2025-03-25 05:37:28,045   INFO  
2025-03-25 05:37:40,210   INFO  Save latest model to /OpenPCDet/output/nuscenes_models/cbgs_voxel01_res3d_centerpoint_uncertainty/shifted_bounded_uncertainty/ckpt/latest_model
2025-03-25 05:40:10,169   INFO  Train:    6/30 ( 20%) [2639/3862 ( 68%)]  Loss: -7.408 (-6.62)  LR: 1.538e-03  Time cost: 2:27:32/1:08:20 [20:18:03/87:28:08]  Acc_iter 21950       Data time: 0.00(0.03)  Forward time: 3.54(3.33)  Batch time: 3.54(3.35)
2025-03-25 05:42:40,447   INFO  Save latest model to /OpenPCDet/output/nuscenes_models/cbgs_voxel01_res3d_centerpoint_uncertainty/shifted_bounded_uncertainty/ckpt/latest_model
2025-03-25 05:42:52,376   INFO  Train:    6/30 ( 20%) [2689/3862 ( 70%)]  Loss: -6.676 (-6.62)  LR: 1.543e-03  Time cost: 2:30:14/1:05:30 [20:20:45/87:22:10]  Acc_iter 22000       Data time: 0.00(0.03)  Forward time: 3.20(3.33)  Batch time: 3.20(3.35)
2025-03-25 05:45:41,008   INFO  Train:    6/30 ( 20%) [2739/3862 ( 71%)]  Loss: -7.171 (-6.63)  LR: 1.547e-03  Time cost: 2:33:02/1:02:43 [20:23:34/87:20:00]  Acc_iter 22050       Data time: 0.00(0.03)  Forward time: 2.82(3.33)  Batch time: 2.83(3.35)
2025-03-25 05:45:42,148   INFO  
2025-03-25 05:47:40,043   INFO  Save latest model to /OpenPCDet/output/nuscenes_models/cbgs_voxel01_res3d_centerpoint_uncertainty/shifted_bounded_uncertainty/ckpt/latest_model
2025-03-25 05:48:28,412   INFO  Train:    6/30 ( 20%) [2789/3862 ( 72%)]  Loss: -7.163 (-6.64)  LR: 1.552e-03  Time cost: 2:35:50/59:56 [20:26:21/87:17:07]  Acc_iter 22100       Data time: 0.00(0.03)  Forward time: 3.05(3.33)  Batch time: 3.06(3.35)
2025-03-25 05:51:14,224   INFO  Train:    6/30 ( 20%) [2839/3862 ( 74%)]  Loss: -7.239 (-6.64)  LR: 1.556e-03  Time cost: 2:38:36/57:07 [20:29:07/87:13:21]  Acc_iter 22150       Data time: 0.00(0.03)  Forward time: 2.90(3.33)  Batch time: 2.90(3.35)
2025-03-25 05:52:38,671   INFO  Save latest model to /OpenPCDet/output/nuscenes_models/cbgs_voxel01_res3d_centerpoint_uncertainty/shifted_bounded_uncertainty/ckpt/latest_model
2025-03-25 05:53:59,216   INFO  Train:    6/30 ( 20%) [2889/3862 ( 75%)]  Loss: -7.251 (-6.65)  LR: 1.561e-03  Time cost: 2:41:21/54:19 [20:31:52/87:09:11]  Acc_iter 22200       Data time: 0.00(0.02)  Forward time: 4.35(3.32)  Batch time: 4.36(3.35)
2025-03-25 05:54:00,100   INFO  
2025-03-25 05:56:32,778   INFO  Train:    6/30 ( 20%) [2939/3862 ( 76%)]  Loss: -6.853 (-6.65)  LR: 1.566e-03  Time cost: 2:43:54/51:27 [20:34:25/86:59:00]  Acc_iter 22250       Data time: 0.00(0.02)  Forward time: 2.93(3.32)  Batch time: 2.93(3.35)
2025-03-25 05:57:40,481   INFO  Save latest model to /OpenPCDet/output/nuscenes_models/cbgs_voxel01_res3d_centerpoint_uncertainty/shifted_bounded_uncertainty/ckpt/latest_model
2025-03-25 05:59:13,955   INFO  Train:    6/30 ( 20%) [2989/3862 ( 77%)]  Loss: -7.457 (-6.66)  LR: 1.570e-03  Time cost: 2:46:35/48:38 [20:37:07/86:53:02]  Acc_iter 22300       Data time: 0.00(0.02)  Forward time: 2.85(3.32)  Batch time: 2.85(3.34)
2025-03-25 06:01:52,928   INFO  Train:    6/30 ( 20%) [3039/3862 ( 79%)]  Loss: -7.771 (-6.67)  LR: 1.575e-03  Time cost: 2:49:14/45:49 [20:39:46/86:46:04]  Acc_iter 22350       Data time: 0.00(0.02)  Forward time: 2.64(3.32)  Batch time: 2.64(3.34)
2025-03-25 06:01:53,841   INFO  
2025-03-25 06:02:38,597   INFO  Save latest model to /OpenPCDet/output/nuscenes_models/cbgs_voxel01_res3d_centerpoint_uncertainty/shifted_bounded_uncertainty/ckpt/latest_model
2025-03-25 06:04:30,434   INFO  Train:    6/30 ( 20%) [3089/3862 ( 80%)]  Loss: -7.001 (-6.67)  LR: 1.579e-03  Time cost: 2:51:52/42:59 [20:42:23/86:38:29]  Acc_iter 22400       Data time: 0.00(0.02)  Forward time: 4.04(3.31)  Batch time: 4.04(3.34)
2025-03-25 06:07:18,001   INFO  Train:    6/30 ( 20%) [3139/3862 ( 81%)]  Loss: -7.267 (-6.68)  LR: 1.584e-03  Time cost: 2:54:39/40:13 [20:45:11/86:36:03]  Acc_iter 22450       Data time: 0.01(0.02)  Forward time: 3.13(3.31)  Batch time: 3.14(3.34)
2025-03-25 06:07:39,180   INFO  Save latest model to /OpenPCDet/output/nuscenes_models/cbgs_voxel01_res3d_centerpoint_uncertainty/shifted_bounded_uncertainty/ckpt/latest_model
2025-03-25 06:09:54,137   INFO  Train:    6/30 ( 20%) [3189/3862 ( 83%)]  Loss: -6.860 (-6.69)  LR: 1.588e-03  Time cost: 2:57:16/37:23 [20:47:47/86:28:02]  Acc_iter 22500       Data time: 0.02(0.02)  Forward time: 3.37(3.31)  Batch time: 3.39(3.33)
2025-03-25 06:09:55,100   INFO  
2025-03-25 06:12:30,797   INFO  Train:    6/30 ( 20%) [3239/3862 ( 84%)]  Loss: -6.856 (-6.68)  LR: 1.593e-03  Time cost: 2:59:52/34:35 [20:50:23/86:20:25]  Acc_iter 22550       Data time: 0.00(0.02)  Forward time: 3.35(3.31)  Batch time: 3.36(3.33)
2025-03-25 06:12:40,163   INFO  Save latest model to /OpenPCDet/output/nuscenes_models/cbgs_voxel01_res3d_centerpoint_uncertainty/shifted_bounded_uncertainty/ckpt/latest_model
2025-03-25 06:15:06,002   INFO  Train:    6/30 ( 20%) [3289/3862 ( 85%)]  Loss: -7.666 (-6.69)  LR: 1.598e-03  Time cost: 3:02:27/31:46 [20:52:59/86:12:17]  Acc_iter 22600       Data time: 0.00(0.02)  Forward time: 3.40(3.30)  Batch time: 3.40(3.33)
2025-03-25 06:17:40,959   INFO  Save latest model to /OpenPCDet/output/nuscenes_models/cbgs_voxel01_res3d_centerpoint_uncertainty/shifted_bounded_uncertainty/ckpt/latest_model
2025-03-25 06:17:43,843   INFO  Train:    6/30 ( 20%) [3339/3862 ( 86%)]  Loss: -6.342 (-6.69)  LR: 1.602e-03  Time cost: 3:05:05/28:59 [20:55:36/86:05:33]  Acc_iter 22650       Data time: 0.31(0.02)  Forward time: 2.88(3.30)  Batch time: 3.19(3.33)
2025-03-25 06:17:44,986   INFO  
2025-03-25 06:20:24,036   INFO  Train:    6/30 ( 20%) [3389/3862 ( 88%)]  Loss: -7.872 (-6.70)  LR: 1.607e-03  Time cost: 3:07:45/26:11 [20:58:17/86:00:00]  Acc_iter 22700       Data time: 0.01(0.02)  Forward time: 3.66(3.30)  Batch time: 3.67(3.32)
2025-03-25 06:22:39,740   INFO  Save latest model to /OpenPCDet/output/nuscenes_models/cbgs_voxel01_res3d_centerpoint_uncertainty/shifted_bounded_uncertainty/ckpt/latest_model
2025-03-25 06:23:00,961   INFO  Train:    6/30 ( 20%) [3439/3862 ( 89%)]  Loss: -7.068 (-6.70)  LR: 1.611e-03  Time cost: 3:10:22/23:24 [21:00:54/85:53:03]  Acc_iter 22750       Data time: 0.01(0.02)  Forward time: 3.39(3.30)  Batch time: 3.40(3.32)
2025-03-25 06:25:32,818   INFO  Train:    6/30 ( 20%) [3489/3862 ( 90%)]  Loss: -6.674 (-6.71)  LR: 1.616e-03  Time cost: 3:12:54/20:37 [21:03:25/85:44:00]  Acc_iter 22800       Data time: 0.00(0.02)  Forward time: 2.84(3.29)  Batch time: 2.84(3.32)
2025-03-25 06:25:33,951   INFO  
2025-03-25 06:27:38,463   INFO  Save latest model to /OpenPCDet/output/nuscenes_models/cbgs_voxel01_res3d_centerpoint_uncertainty/shifted_bounded_uncertainty/ckpt/latest_model
2025-03-25 06:28:10,543   INFO  Train:    6/30 ( 20%) [3539/3862 ( 92%)]  Loss: -7.092 (-6.72)  LR: 1.620e-03  Time cost: 3:15:32/17:50 [21:06:03/85:37:41]  Acc_iter 22850       Data time: 0.00(0.02)  Forward time: 3.37(3.29)  Batch time: 3.38(3.31)
2025-03-25 06:30:48,567   INFO  Train:    6/30 ( 20%) [3589/3862 ( 93%)]  Loss: -7.503 (-6.72)  LR: 1.625e-03  Time cost: 3:18:10/15:04 [21:08:41/85:31:36]  Acc_iter 22900       Data time: 0.00(0.02)  Forward time: 2.99(3.29)  Batch time: 3.00(3.31)
2025-03-25 06:32:41,062   INFO  Save latest model to /OpenPCDet/output/nuscenes_models/cbgs_voxel01_res3d_centerpoint_uncertainty/shifted_bounded_uncertainty/ckpt/latest_model
2025-03-25 06:33:39,531   INFO  Train:    6/30 ( 20%) [3639/3862 ( 94%)]  Loss: -7.388 (-6.73)  LR: 1.630e-03  Time cost: 3:21:01/12:18 [21:11:32/85:31:07]  Acc_iter 22950       Data time: 0.00(0.02)  Forward time: 2.73(3.29)  Batch time: 2.73(3.31)
2025-03-25 06:33:40,740   INFO  
2025-03-25 06:36:26,884   INFO  Train:    6/30 ( 20%) [3689/3862 ( 96%)]  Loss: -7.255 (-6.74)  LR: 1.634e-03  Time cost: 3:23:48/09:33 [21:14:19/85:29:03]  Acc_iter 23000       Data time: 0.00(0.02)  Forward time: 3.08(3.29)  Batch time: 3.08(3.31)
2025-03-25 06:37:42,362   INFO  Save latest model to /OpenPCDet/output/nuscenes_models/cbgs_voxel01_res3d_centerpoint_uncertainty/shifted_bounded_uncertainty/ckpt/latest_model
2025-03-25 06:39:17,461   INFO  Train:    6/30 ( 20%) [3739/3862 ( 97%)]  Loss: -6.847 (-6.74)  LR: 1.639e-03  Time cost: 3:26:39/06:47 [21:17:10/85:28:19]  Acc_iter 23050       Data time: 0.00(0.02)  Forward time: 3.20(3.29)  Batch time: 3.20(3.32)
2025-03-25 06:42:05,402   INFO  Train:    6/30 ( 20%) [3789/3862 ( 98%)]  Loss: -7.489 (-6.75)  LR: 1.643e-03  Time cost: 3:29:27/04:02 [21:19:58/85:26:26]  Acc_iter 23100       Data time: 0.00(0.02)  Forward time: 3.41(3.29)  Batch time: 3.41(3.32)
2025-03-25 06:42:06,800   INFO  
2025-03-25 06:42:39,026   INFO  Save latest model to /OpenPCDet/output/nuscenes_models/cbgs_voxel01_res3d_centerpoint_uncertainty/shifted_bounded_uncertainty/ckpt/latest_model
2025-03-25 06:44:53,133   INFO  Train:    6/30 ( 20%) [3839/3862 ( 99%)]  Loss: -8.222 (-6.75)  LR: 1.648e-03  Time cost: 3:32:15/01:16 [21:22:46/85:24:27]  Acc_iter 23150       Data time: 0.01(0.02)  Forward time: 4.52(3.29)  Batch time: 4.53(3.32)
2025-03-25 06:46:02,396   INFO  Train:    6/30 ( 20%) [3861/3862 (100%)]  Loss: -6.576 (-6.76)  LR: 1.650e-03  Time cost: 3:33:24/00:03 [21:23:55/85:21:46]  Acc_iter 23172       Data time: 0.00(0.02)  Forward time: 2.27(3.29)  Batch time: 2.28(3.32)
2025-03-25 06:46:26,718   INFO  Train:    7/30 ( 23%) [   0/3862 (  0%)]  Loss: -7.401 (-7.40)  LR: 1.650e-03  Time cost: 00:21/22:37:48 [21:24:19/543:07:27]  Acc_iter 23173       Data time: 17.24(17.24)  Forward time: 3.85(3.85)  Batch time: 21.09(21.09)
2025-03-25 06:48:02,911   INFO  Train:    7/30 ( 23%) [  27/3862 (  1%)]  Loss: -7.133 (-7.13)  LR: 1.652e-03  Time cost: 01:57/4:27:44 [21:25:56/107:49:05]  Acc_iter 23200       Data time: 0.00(0.62)  Forward time: 4.56(3.57)  Batch time: 4.57(4.19)
2025-03-25 06:50:49,968   INFO  Train:    7/30 ( 23%) [  77/3862 (  2%)]  Loss: -7.364 (-7.09)  LR: 1.657e-03  Time cost: 04:44/3:49:58 [21:28:43/93:46:49]  Acc_iter 23250       Data time: 0.00(0.23)  Forward time: 3.40(3.42)  Batch time: 3.41(3.65)
2025-03-25 06:50:51,157   INFO  
2025-03-25 06:51:07,566   INFO  Save latest model to /OpenPCDet/output/nuscenes_models/cbgs_voxel01_res3d_centerpoint_uncertainty/shifted_bounded_uncertainty/ckpt/latest_model
2025-03-25 06:53:40,097   INFO  Train:    7/30 ( 23%) [ 127/3862 (  3%)]  Loss: -6.902 (-7.13)  LR: 1.662e-03  Time cost: 07:34/3:41:01 [21:31:33/91:17:25]  Acc_iter 23300       Data time: 0.02(0.15)  Forward time: 3.82(3.40)  Batch time: 3.84(3.55)
2025-03-25 06:56:08,153   INFO  Save latest model to /OpenPCDet/output/nuscenes_models/cbgs_voxel01_res3d_centerpoint_uncertainty/shifted_bounded_uncertainty/ckpt/latest_model
2025-03-25 06:56:31,248   INFO  Train:    7/30 ( 23%) [ 177/3862 (  5%)]  Loss: -7.272 (-7.12)  LR: 1.666e-03  Time cost: 10:25/3:35:51 [21:34:24/90:19:13]  Acc_iter 23350       Data time: 0.00(0.11)  Forward time: 3.05(3.40)  Batch time: 3.05(3.51)
2025-03-25 06:59:17,099   INFO  Train:    7/30 ( 23%) [ 227/3862 (  6%)]  Loss: -7.687 (-7.12)  LR: 1.671e-03  Time cost: 13:11/3:30:18 [21:37:10/89:09:28]  Acc_iter 23400       Data time: 0.00(0.09)  Forward time: 3.35(3.38)  Batch time: 3.35(3.47)
2025-03-25 06:59:18,197   INFO  
2025-03-25 07:01:09,067   INFO  Save latest model to /OpenPCDet/output/nuscenes_models/cbgs_voxel01_res3d_centerpoint_uncertainty/shifted_bounded_uncertainty/ckpt/latest_model
2025-03-25 07:02:00,345   INFO  Train:    7/30 ( 23%) [ 277/3862 (  7%)]  Loss: -6.592 (-7.12)  LR: 1.675e-03  Time cost: 15:54/3:25:11 [21:39:53/88:09:22]  Acc_iter 23450       Data time: 0.00(0.08)  Forward time: 2.79(3.35)  Batch time: 2.79(3.43)
2025-03-25 07:04:45,436   INFO  Train:    7/30 ( 23%) [ 327/3862 (  8%)]  Loss: -7.187 (-7.13)  LR: 1.680e-03  Time cost: 18:39/3:21:08 [21:42:38/87:35:26]  Acc_iter 23500       Data time: 0.00(0.07)  Forward time: 4.05(3.34)  Batch time: 4.06(3.41)
2025-03-25 07:06:07,742   INFO  Save latest model to /OpenPCDet/output/nuscenes_models/cbgs_voxel01_res3d_centerpoint_uncertainty/shifted_bounded_uncertainty/ckpt/latest_model
2025-03-25 07:07:29,630   INFO  Train:    7/30 ( 23%) [ 377/3862 ( 10%)]  Loss: -7.423 (-7.13)  LR: 1.684e-03  Time cost: 21:24/3:17:18 [21:45:22/87:06:06]  Acc_iter 23550       Data time: 0.00(0.06)  Forward time: 3.05(3.33)  Batch time: 3.06(3.40)
2025-03-25 07:07:30,822   INFO  
2025-03-25 07:10:23,657   INFO  Train:    7/30 ( 23%) [ 427/3862 ( 11%)]  Loss: -7.236 (-7.15)  LR: 1.689e-03  Time cost: 24:18/3:15:01 [21:48:16/87:18:18]  Acc_iter 23600       Data time: 0.04(0.06)  Forward time: 3.96(3.35)  Batch time: 4.00(3.41)
2025-03-25 07:11:09,358   INFO  Save latest model to /OpenPCDet/output/nuscenes_models/cbgs_voxel01_res3d_centerpoint_uncertainty/shifted_bounded_uncertainty/ckpt/latest_model
2025-03-25 07:13:09,070   INFO  Train:    7/30 ( 23%) [ 477/3862 ( 12%)]  Loss: -6.324 (-7.15)  LR: 1.694e-03  Time cost: 27:03/3:11:36 [21:51:02/86:59:39]  Acc_iter 23650       Data time: 0.01(0.05)  Forward time: 2.84(3.34)  Batch time: 2.86(3.40)
2025-03-25 07:15:50,042   INFO  Train:    7/30 ( 23%) [ 527/3862 ( 14%)]  Loss: -6.753 (-7.15)  LR: 1.698e-03  Time cost: 29:44/3:07:50 [21:53:43/86:31:05]  Acc_iter 23700       Data time: 0.00(0.05)  Forward time: 3.97(3.33)  Batch time: 3.97(3.38)
2025-03-25 07:15:51,166   INFO  
2025-03-25 07:16:08,755   INFO  Save latest model to /OpenPCDet/output/nuscenes_models/cbgs_voxel01_res3d_centerpoint_uncertainty/shifted_bounded_uncertainty/ckpt/latest_model
2025-03-25 07:18:38,956   INFO  Train:    7/30 ( 23%) [ 577/3862 ( 15%)]  Loss: -7.592 (-7.15)  LR: 1.703e-03  Time cost: 32:33/3:05:01 [21:56:32/86:28:06]  Acc_iter 23750       Data time: 0.00(0.05)  Forward time: 3.75(3.33)  Batch time: 3.76(3.38)
2025-03-25 07:21:06,937   INFO  Save latest model to /OpenPCDet/output/nuscenes_models/cbgs_voxel01_res3d_centerpoint_uncertainty/shifted_bounded_uncertainty/ckpt/latest_model
2025-03-25 07:21:29,851   INFO  Train:    7/30 ( 23%) [ 627/3862 ( 16%)]  Loss: -6.779 (-7.14)  LR: 1.707e-03  Time cost: 35:24/3:02:22 [21:59:22/86:29:59]  Acc_iter 23800       Data time: 0.01(0.05)  Forward time: 4.91(3.34)  Batch time: 4.92(3.38)
2025-03-25 07:24:14,740   INFO  Train:    7/30 ( 23%) [ 677/3862 ( 18%)]  Loss: -7.044 (-7.15)  LR: 1.712e-03  Time cost: 38:09/2:59:13 [22:02:07/86:17:34]  Acc_iter 23850       Data time: 0.00(0.04)  Forward time: 3.72(3.33)  Batch time: 3.72(3.38)
2025-03-25 07:24:15,774   INFO  
2025-03-25 07:26:09,204   INFO  Save latest model to /OpenPCDet/output/nuscenes_models/cbgs_voxel01_res3d_centerpoint_uncertainty/shifted_bounded_uncertainty/ckpt/latest_model
2025-03-25 07:27:01,339   INFO  Train:    7/30 ( 23%) [ 727/3862 ( 19%)]  Loss: -6.290 (-7.15)  LR: 1.717e-03  Time cost: 40:55/2:56:15 [22:04:54/86:10:06]  Acc_iter 23900       Data time: 0.00(0.04)  Forward time: 4.29(3.33)  Batch time: 4.29(3.37)
2025-03-25 07:29:51,589   INFO  Train:    7/30 ( 23%) [ 777/3862 ( 20%)]  Loss: -7.949 (-7.15)  LR: 1.721e-03  Time cost: 43:45/2:53:32 [22:07:44/86:10:25]  Acc_iter 23950       Data time: 0.00(0.04)  Forward time: 3.68(3.34)  Batch time: 3.68(3.38)
2025-03-25 07:31:07,459   INFO  Save latest model to /OpenPCDet/output/nuscenes_models/cbgs_voxel01_res3d_centerpoint_uncertainty/shifted_bounded_uncertainty/ckpt/latest_model
2025-03-25 07:32:31,451   INFO  Train:    7/30 ( 23%) [ 827/3862 ( 21%)]  Loss: -7.387 (-7.15)  LR: 1.726e-03  Time cost: 46:25/2:50:11 [22:10:24/85:51:08]  Acc_iter 24000       Data time: 0.01(0.04)  Forward time: 2.42(3.33)  Batch time: 2.43(3.36)
2025-03-25 07:32:32,581   INFO  
2025-03-25 07:35:09,042   INFO  Train:    7/30 ( 23%) [ 877/3862 ( 23%)]  Loss: -6.846 (-7.15)  LR: 1.730e-03  Time cost: 49:03/2:46:46 [22:13:02/85:29:48]  Acc_iter 24050       Data time: 0.00(0.04)  Forward time: 3.24(3.31)  Batch time: 3.24(3.35)
2025-03-25 07:36:06,358   INFO  Save latest model to /OpenPCDet/output/nuscenes_models/cbgs_voxel01_res3d_centerpoint_uncertainty/shifted_bounded_uncertainty/ckpt/latest_model
2025-03-25 07:37:43,228   INFO  Train:    7/30 ( 23%) [ 927/3862 ( 24%)]  Loss: -6.712 (-7.15)  LR: 1.735e-03  Time cost: 51:37/2:43:16 [22:15:36/85:04:52]  Acc_iter 24100       Data time: 0.00(0.04)  Forward time: 3.10(3.30)  Batch time: 3.10(3.34)
2025-03-25 07:40:22,352   INFO  Train:    7/30 ( 23%) [ 977/3862 ( 25%)]  Loss: -6.701 (-7.15)  LR: 1.739e-03  Time cost: 54:16/2:40:07 [22:18:15/84:49:56]  Acc_iter 24150       Data time: 0.01(0.03)  Forward time: 2.59(3.30)  Batch time: 2.60(3.33)
2025-03-25 07:40:23,269   INFO  
2025-03-25 07:41:07,967   INFO  Save latest model to /OpenPCDet/output/nuscenes_models/cbgs_voxel01_res3d_centerpoint_uncertainty/shifted_bounded_uncertainty/ckpt/latest_model
2025-03-25 07:42:59,814   INFO  Train:    7/30 ( 23%) [1027/3862 ( 27%)]  Loss: -6.862 (-7.15)  LR: 1.744e-03  Time cost: 56:54/2:36:55 [22:20:52/84:33:44]  Acc_iter 24200       Data time: 0.00(0.03)  Forward time: 2.99(3.29)  Batch time: 3.00(3.32)
2025-03-25 07:45:32,602   INFO  Train:    7/30 ( 23%) [1077/3862 ( 28%)]  Loss: -7.238 (-7.16)  LR: 1.748e-03  Time cost: 59:26/2:33:35 [22:23:25/84:12:10]  Acc_iter 24250       Data time: 0.00(0.03)  Forward time: 2.78(3.28)  Batch time: 2.78(3.31)
2025-03-25 07:46:08,356   INFO  Save latest model to /OpenPCDet/output/nuscenes_models/cbgs_voxel01_res3d_centerpoint_uncertainty/shifted_bounded_uncertainty/ckpt/latest_model
2025-03-25 07:48:05,760   INFO  Train:    7/30 ( 23%) [1127/3862 ( 29%)]  Loss: -7.478 (-7.16)  LR: 1.753e-03  Time cost: 1:02:00/2:30:20 [22:25:58/83:52:47]  Acc_iter 24300       Data time: 0.00(0.03)  Forward time: 3.08(3.27)  Batch time: 3.08(3.30)
2025-03-25 07:48:06,608   INFO  
2025-03-25 07:50:51,268   INFO  Train:    7/30 ( 23%) [1177/3862 ( 30%)]  Loss: -7.085 (-7.16)  LR: 1.758e-03  Time cost: 1:04:45/2:27:36 [22:28:44/83:50:50]  Acc_iter 24350       Data time: 0.00(0.03)  Forward time: 3.67(3.27)  Batch time: 3.67(3.30)
2025-03-25 07:51:07,780   INFO  Save latest model to /OpenPCDet/output/nuscenes_models/cbgs_voxel01_res3d_centerpoint_uncertainty/shifted_bounded_uncertainty/ckpt/latest_model
2025-03-25 07:53:33,313   INFO  Train:    7/30 ( 23%) [1227/3862 ( 32%)]  Loss: -7.235 (-7.17)  LR: 1.762e-03  Time cost: 1:07:27/2:24:45 [22:31:26/83:44:30]  Acc_iter 24400       Data time: 0.00(0.03)  Forward time: 3.44(3.26)  Batch time: 3.44(3.30)
2025-03-25 07:56:03,486   INFO  Train:    7/30 ( 23%) [1277/3862 ( 33%)]  Loss: -7.575 (-7.17)  LR: 1.767e-03  Time cost: 1:09:57/2:21:30 [22:33:56/83:24:18]  Acc_iter 24450       Data time: 0.00(0.03)  Forward time: 3.27(3.25)  Batch time: 3.28(3.28)
2025-03-25 07:56:04,379   INFO  
2025-03-25 07:56:07,917   INFO  Save latest model to /OpenPCDet/output/nuscenes_models/cbgs_voxel01_res3d_centerpoint_uncertainty/shifted_bounded_uncertainty/ckpt/latest_model
2025-03-25 07:58:33,790   INFO  Train:    7/30 ( 23%) [1327/3862 ( 34%)]  Loss: -6.986 (-7.17)  LR: 1.771e-03  Time cost: 1:12:28/2:18:20 [22:36:26/83:05:36]  Acc_iter 24500       Data time: 0.00(0.03)  Forward time: 3.44(3.24)  Batch time: 3.44(3.27)
2025-03-25 08:01:04,662   INFO  Train:    7/30 ( 23%) [1377/3862 ( 36%)]  Loss: -6.932 (-7.17)  LR: 1.776e-03  Time cost: 1:14:59/2:15:13 [22:38:57/82:48:41]  Acc_iter 24550       Data time: 0.00(0.03)  Forward time: 2.39(3.24)  Batch time: 2.39(3.26)
2025-03-25 08:01:08,525   INFO  Save latest model to /OpenPCDet/output/nuscenes_models/cbgs_voxel01_res3d_centerpoint_uncertainty/shifted_bounded_uncertainty/ckpt/latest_model
2025-03-25 08:03:36,192   INFO  Train:    7/30 ( 23%) [1427/3862 ( 37%)]  Loss: -7.711 (-7.18)  LR: 1.780e-03  Time cost: 1:17:30/2:12:10 [22:41:29/82:33:29]  Acc_iter 24600       Data time: 0.00(0.03)  Forward time: 3.28(3.23)  Batch time: 3.28(3.26)
2025-03-25 08:03:37,527   INFO  
2025-03-25 08:06:07,196   INFO  Save latest model to /OpenPCDet/output/nuscenes_models/cbgs_voxel01_res3d_centerpoint_uncertainty/shifted_bounded_uncertainty/ckpt/latest_model
2025-03-25 08:06:13,834   INFO  Train:    7/30 ( 23%) [1477/3862 ( 38%)]  Loss: -7.694 (-7.18)  LR: 1.785e-03  Time cost: 1:20:08/2:09:18 [22:44:06/82:25:26]  Acc_iter 24650       Data time: 0.00(0.03)  Forward time: 3.19(3.22)  Batch time: 3.19(3.25)
2025-03-25 08:08:42,933   INFO  Train:    7/30 ( 23%) [1527/3862 ( 40%)]  Loss: -7.952 (-7.18)  LR: 1.789e-03  Time cost: 1:22:37/2:06:15 [22:46:36/82:09:14]  Acc_iter 24700       Data time: 0.00(0.03)  Forward time: 2.72(3.22)  Batch time: 2.72(3.24)
2025-03-25 08:11:09,308   INFO  Save latest model to /OpenPCDet/output/nuscenes_models/cbgs_voxel01_res3d_centerpoint_uncertainty/shifted_bounded_uncertainty/ckpt/latest_model
2025-03-25 08:11:18,901   INFO  Train:    7/30 ( 23%) [1577/3862 ( 41%)]  Loss: -6.948 (-7.18)  LR: 1.794e-03  Time cost: 1:25:13/2:03:24 [22:49:12/82:00:31]  Acc_iter 24750       Data time: 0.00(0.03)  Forward time: 4.12(3.21)  Batch time: 4.12(3.24)
2025-03-25 08:11:20,201   INFO  
2025-03-25 08:13:53,745   INFO  Train:    7/30 ( 23%) [1627/3862 ( 42%)]  Loss: -6.493 (-7.18)  LR: 1.799e-03  Time cost: 1:27:48/2:00:32 [22:51:46/81:51:08]  Acc_iter 24800       Data time: 0.00(0.03)  Forward time: 2.71(3.21)  Batch time: 2.71(3.24)
2025-03-25 08:16:07,289   INFO  Save latest model to /OpenPCDet/output/nuscenes_models/cbgs_voxel01_res3d_centerpoint_uncertainty/shifted_bounded_uncertainty/ckpt/latest_model
2025-03-25 08:16:29,811   INFO  Train:    7/30 ( 23%) [1677/3862 ( 43%)]  Loss: -7.788 (-7.18)  LR: 1.803e-03  Time cost: 1:30:24/1:57:43 [22:54:22/81:43:15]  Acc_iter 24850       Data time: 0.00(0.03)  Forward time: 3.22(3.21)  Batch time: 3.22(3.23)
2025-03-25 08:19:01,951   INFO  Train:    7/30 ( 23%) [1727/3862 ( 45%)]  Loss: -7.188 (-7.18)  LR: 1.808e-03  Time cost: 1:32:56/1:54:49 [22:56:55/81:32:14]  Acc_iter 24900       Data time: 0.00(0.03)  Forward time: 2.58(3.20)  Batch time: 2.58(3.23)
2025-03-25 08:19:02,743   INFO  
2025-03-25 08:21:07,855   INFO  Save latest model to /OpenPCDet/output/nuscenes_models/cbgs_voxel01_res3d_centerpoint_uncertainty/shifted_bounded_uncertainty/ckpt/latest_model
2025-03-25 08:21:39,575   INFO  Train:    7/30 ( 23%) [1777/3862 ( 46%)]  Loss: -6.624 (-7.18)  LR: 1.812e-03  Time cost: 1:35:33/1:52:04 [22:59:32/81:26:22]  Acc_iter 24950       Data time: 0.00(0.03)  Forward time: 3.14(3.20)  Batch time: 3.14(3.22)
2025-03-25 08:24:22,981   INFO  Train:    7/30 ( 23%) [1827/3862 ( 47%)]  Loss: -7.601 (-7.19)  LR: 1.817e-03  Time cost: 1:38:17/1:49:25 [23:02:16/81:25:29]  Acc_iter 25000       Data time: 0.01(0.03)  Forward time: 3.24(3.20)  Batch time: 3.26(3.23)
2025-03-25 08:26:08,122   INFO  Save latest model to /OpenPCDet/output/nuscenes_models/cbgs_voxel01_res3d_centerpoint_uncertainty/shifted_bounded_uncertainty/ckpt/latest_model
2025-03-25 08:27:07,241   INFO  Train:    7/30 ( 23%) [1877/3862 ( 49%)]  Loss: -7.096 (-7.19)  LR: 1.821e-03  Time cost: 1:41:01/1:46:46 [23:05:00/81:25:10]  Acc_iter 25050       Data time: 0.00(0.03)  Forward time: 3.58(3.20)  Batch time: 3.59(3.23)
2025-03-25 08:27:08,220   INFO  
2025-03-25 08:29:45,684   INFO  Train:    7/30 ( 23%) [1927/3862 ( 50%)]  Loss: -6.799 (-7.19)  LR: 1.826e-03  Time cost: 1:43:40/1:44:02 [23:07:38/81:20:10]  Acc_iter 25100       Data time: 0.00(0.03)  Forward time: 2.78(3.20)  Batch time: 2.78(3.23)
2025-03-25 08:31:06,991   INFO  Save latest model to /OpenPCDet/output/nuscenes_models/cbgs_voxel01_res3d_centerpoint_uncertainty/shifted_bounded_uncertainty/ckpt/latest_model
2025-03-25 08:32:22,904   INFO  Train:    7/30 ( 23%) [1977/3862 ( 51%)]  Loss: -7.481 (-7.20)  LR: 1.830e-03  Time cost: 1:46:17/1:41:17 [23:10:16/81:14:21]  Acc_iter 25150       Data time: 0.00(0.03)  Forward time: 2.62(3.20)  Batch time: 2.62(3.22)
2025-03-25 08:35:05,614   INFO  Train:    7/30 ( 23%) [2027/3862 ( 52%)]  Loss: -7.369 (-7.20)  LR: 1.835e-03  Time cost: 1:48:59/1:38:37 [23:12:58/81:12:47]  Acc_iter 25200       Data time: 0.00(0.03)  Forward time: 2.99(3.20)  Batch time: 2.99(3.22)
2025-03-25 08:35:06,522   INFO  
2025-03-25 08:36:07,424   INFO  Save latest model to /OpenPCDet/output/nuscenes_models/cbgs_voxel01_res3d_centerpoint_uncertainty/shifted_bounded_uncertainty/ckpt/latest_model
2025-03-25 08:37:54,083   INFO  Train:    7/30 ( 23%) [2077/3862 ( 54%)]  Loss: -7.076 (-6.84)  LR: 1.839e-03  Time cost: 1:51:48/1:36:02 [23:15:47/81:15:21]  Acc_iter 25250       Data time: 0.00(0.03)  Forward time: 2.83(3.20)  Batch time: 2.83(3.23)
2025-03-25 08:40:46,305   INFO  Train:    7/30 ( 23%) [2127/3862 ( 55%)]  Loss: -6.731 (2.93)  LR: 1.844e-03  Time cost: 1:54:40/1:33:29 [23:18:39/81:20:20]  Acc_iter 25300       Data time: 0.00(0.03)  Forward time: 3.79(3.21)  Batch time: 3.79(3.23)
2025-03-25 08:41:07,417   INFO  Save latest model to /OpenPCDet/output/nuscenes_models/cbgs_voxel01_res3d_centerpoint_uncertainty/shifted_bounded_uncertainty/ckpt/latest_model
2025-03-25 08:43:37,363   INFO  Train:    7/30 ( 23%) [2177/3862 ( 56%)]  Loss: -7.921 (2.69)  LR: 1.849e-03  Time cost: 1:57:31/1:30:55 [23:21:30/81:24:08]  Acc_iter 25350       Data time: 0.00(0.02)  Forward time: 2.80(3.21)  Batch time: 2.81(3.24)
2025-03-25 08:43:38,338   INFO  
2025-03-25 08:46:08,502   INFO  Save latest model to /OpenPCDet/output/nuscenes_models/cbgs_voxel01_res3d_centerpoint_uncertainty/shifted_bounded_uncertainty/ckpt/latest_model
2025-03-25 08:46:16,465   INFO  Train:    7/30 ( 23%) [2227/3862 ( 58%)]  Loss: -7.446 (2.47)  LR: 1.853e-03  Time cost: 2:00:10/1:28:11 [23:24:09/81:19:33]  Acc_iter 25400       Data time: 0.00(0.02)  Forward time: 2.55(3.21)  Batch time: 2.56(3.24)
2025-03-25 08:48:57,136   INFO  Train:    7/30 ( 23%) [2277/3862 ( 59%)]  Loss: -6.810 (2.26)  LR: 1.858e-03  Time cost: 2:02:51/1:25:28 [23:26:50/81:16:06]  Acc_iter 25450       Data time: 0.00(0.02)  Forward time: 2.85(3.21)  Batch time: 2.85(3.24)
2025-03-25 08:51:08,875   INFO  Save latest model to /OpenPCDet/output/nuscenes_models/cbgs_voxel01_res3d_centerpoint_uncertainty/shifted_bounded_uncertainty/ckpt/latest_model
2025-03-25 08:51:29,450   INFO  Train:    7/30 ( 23%) [2327/3862 ( 60%)]  Loss: -7.040 (2.05)  LR: 1.862e-03  Time cost: 2:05:23/1:22:40 [23:29:22/81:07:16]  Acc_iter 25500       Data time: 0.00(0.02)  Forward time: 3.64(3.21)  Batch time: 3.65(3.23)
2025-03-25 08:51:30,297   INFO  
2025-03-25 08:54:12,055   INFO  Train:    7/30 ( 23%) [2377/3862 ( 62%)]  Loss: -7.517 (1.85)  LR: 1.867e-03  Time cost: 2:08:06/1:19:59 [23:32:05/81:05:13]  Acc_iter 25550       Data time: 0.00(0.02)  Forward time: 2.88(3.21)  Batch time: 2.88(3.23)
2025-03-25 08:56:09,822   INFO  Save latest model to /OpenPCDet/output/nuscenes_models/cbgs_voxel01_res3d_centerpoint_uncertainty/shifted_bounded_uncertainty/ckpt/latest_model
2025-03-25 08:56:44,719   INFO  Train:    7/30 ( 23%) [2427/3862 ( 63%)]  Loss: -7.537 (1.67)  LR: 1.871e-03  Time cost: 2:10:39/1:17:13 [23:34:37/80:56:58]  Acc_iter 25600       Data time: 0.00(0.02)  Forward time: 2.92(3.20)  Batch time: 2.93(3.23)
2025-03-25 08:59:30,488   INFO  Train:    7/30 ( 23%) [2477/3862 ( 64%)]  Loss: -7.650 (1.48)  LR: 1.876e-03  Time cost: 2:13:24/1:14:34 [23:37:23/80:56:55]  Acc_iter 25650       Data time: 0.01(0.02)  Forward time: 3.02(3.21)  Batch time: 3.03(3.23)
2025-03-25 08:59:31,579   INFO  
2025-03-25 09:01:06,372   INFO  Save latest model to /OpenPCDet/output/nuscenes_models/cbgs_voxel01_res3d_centerpoint_uncertainty/shifted_bounded_uncertainty/ckpt/latest_model
2025-03-25 09:02:11,028   INFO  Train:    7/30 ( 23%) [2527/3862 ( 65%)]  Loss: -7.742 (1.31)  LR: 1.880e-03  Time cost: 2:16:05/1:11:52 [23:40:04/80:53:38]  Acc_iter 25700       Data time: 0.00(0.02)  Forward time: 3.03(3.21)  Batch time: 3.04(3.23)
2025-03-25 09:04:46,410   INFO  Train:    7/30 ( 23%) [2577/3862 ( 67%)]  Loss: -6.963 (1.14)  LR: 1.885e-03  Time cost: 2:18:40/1:09:07 [23:42:39/80:47:23]  Acc_iter 25750       Data time: 0.00(0.02)  Forward time: 2.84(3.20)  Batch time: 2.84(3.23)
2025-03-25 09:06:08,456   INFO  Save latest model to /OpenPCDet/output/nuscenes_models/cbgs_voxel01_res3d_centerpoint_uncertainty/shifted_bounded_uncertainty/ckpt/latest_model
2025-03-25 09:07:22,663   INFO  Train:    7/30 ( 23%) [2627/3862 ( 68%)]  Loss: -7.278 (0.978)  LR: 1.889e-03  Time cost: 2:21:17/1:06:23 [23:45:15/80:41:46]  Acc_iter 25800       Data time: 0.00(0.02)  Forward time: 3.53(3.20)  Batch time: 3.54(3.23)
2025-03-25 09:07:23,826   INFO  
2025-03-25 09:10:01,602   INFO  Train:    7/30 ( 23%) [2677/3862 ( 69%)]  Loss: -6.999 (0.822)  LR: 1.894e-03  Time cost: 2:23:55/1:03:41 [23:47:54/80:37:46]  Acc_iter 25850       Data time: 0.00(0.02)  Forward time: 3.10(3.20)  Batch time: 3.10(3.22)
2025-03-25 09:11:09,227   INFO  Save latest model to /OpenPCDet/output/nuscenes_models/cbgs_voxel01_res3d_centerpoint_uncertainty/shifted_bounded_uncertainty/ckpt/latest_model
2025-03-25 09:12:41,510   INFO  Train:    7/30 ( 23%) [2727/3862 ( 71%)]  Loss: -7.296 (0.671)  LR: 1.898e-03  Time cost: 2:26:35/1:00:59 [23:50:34/80:34:21]  Acc_iter 25900       Data time: 0.00(0.02)  Forward time: 3.44(3.20)  Batch time: 3.44(3.22)
2025-03-25 09:15:20,019   INFO  Train:    7/30 ( 23%) [2777/3862 ( 72%)]  Loss: -7.379 (0.528)  LR: 1.903e-03  Time cost: 2:29:14/58:17 [23:53:13/80:30:12]  Acc_iter 25950       Data time: 0.00(0.02)  Forward time: 2.97(3.20)  Batch time: 2.98(3.22)
2025-03-25 09:15:20,839   INFO  
2025-03-25 09:16:07,586   INFO  Save latest model to /OpenPCDet/output/nuscenes_models/cbgs_voxel01_res3d_centerpoint_uncertainty/shifted_bounded_uncertainty/ckpt/latest_model
2025-03-25 09:18:07,304   INFO  Train:    7/30 ( 23%) [2827/3862 ( 73%)]  Loss: -7.321 (0.389)  LR: 1.907e-03  Time cost: 2:32:01/55:38 [23:56:00/80:30:45]  Acc_iter 26000       Data time: 0.00(0.02)  Forward time: 3.98(3.20)  Batch time: 3.98(3.23)
2025-03-25 09:20:56,856   INFO  Train:    7/30 ( 23%) [2877/3862 ( 74%)]  Loss: -7.463 (0.255)  LR: 1.912e-03  Time cost: 2:34:51/52:59 [23:58:49/80:32:22]  Acc_iter 26050       Data time: 0.00(0.02)  Forward time: 2.43(3.21)  Batch time: 2.43(3.23)
2025-03-25 09:21:07,182   INFO  Save latest model to /OpenPCDet/output/nuscenes_models/cbgs_voxel01_res3d_centerpoint_uncertainty/shifted_bounded_uncertainty/ckpt/latest_model
2025-03-25 09:23:45,335   INFO  Train:    7/30 ( 23%) [2927/3862 ( 76%)]  Loss: -7.629 (0.127)  LR: 1.916e-03  Time cost: 2:37:39/50:20 [24:01:38/80:33:17]  Acc_iter 26100       Data time: 0.00(0.02)  Forward time: 3.58(3.21)  Batch time: 3.59(3.23)
2025-03-25 09:23:46,373   INFO  
2025-03-25 09:26:06,298   INFO  Save latest model to /OpenPCDet/output/nuscenes_models/cbgs_voxel01_res3d_centerpoint_uncertainty/shifted_bounded_uncertainty/ckpt/latest_model
2025-03-25 09:26:35,993   INFO  Train:    7/30 ( 23%) [2977/3862 ( 77%)]  Loss: -7.385 (0.000342)  LR: 1.921e-03  Time cost: 2:40:30/47:41 [24:04:29/80:35:10]  Acc_iter 26150       Data time: 0.00(0.02)  Forward time: 3.03(3.21)  Batch time: 3.04(3.23)
2025-03-25 09:29:20,795   INFO  Train:    7/30 ( 23%) [3027/3862 ( 78%)]  Loss: -6.906 (-0.122)  LR: 1.925e-03  Time cost: 2:43:15/45:01 [24:07:13/80:34:01]  Acc_iter 26200       Data time: 0.00(0.02)  Forward time: 2.84(3.21)  Batch time: 2.84(3.23)
2025-03-25 09:31:08,516   INFO  Save latest model to /OpenPCDet/output/nuscenes_models/cbgs_voxel01_res3d_centerpoint_uncertainty/shifted_bounded_uncertainty/ckpt/latest_model
2025-03-25 09:31:55,183   INFO  Train:    7/30 ( 23%) [3077/3862 ( 80%)]  Loss: -7.140 (-0.241)  LR: 1.930e-03  Time cost: 2:45:49/42:17 [24:09:48/80:27:45]  Acc_iter 26250       Data time: 0.01(0.02)  Forward time: 4.00(3.21)  Batch time: 4.01(3.23)
2025-03-25 09:31:56,489   INFO  
2025-03-25 09:34:41,666   INFO  Train:    7/30 ( 23%) [3127/3862 ( 81%)]  Loss: -6.948 (-0.354)  LR: 1.934e-03  Time cost: 2:48:36/39:37 [24:12:34/80:27:22]  Acc_iter 26300       Data time: 0.00(0.02)  Forward time: 3.17(3.21)  Batch time: 3.17(3.23)
2025-03-25 09:36:08,173   INFO  Save latest model to /OpenPCDet/output/nuscenes_models/cbgs_voxel01_res3d_centerpoint_uncertainty/shifted_bounded_uncertainty/ckpt/latest_model
2025-03-25 09:37:22,712   INFO  Train:    7/30 ( 23%) [3177/3862 ( 82%)]  Loss: -7.019 (-0.463)  LR: 1.938e-03  Time cost: 2:51:17/36:55 [24:15:15/80:24:22]  Acc_iter 26350       Data time: 0.00(0.02)  Forward time: 2.73(3.21)  Batch time: 2.74(3.23)
2025-03-25 09:40:03,078   INFO  Train:    7/30 ( 23%) [3227/3862 ( 84%)]  Loss: -7.039 (-0.572)  LR: 1.943e-03  Time cost: 2:53:57/34:13 [24:17:56/80:21:04]  Acc_iter 26400       Data time: 0.00(0.02)  Forward time: 3.51(3.21)  Batch time: 3.51(3.23)
2025-03-25 09:40:04,150   INFO  
2025-03-25 09:41:08,794   INFO  Save latest model to /OpenPCDet/output/nuscenes_models/cbgs_voxel01_res3d_centerpoint_uncertainty/shifted_bounded_uncertainty/ckpt/latest_model
2025-03-25 09:42:47,687   INFO  Train:    7/30 ( 23%) [3277/3862 ( 85%)]  Loss: -7.131 (-0.675)  LR: 1.947e-03  Time cost: 2:56:42/31:32 [24:20:40/80:19:42]  Acc_iter 26450       Data time: 0.00(0.02)  Forward time: 2.81(3.21)  Batch time: 2.81(3.23)
2025-03-25 09:45:32,991   INFO  Train:    7/30 ( 23%) [3327/3862 ( 86%)]  Loss: -6.160 (-0.775)  LR: 1.952e-03  Time cost: 2:59:27/28:50 [24:23:26/80:18:37]  Acc_iter 26500       Data time: 0.01(0.02)  Forward time: 2.68(3.21)  Batch time: 2.69(3.24)
2025-03-25 09:46:08,335   INFO  Save latest model to /OpenPCDet/output/nuscenes_models/cbgs_voxel01_res3d_centerpoint_uncertainty/shifted_bounded_uncertainty/ckpt/latest_model
2025-03-25 09:48:14,712   INFO  Train:    7/30 ( 23%) [3377/3862 ( 87%)]  Loss: -7.180 (-0.873)  LR: 1.956e-03  Time cost: 3:02:09/26:09 [24:26:07/80:15:54]  Acc_iter 26550       Data time: 0.00(0.02)  Forward time: 2.78(3.21)  Batch time: 2.78(3.24)
2025-03-25 09:48:15,598   INFO  
2025-03-25 09:50:59,167   INFO  Train:    7/30 ( 23%) [3427/3862 ( 89%)]  Loss: -7.229 (-0.967)  LR: 1.961e-03  Time cost: 3:04:53/23:27 [24:28:52/80:14:22]  Acc_iter 26600       Data time: 0.00(0.02)  Forward time: 3.36(3.21)  Batch time: 3.36(3.24)
2025-03-25 09:51:05,962   INFO  Save latest model to /OpenPCDet/output/nuscenes_models/cbgs_voxel01_res3d_centerpoint_uncertainty/shifted_bounded_uncertainty/ckpt/latest_model
2025-03-25 09:53:36,266   INFO  Train:    7/30 ( 23%) [3477/3862 ( 90%)]  Loss: -7.679 (-1.06)  LR: 1.965e-03  Time cost: 3:07:30/20:45 [24:31:29/80:09:39]  Acc_iter 26650       Data time: 0.00(0.02)  Forward time: 2.60(3.21)  Batch time: 2.61(3.23)
2025-03-25 09:56:06,785   INFO  Save latest model to /OpenPCDet/output/nuscenes_models/cbgs_voxel01_res3d_centerpoint_uncertainty/shifted_bounded_uncertainty/ckpt/latest_model
2025-03-25 09:56:10,338   INFO  Train:    7/30 ( 23%) [3527/3862 ( 91%)]  Loss: -7.652 (-1.15)  LR: 1.970e-03  Time cost: 3:10:04/18:02 [24:34:03/80:03:44]  Acc_iter 26700       Data time: 0.40(0.02)  Forward time: 3.55(3.21)  Batch time: 3.95(3.23)
2025-03-25 09:56:11,269   INFO  
2025-03-25 09:58:49,475   INFO  Train:    7/30 ( 23%) [3577/3862 ( 93%)]  Loss: -7.652 (-1.24)  LR: 1.974e-03  Time cost: 3:12:43/15:21 [24:36:42/80:00:00]  Acc_iter 26750       Data time: 0.00(0.02)  Forward time: 2.48(3.21)  Batch time: 2.48(3.23)
2025-03-25 10:01:08,033   INFO  Save latest model to /OpenPCDet/output/nuscenes_models/cbgs_voxel01_res3d_centerpoint_uncertainty/shifted_bounded_uncertainty/ckpt/latest_model
2025-03-25 10:01:36,981   INFO  Train:    7/30 ( 23%) [3627/3862 ( 94%)]  Loss: -6.658 (-1.32)  LR: 1.979e-03  Time cost: 3:15:31/12:39 [24:39:30/79:59:44]  Acc_iter 26800       Data time: 0.00(0.02)  Forward time: 3.72(3.21)  Batch time: 3.72(3.23)
2025-03-25 10:04:12,368   INFO  Train:    7/30 ( 23%) [3677/3862 ( 95%)]  Loss: -7.566 (-1.41)  LR: 1.983e-03  Time cost: 3:18:06/09:57 [24:42:05/79:54:30]  Acc_iter 26850       Data time: 0.00(0.02)  Forward time: 2.77(3.21)  Batch time: 2.77(3.23)
2025-03-25 10:04:13,551   INFO  
2025-03-25 10:06:07,588   INFO  Save latest model to /OpenPCDet/output/nuscenes_models/cbgs_voxel01_res3d_centerpoint_uncertainty/shifted_bounded_uncertainty/ckpt/latest_model
2025-03-25 10:06:49,888   INFO  Train:    7/30 ( 23%) [3727/3862 ( 97%)]  Loss: -7.931 (-1.49)  LR: 1.987e-03  Time cost: 3:20:44/07:16 [24:44:43/79:50:11]  Acc_iter 26900       Data time: 0.00(0.02)  Forward time: 2.95(3.21)  Batch time: 2.95(3.23)
2025-03-25 10:09:35,958   INFO  Train:    7/30 ( 23%) [3777/3862 ( 98%)]  Loss: -7.918 (-1.57)  LR: 1.992e-03  Time cost: 3:23:30/04:34 [24:47:29/79:49:16]  Acc_iter 26950       Data time: 0.00(0.02)  Forward time: 3.50(3.21)  Batch time: 3.51(3.23)
2025-03-25 10:11:08,667   INFO  Save latest model to /OpenPCDet/output/nuscenes_models/cbgs_voxel01_res3d_centerpoint_uncertainty/shifted_bounded_uncertainty/ckpt/latest_model
2025-03-25 10:12:23,339   INFO  Train:    7/30 ( 23%) [3827/3862 ( 99%)]  Loss: -7.804 (-1.64)  LR: 1.996e-03  Time cost: 3:26:17/01:53 [24:50:16/79:48:49]  Acc_iter 27000       Data time: 0.00(0.02)  Forward time: 2.73(3.21)  Batch time: 2.73(3.23)
2025-03-25 10:12:24,335   INFO  
2025-03-25 10:14:08,882   INFO  Train:    7/30 ( 23%) [3861/3862 (100%)]  Loss: -7.473 (-1.70)  LR: 1.999e-03  Time cost: 3:28:03/00:03 [24:52:02/79:45:18]  Acc_iter 27034       Data time: 0.00(0.02)  Forward time: 2.20(3.21)  Batch time: 2.21(3.23)
2025-03-25 10:14:34,019   INFO  Train:    8/30 ( 27%) [   0/3862 (  0%)]  Loss: -8.454 (-8.45)  LR: 1.999e-03  Time cost: 00:22/23:39:24 [24:52:27/544:06:22]  Acc_iter 27035       Data time: 19.13(19.13)  Forward time: 2.93(2.93)  Batch time: 22.05(22.05)
2025-03-25 10:15:29,158   INFO  Train:    8/30 ( 27%) [  15/3862 (  0%)]  Loss: -7.569 (-7.48)  LR: 2.001e-03  Time cost: 01:17/5:09:19 [24:53:22/119:00:57]  Acc_iter 27050       Data time: 0.01(1.20)  Forward time: 3.34(3.62)  Batch time: 3.34(4.82)
2025-03-25 10:18:22,770   INFO  Train:    8/30 ( 27%) [  65/3862 (  2%)]  Loss: -7.711 (-3.81)  LR: 2.005e-03  Time cost: 04:10/4:00:28 [24:56:15/93:41:34]  Acc_iter 27100       Data time: 0.00(0.30)  Forward time: 3.44(3.50)  Batch time: 3.44(3.80)
2025-03-25 10:19:13,692   INFO  Save latest model to /OpenPCDet/output/nuscenes_models/cbgs_voxel01_res3d_centerpoint_uncertainty/shifted_bounded_uncertainty/ckpt/latest_model
2025-03-25 10:21:08,459   INFO  Train:    8/30 ( 27%) [ 115/3862 (  3%)]  Loss: -7.767 (-5.39)  LR: 2.010e-03  Time cost: 06:56/3:44:13 [24:59:01/88:28:31]  Acc_iter 27150       Data time: 0.01(0.17)  Forward time: 2.75(3.42)  Batch time: 2.76(3.59)
2025-03-25 10:21:09,404   INFO  
2025-03-25 10:23:45,992   INFO  Train:    8/30 ( 27%) [ 165/3862 (  4%)]  Loss: -7.376 (-6.00)  LR: 2.014e-03  Time cost: 09:34/3:33:04 [25:01:39/85:09:47]  Acc_iter 27200       Data time: 0.01(0.13)  Forward time: 3.84(3.33)  Batch time: 3.84(3.46)
2025-03-25 10:24:15,019   INFO  Save latest model to /OpenPCDet/output/nuscenes_models/cbgs_voxel01_res3d_centerpoint_uncertainty/shifted_bounded_uncertainty/ckpt/latest_model
2025-03-25 10:26:24,216   INFO  Train:    8/30 ( 27%) [ 215/3862 (  6%)]  Loss: -7.275 (-6.30)  LR: 2.018e-03  Time cost: 12:12/3:26:03 [25:04:17/83:26:34]  Acc_iter 27250       Data time: 0.00(0.11)  Forward time: 3.18(3.28)  Batch time: 3.18(3.39)
2025-03-25 10:29:00,067   INFO  Train:    8/30 ( 27%) [ 265/3862 (  7%)]  Loss: -7.702 (-6.51)  LR: 2.023e-03  Time cost: 14:48/3:20:09 [25:06:53/82:08:00]  Acc_iter 27300       Data time: 0.00(0.09)  Forward time: 2.46(3.25)  Batch time: 2.46(3.34)
2025-03-25 10:29:01,189   INFO  
2025-03-25 10:29:13,387   INFO  Save latest model to /OpenPCDet/output/nuscenes_models/cbgs_voxel01_res3d_centerpoint_uncertainty/shifted_bounded_uncertainty/ckpt/latest_model
2025-03-25 10:31:39,562   INFO  Train:    8/30 ( 27%) [ 315/3862 (  8%)]  Loss: -7.809 (-6.66)  LR: 2.027e-03  Time cost: 17:27/3:15:58 [25:09:32/81:30:29]  Acc_iter 27350       Data time: 0.00(0.08)  Forward time: 3.30(3.23)  Batch time: 3.30(3.32)
2025-03-25 10:34:12,288   INFO  Save latest model to /OpenPCDet/output/nuscenes_models/cbgs_voxel01_res3d_centerpoint_uncertainty/shifted_bounded_uncertainty/ckpt/latest_model
2025-03-25 10:34:23,667   INFO  Train:    8/30 ( 27%) [ 365/3862 (  9%)]  Loss: -6.997 (-6.75)  LR: 2.032e-03  Time cost: 20:11/3:12:57 [25:12:16/81:21:03]  Acc_iter 27400       Data time: 0.00(0.07)  Forward time: 3.07(3.24)  Batch time: 3.07(3.31)
2025-03-25 10:37:16,134   INFO  Train:    8/30 ( 27%) [ 415/3862 ( 11%)]  Loss: -6.863 (-6.83)  LR: 2.036e-03  Time cost: 23:04/3:11:09 [25:15:09/81:42:51]  Acc_iter 27450       Data time: 0.00(0.06)  Forward time: 3.64(3.26)  Batch time: 3.65(3.33)
2025-03-25 10:37:17,698   INFO  
2025-03-25 10:39:15,167   INFO  Save latest model to /OpenPCDet/output/nuscenes_models/cbgs_voxel01_res3d_centerpoint_uncertainty/shifted_bounded_uncertainty/ckpt/latest_model
2025-03-25 10:40:10,491   INFO  Train:    8/30 ( 27%) [ 465/3862 ( 12%)]  Loss: -7.772 (-6.89)  LR: 2.040e-03  Time cost: 25:58/3:09:21 [25:18:03/82:05:20]  Acc_iter 27500       Data time: 0.01(0.06)  Forward time: 3.11(3.28)  Batch time: 3.11(3.34)
2025-03-25 10:43:06,381   INFO  Train:    8/30 ( 27%) [ 515/3862 ( 13%)]  Loss: -7.063 (-6.94)  LR: 2.045e-03  Time cost: 28:54/3:07:30 [25:20:59/82:27:16]  Acc_iter 27550       Data time: 0.00(0.06)  Forward time: 3.40(3.31)  Batch time: 3.41(3.36)
2025-03-25 10:44:13,356   INFO  Save latest model to /OpenPCDet/output/nuscenes_models/cbgs_voxel01_res3d_centerpoint_uncertainty/shifted_bounded_uncertainty/ckpt/latest_model
2025-03-25 10:45:48,925   INFO  Train:    8/30 ( 27%) [ 565/3862 ( 15%)]  Loss: -7.167 (-6.98)  LR: 2.049e-03  Time cost: 31:36/3:04:09 [25:23:42/82:10:08]  Acc_iter 27600       Data time: 0.00(0.05)  Forward time: 3.41(3.30)  Batch time: 3.42(3.35)
2025-03-25 10:45:49,965   INFO  
2025-03-25 10:48:36,564   INFO  Train:    8/30 ( 27%) [ 615/3862 ( 16%)]  Loss: -6.938 (-7.02)  LR: 2.053e-03  Time cost: 34:24/3:01:22 [25:26:29/82:07:29]  Acc_iter 27650       Data time: 0.01(0.05)  Forward time: 3.11(3.30)  Batch time: 3.11(3.35)
2025-03-25 10:49:13,647   INFO  Save latest model to /OpenPCDet/output/nuscenes_models/cbgs_voxel01_res3d_centerpoint_uncertainty/shifted_bounded_uncertainty/ckpt/latest_model
2025-03-25 10:51:23,235   INFO  Train:    8/30 ( 27%) [ 665/3862 ( 17%)]  Loss: -7.798 (-7.06)  LR: 2.058e-03  Time cost: 37:11/2:58:30 [25:29:16/82:02:41]  Acc_iter 27700       Data time: 0.00(0.05)  Forward time: 3.73(3.30)  Batch time: 3.73(3.35)
2025-03-25 10:54:13,891   INFO  Train:    8/30 ( 27%) [ 715/3862 ( 19%)]  Loss: -7.201 (-7.09)  LR: 2.062e-03  Time cost: 40:01/2:55:57 [25:32:07/82:06:20]  Acc_iter 27750       Data time: 0.00(0.04)  Forward time: 3.87(3.31)  Batch time: 3.88(3.35)
2025-03-25 10:54:14,923   INFO  
2025-03-25 10:54:15,335   INFO  Save latest model to /OpenPCDet/output/nuscenes_models/cbgs_voxel01_res3d_centerpoint_uncertainty/shifted_bounded_uncertainty/ckpt/latest_model
2025-03-25 10:57:00,591   INFO  Train:    8/30 ( 27%) [ 765/3862 ( 20%)]  Loss: -7.095 (-7.12)  LR: 2.067e-03  Time cost: 42:48/2:53:05 [25:34:53/82:01:34]  Acc_iter 27800       Data time: 0.00(0.04)  Forward time: 3.72(3.31)  Batch time: 3.72(3.35)
2025-03-25 10:59:14,606   INFO  Save latest model to /OpenPCDet/output/nuscenes_models/cbgs_voxel01_res3d_centerpoint_uncertainty/shifted_bounded_uncertainty/ckpt/latest_model
2025-03-25 10:59:45,494   INFO  Train:    8/30 ( 27%) [ 815/3862 ( 21%)]  Loss: -7.514 (-7.15)  LR: 2.071e-03  Time cost: 45:33/2:50:07 [25:37:38/81:53:48]  Acc_iter 27850       Data time: 0.00(0.04)  Forward time: 3.83(3.31)  Batch time: 3.83(3.35)
2025-03-25 11:02:42,127   INFO  Train:    8/30 ( 27%) [ 865/3862 ( 22%)]  Loss: -7.633 (-7.17)  LR: 2.075e-03  Time cost: 48:30/2:47:51 [25:40:35/82:06:29]  Acc_iter 27900       Data time: 0.00(0.04)  Forward time: 3.96(3.32)  Batch time: 3.96(3.36)
2025-03-25 11:02:43,304   INFO  
2025-03-25 11:04:13,701   INFO  Save latest model to /OpenPCDet/output/nuscenes_models/cbgs_voxel01_res3d_centerpoint_uncertainty/shifted_bounded_uncertainty/ckpt/latest_model
2025-03-25 11:05:34,881   INFO  Train:    8/30 ( 27%) [ 915/3862 ( 24%)]  Loss: -7.919 (-7.19)  LR: 2.080e-03  Time cost: 51:22/2:45:18 [25:43:28/82:11:15]  Acc_iter 27950       Data time: 0.00(0.04)  Forward time: 4.13(3.33)  Batch time: 4.13(3.37)
2025-03-25 11:08:29,628   INFO  Train:    8/30 ( 27%) [ 965/3862 ( 25%)]  Loss: -7.901 (-7.21)  LR: 2.084e-03  Time cost: 54:17/2:42:49 [25:46:22/82:18:15]  Acc_iter 28000       Data time: 0.01(0.04)  Forward time: 3.98(3.33)  Batch time: 4.00(3.37)
2025-03-25 11:09:15,272   INFO  Save latest model to /OpenPCDet/output/nuscenes_models/cbgs_voxel01_res3d_centerpoint_uncertainty/shifted_bounded_uncertainty/ckpt/latest_model
2025-03-25 11:11:18,277   INFO  Train:    8/30 ( 27%) [1015/3862 ( 26%)]  Loss: -7.281 (-7.21)  LR: 2.088e-03  Time cost: 57:06/2:40:01 [25:49:11/82:15:29]  Acc_iter 28050       Data time: 0.00(0.04)  Forward time: 2.97(3.34)  Batch time: 2.97(3.37)
2025-03-25 11:11:19,307   INFO  
2025-03-25 11:14:07,039   INFO  Train:    8/30 ( 27%) [1065/3862 ( 28%)]  Loss: -7.614 (-7.22)  LR: 2.093e-03  Time cost: 59:55/2:37:12 [25:52:00/82:12:52]  Acc_iter 28100       Data time: 0.00(0.04)  Forward time: 3.34(3.34)  Batch time: 3.34(3.37)
2025-03-25 11:14:14,581   INFO  Save latest model to /OpenPCDet/output/nuscenes_models/cbgs_voxel01_res3d_centerpoint_uncertainty/shifted_bounded_uncertainty/ckpt/latest_model
2025-03-25 11:16:57,471   INFO  Train:    8/30 ( 27%) [1115/3862 ( 29%)]  Loss: -7.565 (-7.24)  LR: 2.097e-03  Time cost: 1:02:45/2:34:28 [25:54:50/82:12:26]  Acc_iter 28150       Data time: 0.00(0.04)  Forward time: 2.50(3.34)  Batch time: 2.50(3.37)
2025-03-25 11:19:12,716   INFO  Save latest model to /OpenPCDet/output/nuscenes_models/cbgs_voxel01_res3d_centerpoint_uncertainty/shifted_bounded_uncertainty/ckpt/latest_model
2025-03-25 11:19:49,226   INFO  Train:    8/30 ( 27%) [1165/3862 ( 30%)]  Loss: -6.658 (-7.25)  LR: 2.101e-03  Time cost: 1:05:37/2:31:47 [25:57:42/82:13:26]  Acc_iter 28200       Data time: 0.00(0.03)  Forward time: 3.83(3.34)  Batch time: 3.83(3.38)
2025-03-25 11:19:50,175   INFO  
2025-03-25 11:22:37,979   INFO  Train:    8/30 ( 27%) [1215/3862 ( 31%)]  Loss: -7.234 (-7.26)  LR: 2.106e-03  Time cost: 1:08:26/2:28:58 [26:00:31/82:10:32]  Acc_iter 28250       Data time: 0.00(0.03)  Forward time: 3.62(3.34)  Batch time: 3.62(3.38)
2025-03-25 11:24:15,148   INFO  Save latest model to /OpenPCDet/output/nuscenes_models/cbgs_voxel01_res3d_centerpoint_uncertainty/shifted_bounded_uncertainty/ckpt/latest_model
2025-03-25 11:25:19,549   INFO  Train:    8/30 ( 27%) [1265/3862 ( 33%)]  Loss: -7.086 (-7.27)  LR: 2.110e-03  Time cost: 1:11:07/2:25:54 [26:03:12/81:59:20]  Acc_iter 28300       Data time: 0.00(0.03)  Forward time: 3.11(3.34)  Batch time: 3.11(3.37)
2025-03-25 11:28:08,106   INFO  Train:    8/30 ( 27%) [1315/3862 ( 34%)]  Loss: -7.090 (-7.28)  LR: 2.114e-03  Time cost: 1:13:56/2:23:05 [26:06:01/81:56:33]  Acc_iter 28350       Data time: 0.00(0.03)  Forward time: 3.64(3.34)  Batch time: 3.65(3.37)
2025-03-25 11:28:08,911   INFO  
2025-03-25 11:29:13,004   INFO  Save latest model to /OpenPCDet/output/nuscenes_models/cbgs_voxel01_res3d_centerpoint_uncertainty/shifted_bounded_uncertainty/ckpt/latest_model
2025-03-25 11:30:57,743   INFO  Train:    8/30 ( 27%) [1365/3862 ( 35%)]  Loss: -7.263 (-7.29)  LR: 2.118e-03  Time cost: 1:16:45/2:20:19 [26:08:50/81:54:54]  Acc_iter 28400       Data time: 0.00(0.03)  Forward time: 2.88(3.34)  Batch time: 2.88(3.37)
2025-03-25 11:33:49,289   INFO  Train:    8/30 ( 27%) [1415/3862 ( 37%)]  Loss: -7.383 (-7.30)  LR: 2.123e-03  Time cost: 1:19:37/2:17:35 [26:11:42/81:55:08]  Acc_iter 28450       Data time: 0.01(0.03)  Forward time: 3.01(3.34)  Batch time: 3.02(3.37)
2025-03-25 11:34:15,720   INFO  Save latest model to /OpenPCDet/output/nuscenes_models/cbgs_voxel01_res3d_centerpoint_uncertainty/shifted_bounded_uncertainty/ckpt/latest_model
2025-03-25 11:36:34,870   INFO  Train:    8/30 ( 27%) [1465/3862 ( 38%)]  Loss: -7.847 (-7.31)  LR: 2.127e-03  Time cost: 1:22:22/2:14:41 [26:14:27/81:49:14]  Acc_iter 28500       Data time: 0.00(0.03)  Forward time: 3.63(3.34)  Batch time: 3.63(3.37)
2025-03-25 11:36:35,747   INFO  
2025-03-25 11:39:13,703   INFO  Save latest model to /OpenPCDet/output/nuscenes_models/cbgs_voxel01_res3d_centerpoint_uncertainty/shifted_bounded_uncertainty/ckpt/latest_model
2025-03-25 11:39:30,328   INFO  Train:    8/30 ( 27%) [1515/3862 ( 39%)]  Loss: -7.479 (-7.32)  LR: 2.131e-03  Time cost: 1:25:18/2:12:04 [26:17:23/81:53:01]  Acc_iter 28550       Data time: 0.00(0.03)  Forward time: 3.51(3.34)  Batch time: 3.51(3.38)
2025-03-25 11:42:20,894   INFO  Train:    8/30 ( 27%) [1565/3862 ( 41%)]  Loss: -7.585 (-7.32)  LR: 2.136e-03  Time cost: 1:28:08/2:09:17 [26:20:14/81:51:50]  Acc_iter 28600       Data time: 0.00(0.03)  Forward time: 2.81(3.35)  Batch time: 2.82(3.38)
2025-03-25 11:44:13,265   INFO  Save latest model to /OpenPCDet/output/nuscenes_models/cbgs_voxel01_res3d_centerpoint_uncertainty/shifted_bounded_uncertainty/ckpt/latest_model
2025-03-25 11:45:06,486   INFO  Train:    8/30 ( 27%) [1615/3862 ( 42%)]  Loss: -6.785 (-7.33)  LR: 2.140e-03  Time cost: 1:30:54/2:06:24 [26:22:59/81:46:05]  Acc_iter 28650       Data time: 0.04(0.03)  Forward time: 3.74(3.35)  Batch time: 3.78(3.38)
2025-03-25 11:45:07,311   INFO  
2025-03-25 11:47:56,378   INFO  Train:    8/30 ( 27%) [1665/3862 ( 43%)]  Loss: -7.410 (-7.34)  LR: 2.144e-03  Time cost: 1:33:44/2:03:37 [26:25:49/81:44:15]  Acc_iter 28700       Data time: 0.00(0.03)  Forward time: 3.37(3.35)  Batch time: 3.38(3.38)
2025-03-25 11:49:13,093   INFO  Save latest model to /OpenPCDet/output/nuscenes_models/cbgs_voxel01_res3d_centerpoint_uncertainty/shifted_bounded_uncertainty/ckpt/latest_model
2025-03-25 11:50:41,543   INFO  Train:    8/30 ( 27%) [1715/3862 ( 44%)]  Loss: -7.429 (-7.34)  LR: 2.148e-03  Time cost: 1:36:29/2:00:43 [26:28:34/81:38:21]  Acc_iter 28750       Data time: 0.02(0.03)  Forward time: 2.83(3.34)  Batch time: 2.85(3.37)
2025-03-25 11:53:24,761   INFO  Train:    8/30 ( 27%) [1765/3862 ( 46%)]  Loss: -7.642 (-7.35)  LR: 2.153e-03  Time cost: 1:39:12/1:57:48 [26:31:17/81:31:03]  Acc_iter 28800       Data time: 0.00(0.03)  Forward time: 2.39(3.34)  Batch time: 2.39(3.37)
2025-03-25 11:53:25,667   INFO  
2025-03-25 11:54:12,519   INFO  Save latest model to /OpenPCDet/output/nuscenes_models/cbgs_voxel01_res3d_centerpoint_uncertainty/shifted_bounded_uncertainty/ckpt/latest_model
2025-03-25 11:56:09,980   INFO  Train:    8/30 ( 27%) [1815/3862 ( 47%)]  Loss: -7.745 (-7.35)  LR: 2.157e-03  Time cost: 1:41:58/1:54:56 [26:34:03/81:25:35]  Acc_iter 28850       Data time: 0.00(0.03)  Forward time: 4.23(3.34)  Batch time: 4.23(3.37)
2025-03-25 11:58:49,853   INFO  Train:    8/30 ( 27%) [1865/3862 ( 48%)]  Loss: -7.706 (-7.36)  LR: 2.161e-03  Time cost: 1:44:37/1:51:58 [26:36:42/81:16:07]  Acc_iter 28900       Data time: 0.00(0.03)  Forward time: 3.44(3.34)  Batch time: 3.44(3.36)
2025-03-25 11:59:12,899   INFO  Save latest model to /OpenPCDet/output/nuscenes_models/cbgs_voxel01_res3d_centerpoint_uncertainty/shifted_bounded_uncertainty/ckpt/latest_model
2025-03-25 12:01:38,853   INFO  Train:    8/30 ( 27%) [1915/3862 ( 50%)]  Loss: -7.750 (-7.37)  LR: 2.165e-03  Time cost: 1:47:26/1:49:11 [26:39:31/81:13:54]  Acc_iter 28950       Data time: 0.00(0.03)  Forward time: 3.14(3.34)  Batch time: 3.15(3.36)
2025-03-25 12:01:40,114   INFO  
2025-03-25 12:04:12,794   INFO  Save latest model to /OpenPCDet/output/nuscenes_models/cbgs_voxel01_res3d_centerpoint_uncertainty/shifted_bounded_uncertainty/ckpt/latest_model
2025-03-25 12:04:32,503   INFO  Train:    8/30 ( 27%) [1965/3862 ( 51%)]  Loss: -7.694 (-7.37)  LR: 2.169e-03  Time cost: 1:50:20/1:46:28 [26:42:25/81:15:05]  Acc_iter 29000       Data time: 0.00(0.03)  Forward time: 3.33(3.34)  Batch time: 3.33(3.37)
2025-03-25 12:07:15,101   INFO  Train:    8/30 ( 27%) [2015/3862 ( 52%)]  Loss: -7.547 (-7.38)  LR: 2.174e-03  Time cost: 1:53:03/1:43:34 [26:45:08/81:08:08]  Acc_iter 29050       Data time: 0.00(0.03)  Forward time: 3.77(3.34)  Batch time: 3.77(3.36)
2025-03-25 12:09:13,440   INFO  Save latest model to /OpenPCDet/output/nuscenes_models/cbgs_voxel01_res3d_centerpoint_uncertainty/shifted_bounded_uncertainty/ckpt/latest_model
2025-03-25 12:09:59,962   INFO  Train:    8/30 ( 27%) [2065/3862 ( 53%)]  Loss: -7.632 (-7.38)  LR: 2.178e-03  Time cost: 1:55:47/1:40:43 [26:47:53/81:02:58]  Acc_iter 29100       Data time: 0.00(0.03)  Forward time: 3.83(3.34)  Batch time: 3.83(3.36)
2025-03-25 12:10:01,128   INFO  
2025-03-25 12:12:50,235   INFO  Train:    8/30 ( 27%) [2115/3862 ( 55%)]  Loss: -7.209 (-7.38)  LR: 2.182e-03  Time cost: 1:58:38/1:37:56 [26:50:43/81:01:37]  Acc_iter 29150       Data time: 0.00(0.03)  Forward time: 3.69(3.34)  Batch time: 3.70(3.36)
2025-03-25 12:14:15,464   INFO  Save latest model to /OpenPCDet/output/nuscenes_models/cbgs_voxel01_res3d_centerpoint_uncertainty/shifted_bounded_uncertainty/ckpt/latest_model
2025-03-25 12:15:35,758   INFO  Train:    8/30 ( 27%) [2165/3862 ( 56%)]  Loss: -7.754 (-7.39)  LR: 2.186e-03  Time cost: 2:01:23/1:35:06 [26:53:28/80:57:02]  Acc_iter 29200       Data time: 0.00(0.03)  Forward time: 3.95(3.34)  Batch time: 3.95(3.36)
2025-03-25 12:18:24,093   INFO  Train:    8/30 ( 27%) [2215/3862 ( 57%)]  Loss: -8.187 (-7.39)  LR: 2.191e-03  Time cost: 2:04:12/1:32:18 [26:56:17/80:54:21]  Acc_iter 29250       Data time: 0.00(0.03)  Forward time: 3.31(3.34)  Batch time: 3.32(3.36)
2025-03-25 12:18:25,117   INFO  
2025-03-25 12:19:15,417   INFO  Save latest model to /OpenPCDet/output/nuscenes_models/cbgs_voxel01_res3d_centerpoint_uncertainty/shifted_bounded_uncertainty/ckpt/latest_model
2025-03-25 12:21:08,118   INFO  Train:    8/30 ( 27%) [2265/3862 ( 59%)]  Loss: -7.099 (-7.40)  LR: 2.195e-03  Time cost: 2:06:56/1:29:27 [26:59:01/80:48:56]  Acc_iter 29300       Data time: 0.00(0.03)  Forward time: 3.29(3.33)  Batch time: 3.29(3.36)
2025-03-25 12:23:54,061   INFO  Train:    8/30 ( 27%) [2315/3862 ( 60%)]  Loss: -7.598 (-7.40)  LR: 2.199e-03  Time cost: 2:09:42/1:26:38 [27:01:47/80:44:49]  Acc_iter 29350       Data time: 0.00(0.03)  Forward time: 3.49(3.33)  Batch time: 3.49(3.36)
2025-03-25 12:24:13,670   INFO  Save latest model to /OpenPCDet/output/nuscenes_models/cbgs_voxel01_res3d_centerpoint_uncertainty/shifted_bounded_uncertainty/ckpt/latest_model
2025-03-25 12:26:39,759   INFO  Train:    8/30 ( 27%) [2365/3862 ( 61%)]  Loss: -7.604 (-7.41)  LR: 2.203e-03  Time cost: 2:12:27/1:23:48 [27:04:32/80:40:37]  Acc_iter 29400       Data time: 0.00(0.03)  Forward time: 3.50(3.33)  Batch time: 3.50(3.36)
2025-03-25 12:26:41,147   INFO  
2025-03-25 12:29:13,677   INFO  Save latest model to /OpenPCDet/output/nuscenes_models/cbgs_voxel01_res3d_centerpoint_uncertainty/shifted_bounded_uncertainty/ckpt/latest_model
2025-03-25 12:29:22,714   INFO  Train:    8/30 ( 27%) [2415/3862 ( 63%)]  Loss: -7.494 (-7.41)  LR: 2.207e-03  Time cost: 2:15:10/1:20:57 [27:07:15/80:34:50]  Acc_iter 29450       Data time: 0.00(0.03)  Forward time: 2.79(3.33)  Batch time: 2.79(3.36)
2025-03-25 12:32:06,524   INFO  Train:    8/30 ( 27%) [2465/3862 ( 64%)]  Loss: -6.690 (-7.41)  LR: 2.211e-03  Time cost: 2:17:54/1:18:07 [27:09:59/80:29:40]  Acc_iter 29500       Data time: 0.00(0.03)  Forward time: 2.99(3.33)  Batch time: 3.00(3.36)
2025-03-25 12:34:13,886   INFO  Save latest model to /OpenPCDet/output/nuscenes_models/cbgs_voxel01_res3d_centerpoint_uncertainty/shifted_bounded_uncertainty/ckpt/latest_model
2025-03-25 12:34:58,351   INFO  Train:    8/30 ( 27%) [2515/3862 ( 65%)]  Loss: -7.763 (-7.41)  LR: 2.216e-03  Time cost: 2:20:46/1:15:21 [27:12:51/80:29:11]  Acc_iter 29550       Data time: 0.00(0.03)  Forward time: 3.98(3.33)  Batch time: 3.99(3.36)
2025-03-25 12:34:59,408   INFO  
2025-03-25 12:37:46,990   INFO  Train:    8/30 ( 27%) [2565/3862 ( 66%)]  Loss: -7.928 (-7.42)  LR: 2.220e-03  Time cost: 2:23:35/1:12:34 [27:15:40/80:26:50]  Acc_iter 29600       Data time: 0.00(0.03)  Forward time: 3.15(3.33)  Batch time: 3.15(3.36)
2025-03-25 12:39:13,683   INFO  Save latest model to /OpenPCDet/output/nuscenes_models/cbgs_voxel01_res3d_centerpoint_uncertainty/shifted_bounded_uncertainty/ckpt/latest_model
2025-03-25 12:40:37,119   INFO  Train:    8/30 ( 27%) [2615/3862 ( 68%)]  Loss: -7.712 (-7.42)  LR: 2.224e-03  Time cost: 2:26:25/1:09:47 [27:18:30/80:25:17]  Acc_iter 29650       Data time: 0.00(0.03)  Forward time: 3.89(3.33)  Batch time: 3.90(3.36)
2025-03-25 12:43:27,286   INFO  Train:    8/30 ( 27%) [2665/3862 ( 69%)]  Loss: -8.131 (-7.43)  LR: 2.228e-03  Time cost: 2:29:15/1:07:00 [27:21:20/80:23:42]  Acc_iter 29700       Data time: 0.00(0.02)  Forward time: 3.65(3.33)  Batch time: 3.66(3.36)
2025-03-25 12:43:28,085   INFO  
2025-03-25 12:44:13,280   INFO  Save latest model to /OpenPCDet/output/nuscenes_models/cbgs_voxel01_res3d_centerpoint_uncertainty/shifted_bounded_uncertainty/ckpt/latest_model
2025-03-25 12:46:23,547   INFO  Train:    8/30 ( 27%) [2715/3862 ( 70%)]  Loss: -7.901 (-7.43)  LR: 2.232e-03  Time cost: 2:32:11/1:04:16 [27:24:16/80:25:17]  Acc_iter 29750       Data time: 0.01(0.03)  Forward time: 3.62(3.34)  Batch time: 3.63(3.36)
2025-03-25 12:49:14,194   INFO  Save latest model to /OpenPCDet/output/nuscenes_models/cbgs_voxel01_res3d_centerpoint_uncertainty/shifted_bounded_uncertainty/ckpt/latest_model
2025-03-25 12:49:18,157   INFO  Train:    8/30 ( 27%) [2765/3862 ( 72%)]  Loss: -7.000 (-7.43)  LR: 2.236e-03  Time cost: 2:35:06/1:01:30 [27:27:11/80:25:51]  Acc_iter 29800       Data time: 0.36(0.03)  Forward time: 3.96(3.34)  Batch time: 4.32(3.36)
2025-03-25 12:52:05,529   INFO  Train:    8/30 ( 27%) [2815/3862 ( 73%)]  Loss: -8.367 (-7.43)  LR: 2.240e-03  Time cost: 2:37:53/58:42 [27:29:58/80:22:37]  Acc_iter 29850       Data time: 0.00(0.02)  Forward time: 3.47(3.34)  Batch time: 3.48(3.36)
2025-03-25 12:52:06,622   INFO  
2025-03-25 12:54:15,697   INFO  Save latest model to /OpenPCDet/output/nuscenes_models/cbgs_voxel01_res3d_centerpoint_uncertainty/shifted_bounded_uncertainty/ckpt/latest_model
2025-03-25 12:54:52,084   INFO  Train:    8/30 ( 27%) [2865/3862 ( 74%)]  Loss: -7.371 (-7.44)  LR: 2.245e-03  Time cost: 2:40:40/55:53 [27:32:45/80:18:59]  Acc_iter 29900       Data time: 0.01(0.02)  Forward time: 3.51(3.34)  Batch time: 3.52(3.36)
2025-03-25 12:57:46,283   INFO  Train:    8/30 ( 27%) [2915/3862 ( 75%)]  Loss: -7.495 (-7.44)  LR: 2.249e-03  Time cost: 2:43:34/53:07 [27:35:39/80:19:08]  Acc_iter 29950       Data time: 0.00(0.02)  Forward time: 3.94(3.34)  Batch time: 3.94(3.37)
2025-03-25 12:59:13,089   INFO  Save latest model to /OpenPCDet/output/nuscenes_models/cbgs_voxel01_res3d_centerpoint_uncertainty/shifted_bounded_uncertainty/ckpt/latest_model
2025-03-25 13:00:39,298   INFO  Train:    8/30 ( 27%) [2965/3862 ( 77%)]  Loss: -8.028 (-7.44)  LR: 2.253e-03  Time cost: 2:46:27/50:20 [27:38:32/80:18:37]  Acc_iter 30000       Data time: 0.02(0.02)  Forward time: 3.36(3.34)  Batch time: 3.38(3.37)
2025-03-25 13:00:40,299   INFO  
2025-03-25 13:03:31,984   INFO  Train:    8/30 ( 27%) [3015/3862 ( 78%)]  Loss: -7.507 (-7.45)  LR: 2.257e-03  Time cost: 2:49:20/47:33 [27:41:25/80:17:52]  Acc_iter 30050       Data time: 0.01(0.02)  Forward time: 4.26(3.34)  Batch time: 4.27(3.37)
2025-03-25 13:04:15,866   INFO  Save latest model to /OpenPCDet/output/nuscenes_models/cbgs_voxel01_res3d_centerpoint_uncertainty/shifted_bounded_uncertainty/ckpt/latest_model
2025-03-25 13:06:29,796   INFO  Train:    8/30 ( 27%) [3065/3862 ( 79%)]  Loss: -7.627 (-7.45)  LR: 2.261e-03  Time cost: 2:52:17/44:47 [27:44:22/80:19:25]  Acc_iter 30100       Data time: 0.00(0.02)  Forward time: 3.29(3.35)  Batch time: 3.29(3.37)
2025-03-25 13:09:13,330   INFO  Save latest model to /OpenPCDet/output/nuscenes_models/cbgs_voxel01_res3d_centerpoint_uncertainty/shifted_bounded_uncertainty/ckpt/latest_model
2025-03-25 13:09:23,060   INFO  Train:    8/30 ( 27%) [3115/3862 ( 81%)]  Loss: -7.536 (-7.45)  LR: 2.265e-03  Time cost: 2:55:11/41:59 [27:47:16/80:18:45]  Acc_iter 30150       Data time: 0.00(0.02)  Forward time: 2.73(3.35)  Batch time: 2.73(3.37)
2025-03-25 13:09:24,125   INFO  
2025-03-25 13:12:13,221   INFO  Train:    8/30 ( 27%) [3165/3862 ( 82%)]  Loss: -6.920 (-7.45)  LR: 2.269e-03  Time cost: 2:58:01/39:11 [27:50:06/80:16:37]  Acc_iter 30200       Data time: 0.00(0.02)  Forward time: 3.54(3.35)  Batch time: 3.54(3.37)
2025-03-25 13:14:14,882   INFO  Save latest model to /OpenPCDet/output/nuscenes_models/cbgs_voxel01_res3d_centerpoint_uncertainty/shifted_bounded_uncertainty/ckpt/latest_model
2025-03-25 13:14:58,283   INFO  Train:    8/30 ( 27%) [3215/3862 ( 83%)]  Loss: -7.741 (-7.46)  LR: 2.273e-03  Time cost: 3:00:46/36:22 [27:52:51/80:12:12]  Acc_iter 30250       Data time: 0.00(0.02)  Forward time: 3.16(3.35)  Batch time: 3.16(3.37)
2025-03-25 13:17:38,101   INFO  Train:    8/30 ( 27%) [3265/3862 ( 85%)]  Loss: -7.224 (-7.46)  LR: 2.277e-03  Time cost: 3:03:26/33:31 [27:55:31/80:05:33]  Acc_iter 30300       Data time: 0.00(0.02)  Forward time: 3.04(3.35)  Batch time: 3.04(3.37)
2025-03-25 13:17:39,091   INFO  
2025-03-25 13:19:15,770   INFO  Save latest model to /OpenPCDet/output/nuscenes_models/cbgs_voxel01_res3d_centerpoint_uncertainty/shifted_bounded_uncertainty/ckpt/latest_model
2025-03-25 13:20:31,160   INFO  Train:    8/30 ( 27%) [3315/3862 ( 86%)]  Loss: -7.464 (-7.46)  LR: 2.281e-03  Time cost: 3:06:19/30:44 [27:58:24/80:04:42]  Acc_iter 30350       Data time: 0.01(0.02)  Forward time: 3.84(3.35)  Batch time: 3.85(3.37)
2025-03-25 13:23:24,171   INFO  Train:    8/30 ( 27%) [3365/3862 ( 87%)]  Loss: -7.489 (-7.47)  LR: 2.285e-03  Time cost: 3:09:12/27:56 [28:01:17/80:03:46]  Acc_iter 30400       Data time: 0.01(0.02)  Forward time: 3.05(3.35)  Batch time: 3.05(3.37)
2025-03-25 13:24:15,209   INFO  Save latest model to /OpenPCDet/output/nuscenes_models/cbgs_voxel01_res3d_centerpoint_uncertainty/shifted_bounded_uncertainty/ckpt/latest_model
2025-03-25 13:26:11,796   INFO  Train:    8/30 ( 27%) [3415/3862 ( 88%)]  Loss: -7.432 (-7.47)  LR: 2.289e-03  Time cost: 3:11:59/25:07 [28:04:04/80:00:32]  Acc_iter 30450       Data time: 0.00(0.02)  Forward time: 3.49(3.35)  Batch time: 3.50(3.37)
2025-03-25 13:26:12,872   INFO  
2025-03-25 13:28:54,706   INFO  Train:    8/30 ( 27%) [3465/3862 ( 90%)]  Loss: -8.352 (-7.47)  LR: 2.293e-03  Time cost: 3:14:42/22:18 [28:06:47/79:55:23]  Acc_iter 30500       Data time: 0.00(0.02)  Forward time: 3.38(3.35)  Batch time: 3.38(3.37)
2025-03-25 13:29:12,706   INFO  Save latest model to /OpenPCDet/output/nuscenes_models/cbgs_voxel01_res3d_centerpoint_uncertainty/shifted_bounded_uncertainty/ckpt/latest_model
2025-03-25 13:31:38,033   INFO  Train:    8/30 ( 27%) [3515/3862 ( 91%)]  Loss: -7.410 (-7.48)  LR: 2.297e-03  Time cost: 3:17:26/19:29 [28:09:31/79:50:28]  Acc_iter 30550       Data time: 0.00(0.02)  Forward time: 2.43(3.35)  Batch time: 2.43(3.37)
2025-03-25 13:34:14,693   INFO  Save latest model to /OpenPCDet/output/nuscenes_models/cbgs_voxel01_res3d_centerpoint_uncertainty/shifted_bounded_uncertainty/ckpt/latest_model
2025-03-25 13:34:21,808   INFO  Train:    8/30 ( 27%) [3565/3862 ( 92%)]  Loss: -7.606 (-7.48)  LR: 2.301e-03  Time cost: 3:20:09/16:40 [28:12:14/79:45:48]  Acc_iter 30600       Data time: 0.00(0.02)  Forward time: 2.78(3.34)  Batch time: 2.78(3.37)
2025-03-25 13:34:22,990   INFO  
2025-03-25 13:37:10,913   INFO  Train:    8/30 ( 27%) [3615/3862 ( 94%)]  Loss: -7.690 (-7.48)  LR: 2.305e-03  Time cost: 3:22:58/13:51 [28:15:04/79:43:16]  Acc_iter 30650       Data time: 0.00(0.02)  Forward time: 3.19(3.34)  Batch time: 3.19(3.37)
2025-03-25 13:39:13,674   INFO  Save latest model to /OpenPCDet/output/nuscenes_models/cbgs_voxel01_res3d_centerpoint_uncertainty/shifted_bounded_uncertainty/ckpt/latest_model
2025-03-25 13:40:00,965   INFO  Train:    8/30 ( 27%) [3665/3862 ( 95%)]  Loss: -7.669 (-7.49)  LR: 2.309e-03  Time cost: 3:25:48/11:03 [28:17:54/79:41:06]  Acc_iter 30700       Data time: 0.00(0.02)  Forward time: 3.34(3.35)  Batch time: 3.34(3.37)
2025-03-25 13:42:49,825   INFO  Train:    8/30 ( 27%) [3715/3862 ( 96%)]  Loss: -7.971 (-7.49)  LR: 2.313e-03  Time cost: 3:28:37/08:15 [28:20:42/79:38:28]  Acc_iter 30750       Data time: 0.00(0.02)  Forward time: 3.76(3.35)  Batch time: 3.76(3.37)
2025-03-25 13:42:51,057   INFO  
2025-03-25 13:44:14,938   INFO  Save latest model to /OpenPCDet/output/nuscenes_models/cbgs_voxel01_res3d_centerpoint_uncertainty/shifted_bounded_uncertainty/ckpt/latest_model
2025-03-25 13:45:39,304   INFO  Train:    8/30 ( 27%) [3765/3862 ( 97%)]  Loss: -7.836 (-7.49)  LR: 2.317e-03  Time cost: 3:31:27/05:26 [28:23:32/79:36:03]  Acc_iter 30800       Data time: 0.00(0.02)  Forward time: 3.45(3.35)  Batch time: 3.45(3.37)
2025-03-25 13:48:16,838   INFO  Train:    8/30 ( 27%) [3815/3862 ( 99%)]  Loss: -7.215 (-7.49)  LR: 2.321e-03  Time cost: 3:34:04/02:38 [28:26:09/79:29:11]  Acc_iter 30850       Data time: 0.00(0.02)  Forward time: 3.21(3.34)  Batch time: 3.21(3.37)
2025-03-25 13:49:12,401   INFO  Save latest model to /OpenPCDet/output/nuscenes_models/cbgs_voxel01_res3d_centerpoint_uncertainty/shifted_bounded_uncertainty/ckpt/latest_model
2025-03-25 13:50:42,781   INFO  Train:    8/30 ( 27%) [3861/3862 (100%)]  Loss: -7.099 (-7.34)  LR: 2.325e-03  Time cost: 3:36:30/00:03 [28:28:35/79:23:21]  Acc_iter 30896       Data time: 0.00(0.02)  Forward time: 1.97(3.34)  Batch time: 1.97(3.36)
2025-03-25 13:51:02,927   INFO  Train:    9/30 ( 30%) [   0/3862 (  0%)]  Loss: -6.787 (-6.79)  LR: 2.325e-03  Time cost: 00:16/17:51:25 [28:28:56/392:51:27]  Acc_iter 30897       Data time: 13.55(13.55)  Forward time: 3.10(3.10)  Batch time: 16.65(16.65)
2025-03-25 13:51:15,767   INFO  Train:    9/30 ( 30%) [   3/3862 (  0%)]  Loss: -7.446 (-7.38)  LR: 2.325e-03  Time cost: 00:29/7:54:06 [28:29:08/173:58:08]  Acc_iter 30900       Data time: 0.00(3.39)  Forward time: 4.48(3.98)  Batch time: 4.48(7.37)
2025-03-25 13:51:16,755   INFO  
2025-03-25 13:54:12,693   INFO  Train:    9/30 ( 30%) [  53/3862 (  1%)]  Loss: -7.576 (-1.32)  LR: 2.329e-03  Time cost: 03:26/4:02:39 [28:32:05/90:09:25]  Acc_iter 30950       Data time: 0.01(0.28)  Forward time: 4.06(3.55)  Batch time: 4.07(3.82)
2025-03-25 13:55:49,996   INFO  Save latest model to /OpenPCDet/output/nuscenes_models/cbgs_voxel01_res3d_centerpoint_uncertainty/shifted_bounded_uncertainty/ckpt/latest_model
2025-03-25 13:56:53,647   INFO  Train:    9/30 ( 30%) [ 103/3862 (  3%)]  Loss: -7.575 (-4.33)  LR: 2.333e-03  Time cost: 06:07/3:41:18 [28:34:46/83:15:59]  Acc_iter 31000       Data time: 0.04(0.15)  Forward time: 3.01(3.38)  Batch time: 3.06(3.53)
2025-03-25 13:59:40,262   INFO  Train:    9/30 ( 30%) [ 153/3862 (  4%)]  Loss: -7.212 (-5.39)  LR: 2.337e-03  Time cost: 08:53/3:34:20 [28:37:33/81:41:13]  Acc_iter 31050       Data time: 0.00(0.10)  Forward time: 3.57(3.36)  Batch time: 3.57(3.47)
2025-03-25 13:59:41,450   INFO  
2025-03-25 14:00:47,438   INFO  Save latest model to /OpenPCDet/output/nuscenes_models/cbgs_voxel01_res3d_centerpoint_uncertainty/shifted_bounded_uncertainty/ckpt/latest_model
2025-03-25 14:02:26,789   INFO  Train:    9/30 ( 30%) [ 203/3862 (  5%)]  Loss: -8.235 (-5.97)  LR: 2.341e-03  Time cost: 11:40/3:29:24 [28:40:19/80:50:57]  Acc_iter 31100       Data time: 0.00(0.09)  Forward time: 3.92(3.35)  Batch time: 3.93(3.43)
2025-03-25 14:05:13,019   INFO  Train:    9/30 ( 30%) [ 253/3862 (  7%)]  Loss: -7.378 (-6.30)  LR: 2.345e-03  Time cost: 14:26/3:25:15 [28:43:06/80:17:43]  Acc_iter 31150       Data time: 0.00(0.07)  Forward time: 3.35(3.34)  Batch time: 3.36(3.41)
2025-03-25 14:05:48,486   INFO  Save latest model to /OpenPCDet/output/nuscenes_models/cbgs_voxel01_res3d_centerpoint_uncertainty/shifted_bounded_uncertainty/ckpt/latest_model
2025-03-25 14:07:53,165   INFO  Train:    9/30 ( 30%) [ 303/3862 (  8%)]  Loss: -7.131 (-6.52)  LR: 2.349e-03  Time cost: 17:06/3:20:21 [28:45:46/79:26:16]  Acc_iter 31200       Data time: 0.00(0.06)  Forward time: 3.35(3.32)  Batch time: 3.35(3.38)
2025-03-25 14:07:54,189   INFO  
2025-03-25 14:10:40,733   INFO  Train:    9/30 ( 30%) [ 353/3862 (  9%)]  Loss: -7.937 (-6.70)  LR: 2.353e-03  Time cost: 19:54/3:17:19 [28:48:33/79:18:10]  Acc_iter 31250       Data time: 0.00(0.06)  Forward time: 3.60(3.32)  Batch time: 3.60(3.37)
2025-03-25 14:10:46,943   INFO  Save latest model to /OpenPCDet/output/nuscenes_models/cbgs_voxel01_res3d_centerpoint_uncertainty/shifted_bounded_uncertainty/ckpt/latest_model
2025-03-25 14:13:22,369   INFO  Train:    9/30 ( 30%) [ 403/3862 ( 10%)]  Loss: -7.586 (-6.83)  LR: 2.357e-03  Time cost: 22:36/3:13:30 [28:51:15/78:50:41]  Acc_iter 31300       Data time: 0.00(0.05)  Forward time: 3.34(3.31)  Batch time: 3.34(3.36)
2025-03-25 14:15:47,334   INFO  Save latest model to /OpenPCDet/output/nuscenes_models/cbgs_voxel01_res3d_centerpoint_uncertainty/shifted_bounded_uncertainty/ckpt/latest_model
2025-03-25 14:16:07,092   INFO  Train:    9/30 ( 30%) [ 453/3862 ( 12%)]  Loss: -8.238 (-6.93)  LR: 2.361e-03  Time cost: 25:20/3:10:19 [28:54:00/78:38:15]  Acc_iter 31350       Data time: 0.00(0.05)  Forward time: 2.97(3.30)  Batch time: 2.97(3.35)
2025-03-25 14:16:08,103   INFO  
2025-03-25 14:18:52,346   INFO  Train:    9/30 ( 30%) [ 503/3862 ( 13%)]  Loss: -7.634 (-7.00)  LR: 2.364e-03  Time cost: 28:06/3:07:17 [28:56:45/78:29:12]  Acc_iter 31400       Data time: 0.00(0.05)  Forward time: 3.35(3.30)  Batch time: 3.35(3.35)
2025-03-25 14:20:47,133   INFO  Save latest model to /OpenPCDet/output/nuscenes_models/cbgs_voxel01_res3d_centerpoint_uncertainty/shifted_bounded_uncertainty/ckpt/latest_model
2025-03-25 14:21:29,748   INFO  Train:    9/30 ( 30%) [ 553/3862 ( 14%)]  Loss: -8.372 (-7.07)  LR: 2.368e-03  Time cost: 30:43/3:03:30 [28:59:22/78:01:22]  Acc_iter 31450       Data time: 0.00(0.04)  Forward time: 3.48(3.29)  Batch time: 3.48(3.33)
2025-03-25 14:24:13,859   INFO  Train:    9/30 ( 30%) [ 603/3862 ( 16%)]  Loss: -7.507 (-7.12)  LR: 2.372e-03  Time cost: 33:27/3:00:32 [29:02:06/77:53:19]  Acc_iter 31500       Data time: 0.00(0.04)  Forward time: 2.39(3.28)  Batch time: 2.40(3.32)
2025-03-25 14:24:14,988   INFO  
2025-03-25 14:25:47,240   INFO  Save latest model to /OpenPCDet/output/nuscenes_models/cbgs_voxel01_res3d_centerpoint_uncertainty/shifted_bounded_uncertainty/ckpt/latest_model
2025-03-25 14:27:00,487   INFO  Train:    9/30 ( 30%) [ 653/3862 ( 17%)]  Loss: -8.081 (-7.16)  LR: 2.376e-03  Time cost: 36:14/2:57:48 [29:04:53/77:51:29]  Acc_iter 31550       Data time: 0.00(0.04)  Forward time: 3.57(3.29)  Batch time: 3.58(3.32)
2025-03-25 14:29:44,924   INFO  Train:    9/30 ( 30%) [ 703/3862 ( 18%)]  Loss: -7.679 (-7.20)  LR: 2.380e-03  Time cost: 38:58/2:54:53 [29:07:38/77:45:09]  Acc_iter 31600       Data time: 0.00(0.04)  Forward time: 3.25(3.29)  Batch time: 3.25(3.32)
2025-03-25 14:30:49,199   INFO  Save latest model to /OpenPCDet/output/nuscenes_models/cbgs_voxel01_res3d_centerpoint_uncertainty/shifted_bounded_uncertainty/ckpt/latest_model
2025-03-25 14:32:31,386   INFO  Train:    9/30 ( 30%) [ 753/3862 ( 19%)]  Loss: -7.363 (-7.23)  LR: 2.384e-03  Time cost: 41:45/2:52:09 [29:10:24/77:43:04]  Acc_iter 31650       Data time: 0.00(0.03)  Forward time: 4.30(3.29)  Batch time: 4.30(3.32)
2025-03-25 14:32:32,725   INFO  
2025-03-25 14:35:22,793   INFO  Train:    9/30 ( 30%) [ 803/3862 ( 21%)]  Loss: -7.118 (-7.27)  LR: 2.388e-03  Time cost: 44:36/2:49:43 [29:13:15/77:49:31]  Acc_iter 31700       Data time: 0.01(0.03)  Forward time: 3.16(3.29)  Batch time: 3.17(3.33)
2025-03-25 14:35:47,607   INFO  Save latest model to /OpenPCDet/output/nuscenes_models/cbgs_voxel01_res3d_centerpoint_uncertainty/shifted_bounded_uncertainty/ckpt/latest_model
2025-03-25 14:38:04,596   INFO  Train:    9/30 ( 30%) [ 853/3862 ( 22%)]  Loss: -7.727 (-7.28)  LR: 2.391e-03  Time cost: 47:18/2:46:40 [29:15:57/77:39:07]  Acc_iter 31750       Data time: 0.01(0.03)  Forward time: 3.36(3.29)  Batch time: 3.37(3.32)
2025-03-25 14:40:47,641   INFO  Train:    9/30 ( 30%) [ 903/3862 ( 23%)]  Loss: -8.247 (-7.31)  LR: 2.395e-03  Time cost: 50:01/2:43:44 [29:18:40/77:31:29]  Acc_iter 31800       Data time: 0.00(0.03)  Forward time: 2.66(3.29)  Batch time: 2.66(3.32)
2025-03-25 14:40:48,980   INFO  
2025-03-25 14:40:49,295   INFO  Save latest model to /OpenPCDet/output/nuscenes_models/cbgs_voxel01_res3d_centerpoint_uncertainty/shifted_bounded_uncertainty/ckpt/latest_model
2025-03-25 14:43:35,870   INFO  Train:    9/30 ( 30%) [ 953/3862 ( 25%)]  Loss: -8.257 (-7.33)  LR: 2.399e-03  Time cost: 52:49/2:41:04 [29:21:28/77:31:59]  Acc_iter 31850       Data time: 0.00(0.03)  Forward time: 3.94(3.29)  Batch time: 3.94(3.32)
2025-03-25 14:45:49,191   INFO  Save latest model to /OpenPCDet/output/nuscenes_models/cbgs_voxel01_res3d_centerpoint_uncertainty/shifted_bounded_uncertainty/ckpt/latest_model
2025-03-25 14:46:18,783   INFO  Train:    9/30 ( 30%) [1003/3862 ( 26%)]  Loss: -7.539 (-7.35)  LR: 2.403e-03  Time cost: 55:32/2:38:09 [29:24:11/77:24:45]  Acc_iter 31900       Data time: 0.00(0.03)  Forward time: 3.34(3.29)  Batch time: 3.34(3.32)
2025-03-25 14:49:05,165   INFO  Train:    9/30 ( 30%) [1053/3862 ( 27%)]  Loss: -7.491 (-7.37)  LR: 2.407e-03  Time cost: 58:18/2:35:24 [29:26:58/77:22:32]  Acc_iter 31950       Data time: 0.00(0.03)  Forward time: 3.10(3.29)  Batch time: 3.10(3.32)
2025-03-25 14:49:06,497   INFO  
2025-03-25 14:50:49,668   INFO  Save latest model to /OpenPCDet/output/nuscenes_models/cbgs_voxel01_res3d_centerpoint_uncertainty/shifted_bounded_uncertainty/ckpt/latest_model
2025-03-25 14:51:50,369   INFO  Train:    9/30 ( 30%) [1103/3862 ( 29%)]  Loss: -7.823 (-7.39)  LR: 2.410e-03  Time cost: 1:01:04/2:32:36 [29:29:43/77:18:47]  Acc_iter 32000       Data time: 0.01(0.03)  Forward time: 3.32(3.29)  Batch time: 3.33(3.32)
2025-03-25 14:54:32,625   INFO  Train:    9/30 ( 30%) [1153/3862 ( 30%)]  Loss: -7.827 (-7.41)  LR: 2.414e-03  Time cost: 1:03:46/2:29:42 [29:32:25/77:11:34]  Acc_iter 32050       Data time: 0.00(0.03)  Forward time: 3.62(3.29)  Batch time: 3.62(3.32)
2025-03-25 14:55:48,031   INFO  Save latest model to /OpenPCDet/output/nuscenes_models/cbgs_voxel01_res3d_centerpoint_uncertainty/shifted_bounded_uncertainty/ckpt/latest_model
2025-03-25 14:57:16,990   INFO  Train:    9/30 ( 30%) [1203/3862 ( 31%)]  Loss: -7.456 (-7.42)  LR: 2.418e-03  Time cost: 1:06:30/2:26:53 [29:35:10/77:07:09]  Acc_iter 32100       Data time: 0.00(0.03)  Forward time: 3.16(3.29)  Batch time: 3.16(3.31)
2025-03-25 14:57:18,156   INFO  
2025-03-25 15:00:03,051   INFO  Train:    9/30 ( 30%) [1253/3862 ( 32%)]  Loss: -7.724 (-7.42)  LR: 2.422e-03  Time cost: 1:09:16/2:24:08 [29:37:56/77:04:45]  Acc_iter 32150       Data time: 0.00(0.03)  Forward time: 4.50(3.29)  Batch time: 4.50(3.31)
2025-03-25 15:00:49,397   INFO  Save latest model to /OpenPCDet/output/nuscenes_models/cbgs_voxel01_res3d_centerpoint_uncertainty/shifted_bounded_uncertainty/ckpt/latest_model
2025-03-25 15:02:48,585   INFO  Train:    9/30 ( 30%) [1303/3862 ( 34%)]  Loss: -7.772 (-7.43)  LR: 2.426e-03  Time cost: 1:12:02/2:21:22 [29:40:41/77:01:46]  Acc_iter 32200       Data time: 0.00(0.03)  Forward time: 3.25(3.29)  Batch time: 3.26(3.31)
2025-03-25 15:05:31,432   INFO  Train:    9/30 ( 30%) [1353/3862 ( 35%)]  Loss: -7.480 (-7.45)  LR: 2.429e-03  Time cost: 1:14:45/2:18:31 [29:43:24/76:56:03]  Acc_iter 32250       Data time: 0.01(0.03)  Forward time: 2.95(3.29)  Batch time: 2.96(3.31)
2025-03-25 15:05:32,584   INFO  
2025-03-25 15:05:47,810   INFO  Save latest model to /OpenPCDet/output/nuscenes_models/cbgs_voxel01_res3d_centerpoint_uncertainty/shifted_bounded_uncertainty/ckpt/latest_model
2025-03-25 15:08:10,077   INFO  Train:    9/30 ( 30%) [1403/3862 ( 36%)]  Loss: -8.052 (-7.46)  LR: 2.433e-03  Time cost: 1:17:23/2:15:33 [29:46:03/76:46:21]  Acc_iter 32300       Data time: 0.00(0.03)  Forward time: 3.11(3.28)  Batch time: 3.11(3.31)
2025-03-25 15:10:49,374   INFO  Save latest model to /OpenPCDet/output/nuscenes_models/cbgs_voxel01_res3d_centerpoint_uncertainty/shifted_bounded_uncertainty/ckpt/latest_model
2025-03-25 15:10:52,190   INFO  Train:    9/30 ( 30%) [1453/3862 ( 38%)]  Loss: -7.897 (-7.48)  LR: 2.437e-03  Time cost: 1:20:05/2:12:42 [29:48:45/76:40:29]  Acc_iter 32350       Data time: 0.30(0.03)  Forward time: 2.81(3.28)  Batch time: 3.12(3.31)
2025-03-25 15:13:36,360   INFO  Train:    9/30 ( 30%) [1503/3862 ( 39%)]  Loss: -7.386 (-7.14)  LR: 2.440e-03  Time cost: 1:22:50/2:09:55 [29:51:29/76:36:43]  Acc_iter 32400       Data time: 0.00(0.03)  Forward time: 3.67(3.28)  Batch time: 3.67(3.30)
2025-03-25 15:13:37,674   INFO  
2025-03-25 15:15:48,521   INFO  Save latest model to /OpenPCDet/output/nuscenes_models/cbgs_voxel01_res3d_centerpoint_uncertainty/shifted_bounded_uncertainty/ckpt/latest_model
2025-03-25 15:16:21,840   INFO  Train:    9/30 ( 30%) [1553/3862 ( 40%)]  Loss: -7.887 (-7.16)  LR: 2.444e-03  Time cost: 1:25:35/2:07:10 [29:54:14/76:34:11]  Acc_iter 32450       Data time: 0.00(0.03)  Forward time: 3.54(3.28)  Batch time: 3.55(3.30)
2025-03-25 15:19:08,072   INFO  Train:    9/30 ( 30%) [1603/3862 ( 42%)]  Loss: -8.201 (-7.18)  LR: 2.448e-03  Time cost: 1:28:21/2:04:26 [29:57:01/76:32:17]  Acc_iter 32500       Data time: 0.00(0.03)  Forward time: 2.89(3.28)  Batch time: 2.89(3.31)
2025-03-25 15:20:47,916   INFO  Save latest model to /OpenPCDet/output/nuscenes_models/cbgs_voxel01_res3d_centerpoint_uncertainty/shifted_bounded_uncertainty/ckpt/latest_model
2025-03-25 15:21:51,144   INFO  Train:    9/30 ( 30%) [1653/3862 ( 43%)]  Loss: -7.339 (-7.20)  LR: 2.451e-03  Time cost: 1:31:04/2:01:38 [29:59:44/76:27:41]  Acc_iter 32550       Data time: 0.00(0.03)  Forward time: 3.34(3.28)  Batch time: 3.34(3.30)
2025-03-25 15:21:52,211   INFO  
2025-03-25 15:24:45,286   INFO  Train:    9/30 ( 30%) [1703/3862 ( 44%)]  Loss: -8.320 (-7.20)  LR: 2.455e-03  Time cost: 1:33:59/1:59:04 [30:02:38/76:32:13]  Acc_iter 32600       Data time: 0.01(0.03)  Forward time: 4.29(3.28)  Batch time: 4.30(3.31)
2025-03-25 15:25:50,845   INFO  Save latest model to /OpenPCDet/output/nuscenes_models/cbgs_voxel01_res3d_centerpoint_uncertainty/shifted_bounded_uncertainty/ckpt/latest_model
2025-03-25 15:27:37,601   INFO  Train:    9/30 ( 30%) [1753/3862 ( 45%)]  Loss: -8.176 (-7.21)  LR: 2.459e-03  Time cost: 1:36:51/1:56:27 [30:05:30/76:34:53]  Acc_iter 32650       Data time: 0.00(0.03)  Forward time: 2.80(3.29)  Batch time: 2.81(3.31)
2025-03-25 15:30:37,511   INFO  Train:    9/30 ( 30%) [1803/3862 ( 47%)]  Loss: -8.532 (-7.24)  LR: 2.463e-03  Time cost: 1:39:51/1:53:58 [30:08:30/76:43:04]  Acc_iter 32700       Data time: 0.00(0.02)  Forward time: 3.18(3.30)  Batch time: 3.19(3.32)
2025-03-25 15:30:38,625   INFO  
2025-03-25 15:30:48,647   INFO  Save latest model to /OpenPCDet/output/nuscenes_models/cbgs_voxel01_res3d_centerpoint_uncertainty/shifted_bounded_uncertainty/ckpt/latest_model
2025-03-25 15:33:27,852   INFO  Train:    9/30 ( 30%) [1853/3862 ( 48%)]  Loss: -6.767 (-7.25)  LR: 2.466e-03  Time cost: 1:42:41/1:51:16 [30:11:20/76:43:30]  Acc_iter 32750       Data time: 0.01(0.03)  Forward time: 3.50(3.30)  Batch time: 3.50(3.32)
2025-03-25 15:35:46,771   INFO  Save latest model to /OpenPCDet/output/nuscenes_models/cbgs_voxel01_res3d_centerpoint_uncertainty/shifted_bounded_uncertainty/ckpt/latest_model
2025-03-25 15:36:14,791   INFO  Train:    9/30 ( 30%) [1903/3862 ( 49%)]  Loss: -8.379 (-7.27)  LR: 2.470e-03  Time cost: 1:45:28/1:48:31 [30:14:07/76:41:17]  Acc_iter 32800       Data time: 0.00(0.02)  Forward time: 2.95(3.30)  Batch time: 2.96(3.32)
2025-03-25 15:39:03,287   INFO  Train:    9/30 ( 30%) [1953/3862 ( 51%)]  Loss: -7.385 (-7.28)  LR: 2.473e-03  Time cost: 1:48:17/1:45:47 [30:16:56/76:40:09]  Acc_iter 32850       Data time: 0.01(0.02)  Forward time: 3.03(3.30)  Batch time: 3.04(3.32)
2025-03-25 15:39:04,594   INFO  
2025-03-25 15:40:49,290   INFO  Save latest model to /OpenPCDet/output/nuscenes_models/cbgs_voxel01_res3d_centerpoint_uncertainty/shifted_bounded_uncertainty/ckpt/latest_model
2025-03-25 15:41:57,736   INFO  Train:    9/30 ( 30%) [2003/3862 ( 52%)]  Loss: -8.223 (-7.29)  LR: 2.477e-03  Time cost: 1:51:11/1:43:08 [30:19:50/76:43:02]  Acc_iter 32900       Data time: 0.00(0.02)  Forward time: 3.15(3.30)  Batch time: 3.15(3.33)
2025-03-25 15:44:48,716   INFO  Train:    9/30 ( 30%) [2053/3862 ( 53%)]  Loss: -7.705 (-7.30)  LR: 2.481e-03  Time cost: 1:54:02/1:40:26 [30:22:41/76:43:19]  Acc_iter 32950       Data time: 0.00(0.02)  Forward time: 3.42(3.31)  Batch time: 3.42(3.33)
2025-03-25 15:45:47,904   INFO  Save latest model to /OpenPCDet/output/nuscenes_models/cbgs_voxel01_res3d_centerpoint_uncertainty/shifted_bounded_uncertainty/ckpt/latest_model
2025-03-25 15:47:33,722   INFO  Train:    9/30 ( 30%) [2103/3862 ( 54%)]  Loss: -7.326 (-7.31)  LR: 2.484e-03  Time cost: 1:56:47/1:37:38 [30:25:26/76:39:31]  Acc_iter 33000       Data time: 0.00(0.02)  Forward time: 3.42(3.31)  Batch time: 3.43(3.33)
2025-03-25 15:47:34,883   INFO  
2025-03-25 15:50:21,385   INFO  Train:    9/30 ( 30%) [2153/3862 ( 56%)]  Loss: -7.465 (-7.32)  LR: 2.488e-03  Time cost: 1:59:35/1:34:52 [30:28:14/76:37:28]  Acc_iter 33050       Data time: 0.00(0.02)  Forward time: 3.99(3.31)  Batch time: 3.99(3.33)
2025-03-25 15:50:49,227   INFO  Save latest model to /OpenPCDet/output/nuscenes_models/cbgs_voxel01_res3d_centerpoint_uncertainty/shifted_bounded_uncertainty/ckpt/latest_model
2025-03-25 15:53:09,961   INFO  Train:    9/30 ( 30%) [2203/3862 ( 57%)]  Loss: -7.850 (-7.34)  LR: 2.491e-03  Time cost: 2:02:23/1:32:07 [30:31:03/76:35:57]  Acc_iter 33100       Data time: 0.00(0.02)  Forward time: 3.26(3.31)  Batch time: 3.27(3.33)
2025-03-25 15:55:49,495   INFO  Save latest model to /OpenPCDet/output/nuscenes_models/cbgs_voxel01_res3d_centerpoint_uncertainty/shifted_bounded_uncertainty/ckpt/latest_model
2025-03-25 15:55:55,274   INFO  Train:    9/30 ( 30%) [2253/3862 ( 58%)]  Loss: -7.979 (-7.34)  LR: 2.495e-03  Time cost: 2:05:08/1:29:20 [30:33:48/76:32:24]  Acc_iter 33150       Data time: 0.00(0.02)  Forward time: 2.73(3.31)  Batch time: 2.73(3.33)
2025-03-25 15:55:56,343   INFO  
2025-03-25 15:58:45,874   INFO  Train:    9/30 ( 30%) [2303/3862 ( 60%)]  Loss: -8.127 (-7.35)  LR: 2.499e-03  Time cost: 2:07:59/1:26:36 [30:36:38/76:32:02]  Acc_iter 33200       Data time: 0.00(0.02)  Forward time: 2.79(3.31)  Batch time: 2.79(3.33)
2025-03-25 16:00:47,525   INFO  Save latest model to /OpenPCDet/output/nuscenes_models/cbgs_voxel01_res3d_centerpoint_uncertainty/shifted_bounded_uncertainty/ckpt/latest_model
2025-03-25 16:01:32,868   INFO  Train:    9/30 ( 30%) [2353/3862 ( 61%)]  Loss: -7.897 (-7.36)  LR: 2.502e-03  Time cost: 2:10:46/1:23:49 [30:39:25/76:29:27]  Acc_iter 33250       Data time: 0.00(0.02)  Forward time: 3.28(3.31)  Batch time: 3.28(3.33)
2025-03-25 16:04:17,713   INFO  Train:    9/30 ( 30%) [2403/3862 ( 62%)]  Loss: -8.439 (-7.37)  LR: 2.506e-03  Time cost: 2:13:31/1:21:02 [30:42:10/76:25:38]  Acc_iter 33300       Data time: 0.00(0.02)  Forward time: 2.94(3.31)  Batch time: 2.95(3.33)
2025-03-25 16:04:18,722   INFO  
2025-03-25 16:05:47,631   INFO  Save latest model to /OpenPCDet/output/nuscenes_models/cbgs_voxel01_res3d_centerpoint_uncertainty/shifted_bounded_uncertainty/ckpt/latest_model
2025-03-25 16:06:59,991   INFO  Train:    9/30 ( 30%) [2453/3862 ( 64%)]  Loss: -7.151 (-7.38)  LR: 2.509e-03  Time cost: 2:16:13/1:18:13 [30:44:53/76:20:25]  Acc_iter 33350       Data time: 0.00(0.02)  Forward time: 2.89(3.31)  Batch time: 2.89(3.33)
2025-03-25 16:09:46,830   INFO  Train:    9/30 ( 30%) [2503/3862 ( 65%)]  Loss: -8.322 (-7.39)  LR: 2.513e-03  Time cost: 2:19:00/1:15:26 [30:47:39/76:17:48]  Acc_iter 33400       Data time: 0.00(0.02)  Forward time: 3.26(3.31)  Batch time: 3.26(3.33)
2025-03-25 16:10:48,636   INFO  Save latest model to /OpenPCDet/output/nuscenes_models/cbgs_voxel01_res3d_centerpoint_uncertainty/shifted_bounded_uncertainty/ckpt/latest_model
2025-03-25 16:12:29,165   INFO  Train:    9/30 ( 30%) [2553/3862 ( 66%)]  Loss: -8.268 (-7.39)  LR: 2.516e-03  Time cost: 2:21:42/1:12:37 [30:50:22/76:12:46]  Acc_iter 33450       Data time: 0.00(0.02)  Forward time: 3.00(3.31)  Batch time: 3.00(3.33)
2025-03-25 16:12:30,255   INFO  
2025-03-25 16:15:12,897   INFO  Train:    9/30 ( 30%) [2603/3862 ( 67%)]  Loss: -7.830 (-7.40)  LR: 2.520e-03  Time cost: 2:24:26/1:09:50 [30:53:06/76:08:33]  Acc_iter 33500       Data time: 0.00(0.02)  Forward time: 3.64(3.31)  Batch time: 3.64(3.33)
2025-03-25 16:15:48,932   INFO  Save latest model to /OpenPCDet/output/nuscenes_models/cbgs_voxel01_res3d_centerpoint_uncertainty/shifted_bounded_uncertainty/ckpt/latest_model
2025-03-25 16:17:56,189   INFO  Train:    9/30 ( 30%) [2653/3862 ( 69%)]  Loss: -7.548 (-7.41)  LR: 2.523e-03  Time cost: 2:27:09/1:07:02 [30:55:49/76:04:10]  Acc_iter 33550       Data time: 0.00(0.02)  Forward time: 3.52(3.30)  Batch time: 3.52(3.33)
2025-03-25 16:20:41,135   INFO  Train:    9/30 ( 30%) [2703/3862 ( 70%)]  Loss: -7.719 (-7.42)  LR: 2.527e-03  Time cost: 2:29:54/1:04:15 [30:58:34/76:00:41]  Acc_iter 33600       Data time: 0.01(0.02)  Forward time: 2.90(3.30)  Batch time: 2.91(3.33)
2025-03-25 16:20:42,251   INFO  
2025-03-25 16:20:48,405   INFO  Save latest model to /OpenPCDet/output/nuscenes_models/cbgs_voxel01_res3d_centerpoint_uncertainty/shifted_bounded_uncertainty/ckpt/latest_model
2025-03-25 16:23:27,329   INFO  Train:    9/30 ( 30%) [2753/3862 ( 71%)]  Loss: -7.878 (-7.42)  LR: 2.530e-03  Time cost: 2:32:41/1:01:29 [31:01:20/75:57:50]  Acc_iter 33650       Data time: 0.01(0.02)  Forward time: 3.35(3.30)  Batch time: 3.36(3.33)
2025-03-25 16:25:48,166   INFO  Save latest model to /OpenPCDet/output/nuscenes_models/cbgs_voxel01_res3d_centerpoint_uncertainty/shifted_bounded_uncertainty/ckpt/latest_model
2025-03-25 16:26:10,948   INFO  Train:    9/30 ( 30%) [2803/3862 ( 73%)]  Loss: -8.417 (-7.43)  LR: 2.534e-03  Time cost: 2:35:24/58:41 [31:04:04/75:53:45]  Acc_iter 33700       Data time: 0.00(0.02)  Forward time: 2.70(3.30)  Batch time: 2.71(3.33)
2025-03-25 16:28:54,690   INFO  Train:    9/30 ( 30%) [2853/3862 ( 74%)]  Loss: -7.890 (-7.44)  LR: 2.537e-03  Time cost: 2:38:08/55:54 [31:06:47/75:49:46]  Acc_iter 33750       Data time: 0.00(0.02)  Forward time: 3.00(3.30)  Batch time: 3.01(3.32)
2025-03-25 16:28:55,650   INFO  
2025-03-25 16:30:48,830   INFO  Save latest model to /OpenPCDet/output/nuscenes_models/cbgs_voxel01_res3d_centerpoint_uncertainty/shifted_bounded_uncertainty/ckpt/latest_model
2025-03-25 16:31:38,326   INFO  Train:    9/30 ( 30%) [2903/3862 ( 75%)]  Loss: -7.829 (-7.45)  LR: 2.541e-03  Time cost: 2:40:52/53:07 [31:09:31/75:45:46]  Acc_iter 33800       Data time: 0.01(0.02)  Forward time: 3.48(3.30)  Batch time: 3.49(3.32)
2025-03-25 16:34:16,570   INFO  Train:    9/30 ( 30%) [2953/3862 ( 76%)]  Loss: -7.269 (-7.45)  LR: 2.544e-03  Time cost: 2:43:30/50:18 [31:12:09/75:39:20]  Acc_iter 33850       Data time: 0.00(0.02)  Forward time: 2.88(3.30)  Batch time: 2.88(3.32)
2025-03-25 16:35:49,722   INFO  Save latest model to /OpenPCDet/output/nuscenes_models/cbgs_voxel01_res3d_centerpoint_uncertainty/shifted_bounded_uncertainty/ckpt/latest_model
2025-03-25 16:36:58,317   INFO  Train:    9/30 ( 30%) [3003/3862 ( 78%)]  Loss: -7.427 (-7.46)  LR: 2.547e-03  Time cost: 2:46:12/47:31 [31:14:51/75:34:36]  Acc_iter 33900       Data time: 0.00(0.02)  Forward time: 2.84(3.30)  Batch time: 2.85(3.32)
2025-03-25 16:36:59,426   INFO  
2025-03-25 16:39:44,724   INFO  Train:    9/30 ( 30%) [3053/3862 ( 79%)]  Loss: -7.811 (-7.46)  LR: 2.551e-03  Time cost: 2:48:58/44:45 [31:17:37/75:32:02]  Acc_iter 33950       Data time: 0.00(0.02)  Forward time: 3.29(3.30)  Batch time: 3.30(3.32)
2025-03-25 16:40:47,305   INFO  Save latest model to /OpenPCDet/output/nuscenes_models/cbgs_voxel01_res3d_centerpoint_uncertainty/shifted_bounded_uncertainty/ckpt/latest_model
2025-03-25 16:42:32,195   INFO  Train:    9/30 ( 30%) [3103/3862 ( 80%)]  Loss: -8.381 (-7.46)  LR: 2.554e-03  Time cost: 2:51:45/42:00 [31:20:25/75:29:55]  Acc_iter 34000       Data time: 0.00(0.02)  Forward time: 2.95(3.30)  Batch time: 2.95(3.32)
2025-03-25 16:45:19,499   INFO  Train:    9/30 ( 30%) [3153/3862 ( 82%)]  Loss: -7.775 (-7.47)  LR: 2.558e-03  Time cost: 2:54:33/39:14 [31:23:12/75:27:42]  Acc_iter 34050       Data time: 0.00(0.02)  Forward time: 3.54(3.30)  Batch time: 3.54(3.32)
2025-03-25 16:45:20,643   INFO  
2025-03-25 16:45:47,144   INFO  Save latest model to /OpenPCDet/output/nuscenes_models/cbgs_voxel01_res3d_centerpoint_uncertainty/shifted_bounded_uncertainty/ckpt/latest_model
2025-03-25 16:48:03,325   INFO  Train:    9/30 ( 30%) [3203/3862 ( 83%)]  Loss: -7.493 (-7.48)  LR: 2.561e-03  Time cost: 2:57:17/36:27 [31:25:56/75:24:00]  Acc_iter 34100       Data time: 0.00(0.02)  Forward time: 3.52(3.30)  Batch time: 3.52(3.32)
2025-03-25 16:50:47,170   INFO  Save latest model to /OpenPCDet/output/nuscenes_models/cbgs_voxel01_res3d_centerpoint_uncertainty/shifted_bounded_uncertainty/ckpt/latest_model
2025-03-25 16:50:50,042   INFO  Train:    9/30 ( 30%) [3253/3862 ( 84%)]  Loss: -7.759 (-7.48)  LR: 2.564e-03  Time cost: 3:00:03/33:41 [31:28:43/75:21:32]  Acc_iter 34150       Data time: 0.28(0.02)  Forward time: 2.87(3.30)  Batch time: 3.15(3.32)
2025-03-25 16:53:39,947   INFO  Train:    9/30 ( 30%) [3303/3862 ( 86%)]  Loss: -8.173 (-7.49)  LR: 2.568e-03  Time cost: 3:02:53/30:56 [31:31:33/75:20:22]  Acc_iter 34200       Data time: 0.00(0.02)  Forward time: 3.55(3.30)  Batch time: 3.55(3.32)
2025-03-25 16:53:41,069   INFO  
2025-03-25 16:55:49,440   INFO  Save latest model to /OpenPCDet/output/nuscenes_models/cbgs_voxel01_res3d_centerpoint_uncertainty/shifted_bounded_uncertainty/ckpt/latest_model
2025-03-25 16:56:28,587   INFO  Train:    9/30 ( 30%) [3353/3862 ( 87%)]  Loss: -7.160 (-7.50)  LR: 2.571e-03  Time cost: 3:05:42/28:10 [31:34:21/75:18:39]  Acc_iter 34250       Data time: 0.01(0.02)  Forward time: 4.42(3.30)  Batch time: 4.43(3.32)
2025-03-25 16:59:12,081   INFO  Train:    9/30 ( 30%) [3403/3862 ( 88%)]  Loss: -7.849 (-7.50)  LR: 2.574e-03  Time cost: 3:08:25/25:24 [31:37:05/75:14:50]  Acc_iter 34300       Data time: 0.00(0.02)  Forward time: 2.74(3.30)  Batch time: 2.75(3.32)
2025-03-25 17:00:49,197   INFO  Save latest model to /OpenPCDet/output/nuscenes_models/cbgs_voxel01_res3d_centerpoint_uncertainty/shifted_bounded_uncertainty/ckpt/latest_model
2025-03-25 17:01:58,368   INFO  Train:    9/30 ( 30%) [3453/3862 ( 89%)]  Loss: -7.640 (-7.51)  LR: 2.578e-03  Time cost: 3:11:12/22:38 [31:39:51/75:12:09]  Acc_iter 34350       Data time: 0.00(0.02)  Forward time: 2.68(3.30)  Batch time: 2.68(3.32)
2025-03-25 17:01:59,780   INFO  
2025-03-25 17:04:47,496   INFO  Train:    9/30 ( 30%) [3503/3862 ( 91%)]  Loss: -7.985 (-7.52)  LR: 2.581e-03  Time cost: 3:14:01/19:52 [31:42:40/75:10:34]  Acc_iter 34400       Data time: 0.00(0.02)  Forward time: 2.92(3.30)  Batch time: 2.93(3.32)
2025-03-25 17:05:48,982   INFO  Save latest model to /OpenPCDet/output/nuscenes_models/cbgs_voxel01_res3d_centerpoint_uncertainty/shifted_bounded_uncertainty/ckpt/latest_model
2025-03-25 17:07:38,718   INFO  Train:    9/30 ( 30%) [3553/3862 ( 92%)]  Loss: -8.100 (-7.52)  LR: 2.584e-03  Time cost: 3:16:52/17:07 [31:45:31/75:09:45]  Acc_iter 34450       Data time: 0.00(0.02)  Forward time: 3.68(3.30)  Batch time: 3.68(3.32)
2025-03-25 17:10:16,151   INFO  Train:    9/30 ( 30%) [3603/3862 ( 93%)]  Loss: -8.206 (-7.52)  LR: 2.588e-03  Time cost: 3:19:29/14:20 [31:48:09/75:03:42]  Acc_iter 34500       Data time: 0.00(0.02)  Forward time: 3.57(3.30)  Batch time: 3.57(3.32)
2025-03-25 17:10:17,403   INFO  
2025-03-25 17:10:49,433   INFO  Save latest model to /OpenPCDet/output/nuscenes_models/cbgs_voxel01_res3d_centerpoint_uncertainty/shifted_bounded_uncertainty/ckpt/latest_model
2025-03-25 17:13:00,784   INFO  Train:    9/30 ( 30%) [3653/3862 ( 95%)]  Loss: -8.305 (-7.53)  LR: 2.591e-03  Time cost: 3:22:14/11:34 [31:50:53/75:00:24]  Acc_iter 34550       Data time: 0.01(0.02)  Forward time: 3.70(3.30)  Batch time: 3.70(3.32)
2025-03-25 17:15:47,453   INFO  Train:    9/30 ( 30%) [3703/3862 ( 96%)]  Loss: -7.469 (-7.54)  LR: 2.594e-03  Time cost: 3:25:01/08:48 [31:53:40/74:57:51]  Acc_iter 34600       Data time: 0.00(0.02)  Forward time: 3.33(3.30)  Batch time: 3.34(3.32)
2025-03-25 17:15:47,780   INFO  Save latest model to /OpenPCDet/output/nuscenes_models/cbgs_voxel01_res3d_centerpoint_uncertainty/shifted_bounded_uncertainty/ckpt/latest_model
2025-03-25 17:18:28,505   INFO  Train:    9/30 ( 30%) [3753/3862 ( 97%)]  Loss: -8.151 (-7.54)  LR: 2.598e-03  Time cost: 3:27:42/06:01 [31:56:21/74:53:17]  Acc_iter 34650       Data time: 0.00(0.02)  Forward time: 2.82(3.30)  Batch time: 2.82(3.32)
2025-03-25 17:18:29,531   INFO  
2025-03-25 17:20:50,960   INFO  Save latest model to /OpenPCDet/output/nuscenes_models/cbgs_voxel01_res3d_centerpoint_uncertainty/shifted_bounded_uncertainty/ckpt/latest_model
2025-03-25 17:21:18,354   INFO  Train:    9/30 ( 30%) [3803/3862 ( 98%)]  Loss: -8.333 (-7.54)  LR: 2.601e-03  Time cost: 3:30:32/03:15 [31:59:11/74:51:54]  Acc_iter 34700       Data time: 0.00(0.02)  Forward time: 3.70(3.30)  Batch time: 3.71(3.32)
2025-03-25 17:24:00,017   INFO  Train:    9/30 ( 30%) [3853/3862 (100%)]  Loss: -7.291 (-7.55)  LR: 2.604e-03  Time cost: 3:33:13/00:29 [32:01:53/74:47:36]  Acc_iter 34750       Data time: 0.04(0.02)  Forward time: 3.80(3.30)  Batch time: 3.85(3.32)
2025-03-25 17:24:21,639   INFO  Train:    9/30 ( 30%) [3861/3862 (100%)]  Loss: -7.661 (-7.55)  LR: 2.605e-03  Time cost: 3:33:35/00:03 [32:02:14/74:45:25]  Acc_iter 34758       Data time: 0.00(0.02)  Forward time: 2.58(3.30)  Batch time: 2.58(3.32)
2025-03-25 17:24:50,226   INFO  Train:   10/30 ( 33%) [   0/3862 (  0%)]  Loss: -8.552 (-8.55)  LR: 2.605e-03  Time cost: 00:25/27:29:18 [32:02:43/577:15:23]  Acc_iter 34759       Data time: 22.33(22.33)  Forward time: 3.29(3.29)  Batch time: 25.62(25.62)
2025-03-25 17:27:10,320   INFO  Train:   10/30 ( 33%) [  41/3862 (  1%)]  Loss: -7.775 (-7.81)  LR: 2.607e-03  Time cost: 02:45/4:11:16 [32:05:03/88:50:39]  Acc_iter 34800       Data time: 0.00(0.54)  Forward time: 3.60(3.41)  Batch time: 3.60(3.95)
2025-03-25 17:27:11,512   INFO  
2025-03-25 17:29:27,218   INFO  Save latest model to /OpenPCDet/output/nuscenes_models/cbgs_voxel01_res3d_centerpoint_uncertainty/shifted_bounded_uncertainty/ckpt/latest_model
2025-03-25 17:29:57,597   INFO  Train:   10/30 ( 33%) [  91/3862 (  2%)]  Loss: -7.461 (-7.88)  LR: 2.610e-03  Time cost: 05:32/3:47:29 [32:07:50/81:27:00]  Acc_iter 34850       Data time: 0.00(0.27)  Forward time: 3.07(3.35)  Batch time: 3.07(3.62)
2025-03-25 17:32:37,711   INFO  Train:   10/30 ( 33%) [ 141/3862 (  4%)]  Loss: -7.714 (-7.90)  LR: 2.614e-03  Time cost: 08:13/3:35:21 [32:10:30/78:05:44]  Acc_iter 34900       Data time: 0.01(0.17)  Forward time: 3.98(3.30)  Batch time: 3.99(3.47)
2025-03-25 17:34:27,043   INFO  Save latest model to /OpenPCDet/output/nuscenes_models/cbgs_voxel01_res3d_centerpoint_uncertainty/shifted_bounded_uncertainty/ckpt/latest_model
2025-03-25 17:35:19,314   INFO  Train:   10/30 ( 33%) [ 191/3862 (  5%)]  Loss: -8.046 (-7.93)  LR: 2.617e-03  Time cost: 10:54/3:28:37 [32:13:12/76:38:22]  Acc_iter 34950       Data time: 0.00(0.13)  Forward time: 3.35(3.28)  Batch time: 3.35(3.41)
2025-03-25 17:35:20,367   INFO  
2025-03-25 17:38:01,363   INFO  Train:   10/30 ( 33%) [ 241/3862 (  6%)]  Loss: -9.002 (-7.92)  LR: 2.620e-03  Time cost: 13:36/3:23:41 [32:15:54/75:48:29]  Acc_iter 35000       Data time: 0.00(0.11)  Forward time: 3.40(3.27)  Batch time: 3.40(3.38)
2025-03-25 17:39:28,185   INFO  Save latest model to /OpenPCDet/output/nuscenes_models/cbgs_voxel01_res3d_centerpoint_uncertainty/shifted_bounded_uncertainty/ckpt/latest_model
2025-03-25 17:40:53,913   INFO  Train:   10/30 ( 33%) [ 291/3862 (  8%)]  Loss: -7.635 (-7.93)  LR: 2.623e-03  Time cost: 16:29/3:21:38 [32:18:47/76:03:11]  Acc_iter 35050       Data time: 0.00(0.09)  Forward time: 3.09(3.30)  Batch time: 3.09(3.39)
2025-03-25 17:43:39,569   INFO  Train:   10/30 ( 33%) [ 341/3862 (  9%)]  Loss: -8.129 (-7.90)  LR: 2.626e-03  Time cost: 19:14/3:18:10 [32:21:32/75:45:37]  Acc_iter 35100       Data time: 0.00(0.08)  Forward time: 3.65(3.30)  Batch time: 3.66(3.38)
2025-03-25 17:43:40,734   INFO  
2025-03-25 17:44:28,196   INFO  Save latest model to /OpenPCDet/output/nuscenes_models/cbgs_voxel01_res3d_centerpoint_uncertainty/shifted_bounded_uncertainty/ckpt/latest_model
2025-03-25 17:46:26,412   INFO  Train:   10/30 ( 33%) [ 391/3862 ( 10%)]  Loss: -7.579 (-7.89)  LR: 2.630e-03  Time cost: 22:01/3:15:04 [32:24:19/75:35:54]  Acc_iter 35150       Data time: 0.00(0.08)  Forward time: 3.03(3.30)  Batch time: 3.03(3.37)
2025-03-25 17:49:12,020   INFO  Train:   10/30 ( 33%) [ 441/3862 ( 11%)]  Loss: -7.725 (-7.89)  LR: 2.633e-03  Time cost: 24:47/3:11:52 [32:27:05/75:24:00]  Acc_iter 35200       Data time: 0.00(0.07)  Forward time: 3.62(3.30)  Batch time: 3.63(3.37)
2025-03-25 17:49:26,707   INFO  Save latest model to /OpenPCDet/output/nuscenes_models/cbgs_voxel01_res3d_centerpoint_uncertainty/shifted_bounded_uncertainty/ckpt/latest_model
2025-03-25 17:52:04,306   INFO  Train:   10/30 ( 33%) [ 491/3862 ( 13%)]  Loss: -7.411 (-7.89)  LR: 2.636e-03  Time cost: 27:39/3:09:31 [32:29:57/75:32:11]  Acc_iter 35250       Data time: 0.03(0.06)  Forward time: 2.90(3.31)  Batch time: 2.93(3.37)
2025-03-25 17:52:05,405   INFO  
2025-03-25 17:54:25,028   INFO  Save latest model to /OpenPCDet/output/nuscenes_models/cbgs_voxel01_res3d_centerpoint_uncertainty/shifted_bounded_uncertainty/ckpt/latest_model
2025-03-25 17:54:54,454   INFO  Train:   10/30 ( 33%) [ 541/3862 ( 14%)]  Loss: -7.965 (-7.92)  LR: 2.639e-03  Time cost: 30:29/3:06:52 [32:32:47/75:33:02]  Acc_iter 35300       Data time: 0.01(0.06)  Forward time: 3.93(3.32)  Batch time: 3.94(3.38)
2025-03-25 17:57:34,764   INFO  Train:   10/30 ( 33%) [ 591/3862 ( 15%)]  Loss: -8.835 (-7.93)  LR: 2.642e-03  Time cost: 33:10/3:03:16 [32:35:27/75:10:58]  Acc_iter 35350       Data time: 0.00(0.05)  Forward time: 3.61(3.31)  Batch time: 3.61(3.36)
2025-03-25 17:59:25,459   INFO  Save latest model to /OpenPCDet/output/nuscenes_models/cbgs_voxel01_res3d_centerpoint_uncertainty/shifted_bounded_uncertainty/ckpt/latest_model
2025-03-25 18:00:16,126   INFO  Train:   10/30 ( 33%) [ 641/3862 ( 17%)]  Loss: -7.877 (-7.91)  LR: 2.645e-03  Time cost: 35:51/2:59:54 [32:38:09/74:54:07]  Acc_iter 35400       Data time: 0.00(0.05)  Forward time: 2.64(3.30)  Batch time: 2.64(3.35)
2025-03-25 18:00:17,039   INFO  
2025-03-25 18:03:08,669   INFO  Train:   10/30 ( 33%) [ 691/3862 ( 18%)]  Loss: -8.450 (-7.92)  LR: 2.648e-03  Time cost: 38:44/2:57:29 [32:41:01/75:00:58]  Acc_iter 35450       Data time: 0.01(0.05)  Forward time: 3.04(3.31)  Batch time: 3.05(3.36)
2025-03-25 18:04:27,991   INFO  Save latest model to /OpenPCDet/output/nuscenes_models/cbgs_voxel01_res3d_centerpoint_uncertainty/shifted_bounded_uncertainty/ckpt/latest_model
2025-03-25 18:06:02,703   INFO  Train:   10/30 ( 33%) [ 741/3862 ( 19%)]  Loss: -7.837 (-7.93)  LR: 2.651e-03  Time cost: 41:38/2:55:07 [32:43:55/75:09:12]  Acc_iter 35500       Data time: 0.00(0.05)  Forward time: 3.79(3.32)  Batch time: 3.79(3.37)
2025-03-25 18:08:45,061   INFO  Train:   10/30 ( 33%) [ 791/3862 ( 20%)]  Loss: -7.987 (-7.92)  LR: 2.654e-03  Time cost: 44:20/2:51:55 [32:46:38/74:56:17]  Acc_iter 35550       Data time: 0.00(0.04)  Forward time: 2.61(3.31)  Batch time: 2.61(3.36)
2025-03-25 18:08:46,207   INFO  
2025-03-25 18:09:28,699   INFO  Save latest model to /OpenPCDet/output/nuscenes_models/cbgs_voxel01_res3d_centerpoint_uncertainty/shifted_bounded_uncertainty/ckpt/latest_model
2025-03-25 18:11:30,553   INFO  Train:   10/30 ( 33%) [ 841/3862 ( 22%)]  Loss: -7.598 (-7.93)  LR: 2.657e-03  Time cost: 47:05/2:48:59 [32:49:23/74:49:34]  Acc_iter 35600       Data time: 0.00(0.04)  Forward time: 3.39(3.31)  Batch time: 3.39(3.36)
2025-03-25 18:14:07,792   INFO  Train:   10/30 ( 33%) [ 891/3862 ( 23%)]  Loss: -8.185 (-7.93)  LR: 2.660e-03  Time cost: 49:43/2:45:36 [32:52:00/74:30:56]  Acc_iter 35650       Data time: 0.00(0.04)  Forward time: 2.75(3.30)  Batch time: 2.75(3.34)
2025-03-25 18:14:27,553   INFO  Save latest model to /OpenPCDet/output/nuscenes_models/cbgs_voxel01_res3d_centerpoint_uncertainty/shifted_bounded_uncertainty/ckpt/latest_model
2025-03-25 18:16:52,856   INFO  Train:   10/30 ( 33%) [ 941/3862 ( 24%)]  Loss: -7.969 (-7.94)  LR: 2.664e-03  Time cost: 52:28/2:42:42 [32:54:45/74:25:05]  Acc_iter 35700       Data time: 0.00(0.04)  Forward time: 3.25(3.30)  Batch time: 3.25(3.34)
2025-03-25 18:16:53,839   INFO  
2025-03-25 18:19:26,108   INFO  Save latest model to /OpenPCDet/output/nuscenes_models/cbgs_voxel01_res3d_centerpoint_uncertainty/shifted_bounded_uncertainty/ckpt/latest_model
2025-03-25 18:19:31,655   INFO  Train:   10/30 ( 33%) [ 991/3862 ( 26%)]  Loss: -7.663 (-7.94)  LR: 2.667e-03  Time cost: 55:07/2:39:31 [32:57:24/74:11:07]  Acc_iter 35750       Data time: 0.00(0.04)  Forward time: 2.79(3.29)  Batch time: 2.79(3.33)
2025-03-25 18:22:10,636   INFO  Train:   10/30 ( 33%) [1041/3862 ( 27%)]  Loss: -7.844 (-7.94)  LR: 2.670e-03  Time cost: 57:46/2:36:23 [33:00:03/73:58:29]  Acc_iter 35800       Data time: 0.00(0.04)  Forward time: 3.57(3.29)  Batch time: 3.57(3.33)
2025-03-25 18:24:27,219   INFO  Save latest model to /OpenPCDet/output/nuscenes_models/cbgs_voxel01_res3d_centerpoint_uncertainty/shifted_bounded_uncertainty/ckpt/latest_model
2025-03-25 18:24:51,998   INFO  Train:   10/30 ( 33%) [1091/3862 ( 28%)]  Loss: -7.771 (-7.94)  LR: 2.673e-03  Time cost: 1:00:27/2:33:24 [33:02:45/73:49:39]  Acc_iter 35850       Data time: 0.00(0.04)  Forward time: 3.37(3.28)  Batch time: 3.37(3.32)
2025-03-25 18:24:53,077   INFO  
2025-03-25 18:27:36,618   INFO  Train:   10/30 ( 33%) [1141/3862 ( 30%)]  Loss: -7.593 (-7.94)  LR: 2.676e-03  Time cost: 1:03:12/2:30:35 [33:05:29/73:45:10]  Acc_iter 35900       Data time: 0.00(0.04)  Forward time: 2.96(3.28)  Batch time: 2.97(3.32)
2025-03-25 18:29:26,151   INFO  Save latest model to /OpenPCDet/output/nuscenes_models/cbgs_voxel01_res3d_centerpoint_uncertainty/shifted_bounded_uncertainty/ckpt/latest_model
2025-03-25 18:30:13,166   INFO  Train:   10/30 ( 33%) [1191/3862 ( 31%)]  Loss: -8.214 (-7.94)  LR: 2.678e-03  Time cost: 1:05:48/2:27:27 [33:08:06/73:31:49]  Acc_iter 35950       Data time: 0.00(0.04)  Forward time: 3.53(3.28)  Batch time: 3.53(3.31)
2025-03-25 18:32:57,301   INFO  Train:   10/30 ( 33%) [1241/3862 ( 32%)]  Loss: -7.943 (-7.95)  LR: 2.681e-03  Time cost: 1:08:32/2:24:39 [33:10:50/73:27:27]  Acc_iter 36000       Data time: 0.00(0.03)  Forward time: 3.32(3.28)  Batch time: 3.32(3.31)
2025-03-25 18:32:58,424   INFO  
2025-03-25 18:34:28,540   INFO  Save latest model to /OpenPCDet/output/nuscenes_models/cbgs_voxel01_res3d_centerpoint_uncertainty/shifted_bounded_uncertainty/ckpt/latest_model
2025-03-25 18:35:36,874   INFO  Train:   10/30 ( 33%) [1291/3862 ( 33%)]  Loss: -8.212 (-7.95)  LR: 2.684e-03  Time cost: 1:11:12/2:21:41 [33:13:29/73:18:31]  Acc_iter 36050       Data time: 0.00(0.03)  Forward time: 2.99(3.27)  Batch time: 2.99(3.31)
2025-03-25 18:38:16,781   INFO  Train:   10/30 ( 33%) [1341/3862 ( 35%)]  Loss: -7.954 (-7.95)  LR: 2.687e-03  Time cost: 1:13:52/2:18:46 [33:16:09/73:10:23]  Acc_iter 36100       Data time: 0.00(0.03)  Forward time: 2.91(3.27)  Batch time: 2.91(3.30)
2025-03-25 18:39:26,976   INFO  Save latest model to /OpenPCDet/output/nuscenes_models/cbgs_voxel01_res3d_centerpoint_uncertainty/shifted_bounded_uncertainty/ckpt/latest_model
2025-03-25 18:41:02,371   INFO  Train:   10/30 ( 33%) [1391/3862 ( 36%)]  Loss: -7.516 (-7.95)  LR: 2.690e-03  Time cost: 1:16:37/2:16:01 [33:18:55/73:08:04]  Acc_iter 36150       Data time: 0.03(0.03)  Forward time: 2.94(3.27)  Batch time: 2.97(3.30)
2025-03-25 18:41:03,499   INFO  
2025-03-25 18:43:50,666   INFO  Train:   10/30 ( 33%) [1441/3862 ( 37%)]  Loss: -8.095 (-7.95)  LR: 2.693e-03  Time cost: 1:19:26/2:13:21 [33:21:43/73:08:13]  Acc_iter 36200       Data time: 0.00(0.03)  Forward time: 3.54(3.27)  Batch time: 3.54(3.31)
2025-03-25 18:44:26,600   INFO  Save latest model to /OpenPCDet/output/nuscenes_models/cbgs_voxel01_res3d_centerpoint_uncertainty/shifted_bounded_uncertainty/ckpt/latest_model
2025-03-25 18:46:34,969   INFO  Train:   10/30 ( 33%) [1491/3862 ( 39%)]  Loss: -8.365 (-7.95)  LR: 2.696e-03  Time cost: 1:22:10/2:10:35 [33:24:28/73:04:37]  Acc_iter 36250       Data time: 0.00(0.03)  Forward time: 3.42(3.27)  Batch time: 3.42(3.30)
2025-03-25 18:49:24,111   INFO  Train:   10/30 ( 33%) [1541/3862 ( 40%)]  Loss: -7.723 (-7.95)  LR: 2.699e-03  Time cost: 1:24:59/2:07:55 [33:27:17/73:05:14]  Acc_iter 36300       Data time: 0.00(0.03)  Forward time: 4.68(3.28)  Batch time: 4.69(3.31)
2025-03-25 18:49:25,330   INFO  
2025-03-25 18:49:26,113   INFO  Save latest model to /OpenPCDet/output/nuscenes_models/cbgs_voxel01_res3d_centerpoint_uncertainty/shifted_bounded_uncertainty/ckpt/latest_model
2025-03-25 18:52:14,963   INFO  Train:   10/30 ( 33%) [1591/3862 ( 41%)]  Loss: -3.502 (-7.94)  LR: 2.702e-03  Time cost: 1:27:50/2:05:18 [33:30:08/73:07:03]  Acc_iter 36350       Data time: 0.00(0.03)  Forward time: 3.33(3.28)  Batch time: 3.34(3.31)
2025-03-25 18:54:25,598   INFO  Save latest model to /OpenPCDet/output/nuscenes_models/cbgs_voxel01_res3d_centerpoint_uncertainty/shifted_bounded_uncertainty/ckpt/latest_model
2025-03-25 18:54:58,819   INFO  Train:   10/30 ( 33%) [1641/3862 ( 42%)]  Loss: -7.706 (-7.94)  LR: 2.705e-03  Time cost: 1:30:34/2:02:30 [33:32:51/73:02:57]  Acc_iter 36400       Data time: 0.00(0.03)  Forward time: 3.79(3.28)  Batch time: 3.80(3.31)
2025-03-25 18:57:46,678   INFO  Train:   10/30 ( 33%) [1691/3862 ( 44%)]  Loss: -7.781 (-7.95)  LR: 2.708e-03  Time cost: 1:33:22/1:59:48 [33:35:39/73:02:03]  Acc_iter 36450       Data time: 0.00(0.03)  Forward time: 3.57(3.28)  Batch time: 3.58(3.31)
2025-03-25 18:57:47,800   INFO  
2025-03-25 18:59:27,825   INFO  Save latest model to /OpenPCDet/output/nuscenes_models/cbgs_voxel01_res3d_centerpoint_uncertainty/shifted_bounded_uncertainty/ckpt/latest_model
2025-03-25 19:00:32,391   INFO  Train:   10/30 ( 33%) [1741/3862 ( 45%)]  Loss: -7.243 (-7.95)  LR: 2.710e-03  Time cost: 1:36:07/1:57:02 [33:38:25/72:59:25]  Acc_iter 36500       Data time: 0.00(0.03)  Forward time: 2.73(3.28)  Batch time: 2.74(3.31)
2025-03-25 19:03:13,280   INFO  Train:   10/30 ( 33%) [1791/3862 ( 46%)]  Loss: -8.833 (-7.95)  LR: 2.713e-03  Time cost: 1:38:48/1:54:11 [33:41:06/72:53:13]  Acc_iter 36550       Data time: 0.00(0.03)  Forward time: 3.26(3.28)  Batch time: 3.27(3.31)
2025-03-25 19:04:27,136   INFO  Save latest model to /OpenPCDet/output/nuscenes_models/cbgs_voxel01_res3d_centerpoint_uncertainty/shifted_bounded_uncertainty/ckpt/latest_model
2025-03-25 19:05:53,266   INFO  Train:   10/30 ( 33%) [1841/3862 ( 48%)]  Loss: -7.702 (-6.04)  LR: 2.716e-03  Time cost: 1:41:28/1:51:20 [33:43:46/72:46:34]  Acc_iter 36600       Data time: 0.01(0.03)  Forward time: 3.15(3.28)  Batch time: 3.16(3.31)
2025-03-25 19:05:54,176   INFO  
2025-03-25 19:08:38,140   INFO  Train:   10/30 ( 33%) [1891/3862 ( 49%)]  Loss: -8.109 (-6.09)  LR: 2.719e-03  Time cost: 1:44:13/1:48:34 [33:46:31/72:43:32]  Acc_iter 36650       Data time: 0.01(0.03)  Forward time: 3.66(3.28)  Batch time: 3.67(3.31)
2025-03-25 19:09:27,158   INFO  Save latest model to /OpenPCDet/output/nuscenes_models/cbgs_voxel01_res3d_centerpoint_uncertainty/shifted_bounded_uncertainty/ckpt/latest_model
2025-03-25 19:11:17,680   INFO  Train:   10/30 ( 33%) [1941/3862 ( 50%)]  Loss: -7.929 (-6.14)  LR: 2.722e-03  Time cost: 1:46:53/1:45:43 [33:49:10/72:36:53]  Acc_iter 36700       Data time: 0.00(0.03)  Forward time: 2.99(3.27)  Batch time: 2.99(3.30)
2025-03-25 19:14:09,980   INFO  Train:   10/30 ( 33%) [1991/3862 ( 52%)]  Loss: -8.648 (-6.19)  LR: 2.724e-03  Time cost: 1:49:45/1:43:05 [33:52:03/72:38:54]  Acc_iter 36750       Data time: 0.00(0.03)  Forward time: 3.46(3.28)  Batch time: 3.47(3.31)
2025-03-25 19:14:11,139   INFO  
2025-03-25 19:14:27,410   INFO  Save latest model to /OpenPCDet/output/nuscenes_models/cbgs_voxel01_res3d_centerpoint_uncertainty/shifted_bounded_uncertainty/ckpt/latest_model
2025-03-25 19:17:06,850   INFO  Train:   10/30 ( 33%) [2041/3862 ( 53%)]  Loss: -8.776 (-6.24)  LR: 2.727e-03  Time cost: 1:52:42/1:40:30 [33:54:59/72:43:36]  Acc_iter 36800       Data time: 0.00(0.03)  Forward time: 3.90(3.28)  Batch time: 3.90(3.31)
2025-03-25 19:19:26,108   INFO  Save latest model to /OpenPCDet/output/nuscenes_models/cbgs_voxel01_res3d_centerpoint_uncertainty/shifted_bounded_uncertainty/ckpt/latest_model
2025-03-25 19:19:52,738   INFO  Train:   10/30 ( 33%) [2091/3862 ( 54%)]  Loss: -7.867 (-6.28)  LR: 2.730e-03  Time cost: 1:55:28/1:37:45 [33:57:45/72:41:02]  Acc_iter 36850       Data time: 0.01(0.03)  Forward time: 2.98(3.28)  Batch time: 2.99(3.31)
2025-03-25 19:22:40,696   INFO  Train:   10/30 ( 33%) [2141/3862 ( 55%)]  Loss: -7.222 (-6.32)  LR: 2.733e-03  Time cost: 1:58:16/1:35:01 [34:00:33/72:39:44]  Acc_iter 36900       Data time: 0.00(0.03)  Forward time: 3.13(3.29)  Batch time: 3.14(3.31)
2025-03-25 19:22:41,744   INFO  
2025-03-25 19:24:25,902   INFO  Save latest model to /OpenPCDet/output/nuscenes_models/cbgs_voxel01_res3d_centerpoint_uncertainty/shifted_bounded_uncertainty/ckpt/latest_model
2025-03-25 19:25:30,545   INFO  Train:   10/30 ( 33%) [2191/3862 ( 57%)]  Loss: -8.354 (-6.36)  LR: 2.735e-03  Time cost: 2:01:05/1:32:18 [34:03:23/72:39:30]  Acc_iter 36950       Data time: 0.00(0.03)  Forward time: 4.00(3.29)  Batch time: 4.00(3.31)
2025-03-25 19:28:18,693   INFO  Train:   10/30 ( 33%) [2241/3862 ( 58%)]  Loss: -7.885 (-6.39)  LR: 2.738e-03  Time cost: 2:03:54/1:29:34 [34:06:11/72:38:09]  Acc_iter 37000       Data time: 0.00(0.03)  Forward time: 4.57(3.29)  Batch time: 4.57(3.32)
2025-03-25 19:29:26,550   INFO  Save latest model to /OpenPCDet/output/nuscenes_models/cbgs_voxel01_res3d_centerpoint_uncertainty/shifted_bounded_uncertainty/ckpt/latest_model
2025-03-25 19:31:11,713   INFO  Train:   10/30 ( 33%) [2291/3862 ( 59%)]  Loss: -7.781 (-6.43)  LR: 2.741e-03  Time cost: 2:06:47/1:26:54 [34:09:04/72:39:32]  Acc_iter 37050       Data time: 0.00(0.03)  Forward time: 3.12(3.29)  Batch time: 3.12(3.32)
2025-03-25 19:31:12,743   INFO  
2025-03-25 19:34:07,577   INFO  Train:   10/30 ( 33%) [2341/3862 ( 61%)]  Loss: -7.997 (-6.46)  LR: 2.743e-03  Time cost: 2:09:42/1:24:14 [34:12:00/72:42:19]  Acc_iter 37100       Data time: 0.00(0.03)  Forward time: 3.33(3.30)  Batch time: 3.34(3.32)
2025-03-25 19:34:25,116   INFO  Save latest model to /OpenPCDet/output/nuscenes_models/cbgs_voxel01_res3d_centerpoint_uncertainty/shifted_bounded_uncertainty/ckpt/latest_model
2025-03-25 19:36:51,558   INFO  Train:   10/30 ( 33%) [2391/3862 ( 62%)]  Loss: -7.727 (-6.50)  LR: 2.746e-03  Time cost: 2:12:26/1:21:27 [34:14:44/72:38:21]  Acc_iter 37150       Data time: 0.00(0.03)  Forward time: 3.89(3.30)  Batch time: 3.90(3.32)
2025-03-25 19:39:25,895   INFO  Save latest model to /OpenPCDet/output/nuscenes_models/cbgs_voxel01_res3d_centerpoint_uncertainty/shifted_bounded_uncertainty/ckpt/latest_model
2025-03-25 19:39:38,146   INFO  Train:   10/30 ( 33%) [2441/3862 ( 63%)]  Loss: -7.630 (-6.53)  LR: 2.749e-03  Time cost: 2:15:13/1:18:41 [34:17:31/72:35:51]  Acc_iter 37200       Data time: 0.00(0.03)  Forward time: 3.28(3.30)  Batch time: 3.28(3.32)
2025-03-25 19:39:39,037   INFO  
2025-03-25 19:42:31,366   INFO  Train:   10/30 ( 33%) [2491/3862 ( 65%)]  Loss: -7.475 (-6.56)  LR: 2.751e-03  Time cost: 2:18:06/1:15:59 [34:20:24/72:36:48]  Acc_iter 37250       Data time: 0.00(0.03)  Forward time: 2.48(3.30)  Batch time: 2.48(3.33)
2025-03-25 19:44:28,132   INFO  Save latest model to /OpenPCDet/output/nuscenes_models/cbgs_voxel01_res3d_centerpoint_uncertainty/shifted_bounded_uncertainty/ckpt/latest_model
2025-03-25 19:45:20,142   INFO  Train:   10/30 ( 33%) [2541/3862 ( 66%)]  Loss: -7.366 (-6.59)  LR: 2.754e-03  Time cost: 2:20:55/1:13:14 [34:23:13/72:35:20]  Acc_iter 37300       Data time: 0.00(0.03)  Forward time: 2.85(3.30)  Batch time: 2.85(3.33)
2025-03-25 19:47:55,374   INFO  Train:   10/30 ( 33%) [2591/3862 ( 67%)]  Loss: -7.535 (-6.48)  LR: 2.757e-03  Time cost: 2:23:30/1:10:22 [34:25:48/72:26:58]  Acc_iter 37350       Data time: 0.00(0.03)  Forward time: 3.16(3.30)  Batch time: 3.16(3.32)
2025-03-25 19:47:56,619   INFO  
2025-03-25 19:49:26,598   INFO  Save latest model to /OpenPCDet/output/nuscenes_models/cbgs_voxel01_res3d_centerpoint_uncertainty/shifted_bounded_uncertainty/ckpt/latest_model
2025-03-25 19:50:41,206   INFO  Train:   10/30 ( 33%) [2641/3862 ( 68%)]  Loss: -8.073 (-6.50)  LR: 2.759e-03  Time cost: 2:26:16/1:07:36 [34:28:34/72:24:03]  Acc_iter 37400       Data time: 0.00(0.03)  Forward time: 3.44(3.30)  Batch time: 3.44(3.32)
2025-03-25 19:53:21,653   INFO  Train:   10/30 ( 33%) [2691/3862 ( 70%)]  Loss: -7.863 (-6.53)  LR: 2.762e-03  Time cost: 2:28:57/1:04:47 [34:31:14/72:18:33]  Acc_iter 37450       Data time: 0.00(0.03)  Forward time: 3.00(3.29)  Batch time: 3.01(3.32)
2025-03-25 19:54:28,429   INFO  Save latest model to /OpenPCDet/output/nuscenes_models/cbgs_voxel01_res3d_centerpoint_uncertainty/shifted_bounded_uncertainty/ckpt/latest_model
2025-03-25 19:55:59,861   INFO  Train:   10/30 ( 33%) [2741/3862 ( 71%)]  Loss: -7.897 (-6.55)  LR: 2.765e-03  Time cost: 2:31:35/1:01:58 [34:33:52/72:12:04]  Acc_iter 37500       Data time: 0.00(0.03)  Forward time: 3.03(3.29)  Batch time: 3.04(3.32)
2025-03-25 19:56:00,906   INFO  
2025-03-25 19:58:42,804   INFO  Train:   10/30 ( 33%) [2791/3862 ( 72%)]  Loss: -7.646 (-6.58)  LR: 2.767e-03  Time cost: 2:34:18/59:11 [34:36:35/72:07:57]  Acc_iter 37550       Data time: 0.00(0.03)  Forward time: 3.18(3.29)  Batch time: 3.18(3.32)
2025-03-25 19:59:26,328   INFO  Save latest model to /OpenPCDet/output/nuscenes_models/cbgs_voxel01_res3d_centerpoint_uncertainty/shifted_bounded_uncertainty/ckpt/latest_model
2025-03-25 20:01:31,902   INFO  Train:   10/30 ( 33%) [2841/3862 ( 74%)]  Loss: -8.159 (-6.61)  LR: 2.770e-03  Time cost: 2:37:07/56:26 [34:39:25/72:06:42]  Acc_iter 37600       Data time: 0.00(0.02)  Forward time: 3.66(3.29)  Batch time: 3.66(3.32)
2025-03-25 20:04:15,383   INFO  Train:   10/30 ( 33%) [2891/3862 ( 75%)]  Loss: -8.026 (-6.63)  LR: 2.772e-03  Time cost: 2:39:50/53:40 [34:42:08/72:02:52]  Acc_iter 37650       Data time: 0.00(0.02)  Forward time: 3.05(3.29)  Batch time: 3.05(3.32)
2025-03-25 20:04:16,474   INFO  
2025-03-25 20:04:27,492   INFO  Save latest model to /OpenPCDet/output/nuscenes_models/cbgs_voxel01_res3d_centerpoint_uncertainty/shifted_bounded_uncertainty/ckpt/latest_model
2025-03-25 20:07:01,653   INFO  Train:   10/30 ( 33%) [2941/3862 ( 76%)]  Loss: -8.116 (-6.65)  LR: 2.775e-03  Time cost: 2:42:37/50:54 [34:44:54/72:00:18]  Acc_iter 37700       Data time: 0.01(0.02)  Forward time: 2.77(3.29)  Batch time: 2.77(3.32)
2025-03-25 20:09:26,668   INFO  Save latest model to /OpenPCDet/output/nuscenes_models/cbgs_voxel01_res3d_centerpoint_uncertainty/shifted_bounded_uncertainty/ckpt/latest_model
2025-03-25 20:09:51,093   INFO  Train:   10/30 ( 33%) [2991/3862 ( 77%)]  Loss: -8.428 (-6.67)  LR: 2.777e-03  Time cost: 2:45:26/48:09 [34:47:44/71:59:07]  Acc_iter 37750       Data time: 0.00(0.02)  Forward time: 2.76(3.29)  Batch time: 2.77(3.32)
2025-03-25 20:12:34,094   INFO  Train:   10/30 ( 33%) [3041/3862 ( 79%)]  Loss: -7.000 (-4.74)  LR: 2.780e-03  Time cost: 2:48:09/45:23 [34:50:27/71:55:07]  Acc_iter 37800       Data time: 0.00(0.02)  Forward time: 3.94(3.29)  Batch time: 3.95(3.32)
2025-03-25 20:12:35,177   INFO  
2025-03-25 20:14:27,262   INFO  Save latest model to /OpenPCDet/output/nuscenes_models/cbgs_voxel01_res3d_centerpoint_uncertainty/shifted_bounded_uncertainty/ckpt/latest_model
2025-03-25 20:15:22,779   INFO  Train:   10/30 ( 33%) [3091/3862 ( 80%)]  Loss: -8.005 (-4.79)  LR: 2.782e-03  Time cost: 2:50:58/42:37 [34:53:15/71:53:33]  Acc_iter 37850       Data time: 0.00(0.02)  Forward time: 3.17(3.29)  Batch time: 3.18(3.32)
2025-03-25 20:18:15,266   INFO  Train:   10/30 ( 33%) [3141/3862 ( 81%)]  Loss: -8.059 (-4.83)  LR: 2.785e-03  Time cost: 2:53:50/39:53 [34:56:08/71:53:31]  Acc_iter 37900       Data time: 0.00(0.02)  Forward time: 3.13(3.30)  Batch time: 3.13(3.32)
2025-03-25 20:19:27,972   INFO  Save latest model to /OpenPCDet/output/nuscenes_models/cbgs_voxel01_res3d_centerpoint_uncertainty/shifted_bounded_uncertainty/ckpt/latest_model
2025-03-25 20:21:00,777   INFO  Train:   10/30 ( 33%) [3191/3862 ( 83%)]  Loss: -7.580 (-4.88)  LR: 2.787e-03  Time cost: 2:56:36/37:07 [34:58:53/71:50:33]  Acc_iter 37950       Data time: 0.00(0.02)  Forward time: 3.08(3.30)  Batch time: 3.08(3.32)
2025-03-25 20:21:01,793   INFO  
2025-03-25 20:23:43,916   INFO  Train:   10/30 ( 33%) [3241/3862 ( 84%)]  Loss: -7.717 (-4.93)  LR: 2.790e-03  Time cost: 2:59:19/34:20 [35:01:37/71:46:39]  Acc_iter 38000       Data time: 0.00(0.02)  Forward time: 2.80(3.29)  Batch time: 2.80(3.32)
2025-03-25 20:24:27,301   INFO  Save latest model to /OpenPCDet/output/nuscenes_models/cbgs_voxel01_res3d_centerpoint_uncertainty/shifted_bounded_uncertainty/ckpt/latest_model
2025-03-25 20:26:25,277   INFO  Train:   10/30 ( 33%) [3291/3862 ( 85%)]  Loss: -8.870 (-4.97)  LR: 2.792e-03  Time cost: 3:02:00/31:34 [35:04:18/71:42:05]  Acc_iter 38050       Data time: 0.00(0.02)  Forward time: 3.21(3.29)  Batch time: 3.21(3.32)
2025-03-25 20:29:08,892   INFO  Train:   10/30 ( 33%) [3341/3862 ( 87%)]  Loss: -8.343 (-5.02)  LR: 2.795e-03  Time cost: 3:04:44/28:47 [35:07:02/71:38:27]  Acc_iter 38100       Data time: 0.00(0.02)  Forward time: 3.15(3.29)  Batch time: 3.15(3.32)
2025-03-25 20:29:10,050   INFO  
2025-03-25 20:29:26,752   INFO  Save latest model to /OpenPCDet/output/nuscenes_models/cbgs_voxel01_res3d_centerpoint_uncertainty/shifted_bounded_uncertainty/ckpt/latest_model
2025-03-25 20:31:59,708   INFO  Train:   10/30 ( 33%) [3391/3862 ( 88%)]  Loss: -8.052 (-5.06)  LR: 2.797e-03  Time cost: 3:07:35/26:02 [35:09:52/71:37:35]  Acc_iter 38150       Data time: 0.01(0.02)  Forward time: 4.61(3.29)  Batch time: 4.61(3.32)
2025-03-25 20:34:28,739   INFO  Save latest model to /OpenPCDet/output/nuscenes_models/cbgs_voxel01_res3d_centerpoint_uncertainty/shifted_bounded_uncertainty/ckpt/latest_model
2025-03-25 20:34:52,479   INFO  Train:   10/30 ( 33%) [3441/3862 ( 89%)]  Loss: -8.303 (-4.58)  LR: 2.799e-03  Time cost: 3:10:27/23:17 [35:12:45/71:37:24]  Acc_iter 38200       Data time: 0.00(0.02)  Forward time: 4.44(3.30)  Batch time: 4.44(3.32)
2025-03-25 20:37:39,268   INFO  Train:   10/30 ( 33%) [3491/3862 ( 90%)]  Loss: -7.893 (-4.63)  LR: 2.802e-03  Time cost: 3:13:14/20:31 [35:15:32/71:34:55]  Acc_iter 38250       Data time: 0.00(0.02)  Forward time: 4.22(3.30)  Batch time: 4.22(3.32)
2025-03-25 20:37:40,362   INFO  
2025-03-25 20:39:26,831   INFO  Save latest model to /OpenPCDet/output/nuscenes_models/cbgs_voxel01_res3d_centerpoint_uncertainty/shifted_bounded_uncertainty/ckpt/latest_model
2025-03-25 20:40:30,536   INFO  Train:   10/30 ( 33%) [3541/3862 ( 92%)]  Loss: -8.390 (-4.68)  LR: 2.804e-03  Time cost: 3:16:05/17:46 [35:18:23/71:34:04]  Acc_iter 38300       Data time: 0.00(0.02)  Forward time: 3.72(3.30)  Batch time: 3.72(3.32)
2025-03-25 20:43:16,382   INFO  Train:   10/30 ( 33%) [3591/3862 ( 93%)]  Loss: -7.920 (-4.73)  LR: 2.807e-03  Time cost: 3:18:51/15:00 [35:21:09/71:31:13]  Acc_iter 38350       Data time: 0.00(0.02)  Forward time: 3.86(3.30)  Batch time: 3.87(3.32)
2025-03-25 20:44:27,243   INFO  Save latest model to /OpenPCDet/output/nuscenes_models/cbgs_voxel01_res3d_centerpoint_uncertainty/shifted_bounded_uncertainty/ckpt/latest_model
2025-03-25 20:46:06,013   INFO  Train:   10/30 ( 33%) [3641/3862 ( 94%)]  Loss: -8.064 (-4.77)  LR: 2.809e-03  Time cost: 3:21:41/12:14 [35:23:59/71:29:42]  Acc_iter 38400       Data time: 0.00(0.02)  Forward time: 3.21(3.30)  Batch time: 3.22(3.32)
2025-03-25 20:46:07,110   INFO  
2025-03-25 20:48:47,444   INFO  Train:   10/30 ( 33%) [3691/3862 ( 96%)]  Loss: -7.652 (-4.82)  LR: 2.811e-03  Time cost: 3:24:22/09:27 [35:26:40/71:25:17]  Acc_iter 38450       Data time: 0.00(0.02)  Forward time: 3.11(3.30)  Batch time: 3.12(3.32)
2025-03-25 20:49:26,375   INFO  Save latest model to /OpenPCDet/output/nuscenes_models/cbgs_voxel01_res3d_centerpoint_uncertainty/shifted_bounded_uncertainty/ckpt/latest_model
2025-03-25 20:51:31,515   INFO  Train:   10/30 ( 33%) [3741/3862 ( 97%)]  Loss: -8.519 (-4.86)  LR: 2.814e-03  Time cost: 3:27:06/06:41 [35:29:24/71:21:50]  Acc_iter 38500       Data time: 0.00(0.02)  Forward time: 2.43(3.30)  Batch time: 2.44(3.32)
2025-03-25 20:54:14,054   INFO  Train:   10/30 ( 33%) [3791/3862 ( 98%)]  Loss: -6.975 (-4.90)  LR: 2.816e-03  Time cost: 3:29:49/03:55 [35:32:07/71:17:52]  Acc_iter 38550       Data time: 0.00(0.02)  Forward time: 3.54(3.30)  Batch time: 3.54(3.32)
2025-03-25 20:54:15,216   INFO  
2025-03-25 20:54:25,085   INFO  Save latest model to /OpenPCDet/output/nuscenes_models/cbgs_voxel01_res3d_centerpoint_uncertainty/shifted_bounded_uncertainty/ckpt/latest_model
2025-03-25 20:57:03,694   INFO  Train:   10/30 ( 33%) [3841/3862 ( 99%)]  Loss: -8.203 (-4.94)  LR: 2.818e-03  Time cost: 3:32:39/01:09 [35:34:56/71:16:19]  Acc_iter 38600       Data time: 0.01(0.02)  Forward time: 3.22(3.30)  Batch time: 3.24(3.32)
2025-03-25 20:58:07,804   INFO  Train:   10/30 ( 33%) [3861/3862 (100%)]  Loss: -7.884 (-4.96)  LR: 2.819e-03  Time cost: 3:33:43/00:03 [35:36:00/71:14:27]  Acc_iter 38620       Data time: 0.00(0.02)  Forward time: 2.48(3.30)  Batch time: 2.48(3.32)
2025-03-25 20:58:30,356   INFO  Train:   11/30 ( 37%) [   0/3862 (  0%)]  Loss: -8.425 (-8.43)  LR: 2.819e-03  Time cost: 00:19/20:45:17 [35:36:23/415:05:48]  Acc_iter 38621       Data time: 15.28(15.28)  Forward time: 4.07(4.07)  Batch time: 19.35(19.35)
2025-03-25 21:00:11,558   INFO  Train:   11/30 ( 37%) [  29/3862 (  1%)]  Loss: -8.644 (-8.18)  LR: 2.820e-03  Time cost: 02:00/4:16:42 [35:38:04/86:10:55]  Acc_iter 38650       Data time: 0.01(0.52)  Forward time: 3.20(3.50)  Batch time: 3.21(4.02)
2025-03-25 21:02:57,099   INFO  Train:   11/30 ( 37%) [  79/3862 (  2%)]  Loss: -8.838 (-8.13)  LR: 2.823e-03  Time cost: 04:46/3:45:28 [35:40:50/76:38:56]  Acc_iter 38700       Data time: 0.01(0.20)  Forward time: 3.14(3.38)  Batch time: 3.15(3.58)
2025-03-25 21:02:58,221   INFO  
2025-03-25 21:03:11,344   INFO  Save latest model to /OpenPCDet/output/nuscenes_models/cbgs_voxel01_res3d_centerpoint_uncertainty/shifted_bounded_uncertainty/ckpt/latest_model
2025-03-25 21:05:46,930   INFO  Train:   11/30 ( 37%) [ 129/3862 (  3%)]  Loss: -8.257 (-8.14)  LR: 2.825e-03  Time cost: 07:35/3:38:11 [35:43:40/75:07:14]  Acc_iter 38750       Data time: 0.01(0.13)  Forward time: 2.82(3.37)  Batch time: 2.83(3.51)
2025-03-25 21:08:13,259   INFO  Save latest model to /OpenPCDet/output/nuscenes_models/cbgs_voxel01_res3d_centerpoint_uncertainty/shifted_bounded_uncertainty/ckpt/latest_model
2025-03-25 21:08:32,154   INFO  Train:   11/30 ( 37%) [ 179/3862 (  5%)]  Loss: -8.210 (-8.09)  LR: 2.827e-03  Time cost: 10:21/3:31:49 [35:46:25/73:52:02]  Acc_iter 38800       Data time: 0.00(0.10)  Forward time: 2.93(3.35)  Batch time: 2.94(3.45)
2025-03-25 21:11:20,469   INFO  Train:   11/30 ( 37%) [ 229/3862 (  6%)]  Loss: -8.093 (-7.70)  LR: 2.829e-03  Time cost: 13:09/3:27:50 [35:49:13/73:25:35]  Acc_iter 38850       Data time: 0.00(0.08)  Forward time: 3.61(3.35)  Batch time: 3.61(3.43)
2025-03-25 21:11:21,606   INFO  
2025-03-25 21:13:13,340   INFO  Save latest model to /OpenPCDet/output/nuscenes_models/cbgs_voxel01_res3d_centerpoint_uncertainty/shifted_bounded_uncertainty/ckpt/latest_model
2025-03-25 21:14:04,587   INFO  Train:   11/30 ( 37%) [ 279/3862 (  7%)]  Loss: -8.009 (4.70)  LR: 2.832e-03  Time cost: 15:53/3:23:22 [35:51:57/72:48:21]  Acc_iter 38900       Data time: 0.00(0.07)  Forward time: 3.50(3.33)  Batch time: 3.50(3.41)
2025-03-25 21:16:46,149   INFO  Train:   11/30 ( 37%) [ 329/3862 (  9%)]  Loss: -7.911 (2.78)  LR: 2.834e-03  Time cost: 18:35/3:18:58 [35:54:39/72:11:38]  Acc_iter 38950       Data time: 0.01(0.06)  Forward time: 3.26(3.32)  Batch time: 3.27(3.38)
2025-03-25 21:18:13,404   INFO  Save latest model to /OpenPCDet/output/nuscenes_models/cbgs_voxel01_res3d_centerpoint_uncertainty/shifted_bounded_uncertainty/ckpt/latest_model
2025-03-25 21:19:26,263   INFO  Train:   11/30 ( 37%) [ 379/3862 ( 10%)]  Loss: -8.107 (1.38)  LR: 2.836e-03  Time cost: 21:15/3:14:48 [35:57:19/71:39:00]  Acc_iter 39000       Data time: 0.00(0.06)  Forward time: 3.31(3.30)  Batch time: 3.32(3.36)
2025-03-25 21:19:27,328   INFO  
2025-03-25 21:22:09,174   INFO  Train:   11/30 ( 37%) [ 429/3862 ( 11%)]  Loss: -7.758 (0.283)  LR: 2.838e-03  Time cost: 23:58/3:11:21 [36:00:02/71:21:39]  Acc_iter 39050       Data time: 0.01(0.05)  Forward time: 2.53(3.29)  Batch time: 2.53(3.34)
2025-03-25 21:23:13,842   INFO  Save latest model to /OpenPCDet/output/nuscenes_models/cbgs_voxel01_res3d_centerpoint_uncertainty/shifted_bounded_uncertainty/ckpt/latest_model
2025-03-25 21:24:49,186   INFO  Train:   11/30 ( 37%) [ 479/3862 ( 12%)]  Loss: -8.571 (-0.600)  LR: 2.840e-03  Time cost: 26:38/3:07:43 [36:02:42/70:59:38]  Acc_iter 39100       Data time: 0.00(0.05)  Forward time: 2.95(3.28)  Batch time: 2.95(3.33)
2025-03-25 21:27:26,408   INFO  Train:   11/30 ( 37%) [ 529/3862 ( 14%)]  Loss: -7.770 (-1.32)  LR: 2.843e-03  Time cost: 29:15/3:03:59 [36:05:19/70:34:32]  Acc_iter 39150       Data time: 0.00(0.05)  Forward time: 3.06(3.27)  Batch time: 3.06(3.31)
2025-03-25 21:27:27,492   INFO  
2025-03-25 21:28:11,810   INFO  Save latest model to /OpenPCDet/output/nuscenes_models/cbgs_voxel01_res3d_centerpoint_uncertainty/shifted_bounded_uncertainty/ckpt/latest_model
2025-03-25 21:30:12,187   INFO  Train:   11/30 ( 37%) [ 579/3862 ( 15%)]  Loss: -7.762 (-1.90)  LR: 2.845e-03  Time cost: 32:01/3:01:14 [36:08:05/70:32:10]  Acc_iter 39200       Data time: 0.00(0.04)  Forward time: 2.56(3.27)  Batch time: 2.56(3.31)
2025-03-25 21:32:57,763   INFO  Train:   11/30 ( 37%) [ 629/3862 ( 16%)]  Loss: -7.464 (-2.39)  LR: 2.847e-03  Time cost: 34:46/2:58:28 [36:10:50/70:29:19]  Acc_iter 39250       Data time: 0.01(0.04)  Forward time: 3.01(3.27)  Batch time: 3.02(3.31)
2025-03-25 21:33:12,863   INFO  Save latest model to /OpenPCDet/output/nuscenes_models/cbgs_voxel01_res3d_centerpoint_uncertainty/shifted_bounded_uncertainty/ckpt/latest_model
2025-03-25 21:35:43,453   INFO  Train:   11/30 ( 37%) [ 679/3862 ( 18%)]  Loss: -8.412 (-2.81)  LR: 2.849e-03  Time cost: 37:32/2:55:43 [36:13:36/70:26:42]  Acc_iter 39300       Data time: 0.00(0.04)  Forward time: 3.41(3.27)  Batch time: 3.42(3.31)
2025-03-25 21:35:44,822   INFO  
2025-03-25 21:38:12,921   INFO  Save latest model to /OpenPCDet/output/nuscenes_models/cbgs_voxel01_res3d_centerpoint_uncertainty/shifted_bounded_uncertainty/ckpt/latest_model
2025-03-25 21:38:25,004   INFO  Train:   11/30 ( 37%) [ 729/3862 ( 19%)]  Loss: -7.810 (-3.18)  LR: 2.851e-03  Time cost: 40:13/2:52:40 [36:16:18/70:16:49]  Acc_iter 39350       Data time: 0.00(0.04)  Forward time: 3.30(3.27)  Batch time: 3.31(3.31)
2025-03-25 21:41:05,449   INFO  Train:   11/30 ( 37%) [ 779/3862 ( 20%)]  Loss: -7.101 (-3.49)  LR: 2.853e-03  Time cost: 42:54/2:49:35 [36:18:58/70:06:04]  Acc_iter 39400       Data time: 0.01(0.04)  Forward time: 3.29(3.26)  Batch time: 3.29(3.30)
2025-03-25 21:43:12,728   INFO  Save latest model to /OpenPCDet/output/nuscenes_models/cbgs_voxel01_res3d_centerpoint_uncertainty/shifted_bounded_uncertainty/ckpt/latest_model
2025-03-25 21:43:50,006   INFO  Train:   11/30 ( 37%) [ 829/3862 ( 21%)]  Loss: -8.246 (-3.77)  LR: 2.855e-03  Time cost: 45:38/2:46:48 [36:21:43/70:02:35]  Acc_iter 39450       Data time: 0.00(0.04)  Forward time: 3.90(3.26)  Batch time: 3.91(3.30)
2025-03-25 21:43:51,263   INFO  
2025-03-25 21:46:33,085   INFO  Train:   11/30 ( 37%) [ 879/3862 ( 23%)]  Loss: -8.008 (-4.01)  LR: 2.857e-03  Time cost: 48:22/2:43:57 [36:24:26/69:57:04]  Acc_iter 39500       Data time: 0.00(0.03)  Forward time: 3.34(3.26)  Batch time: 3.34(3.30)
2025-03-25 21:48:13,400   INFO  Save latest model to /OpenPCDet/output/nuscenes_models/cbgs_voxel01_res3d_centerpoint_uncertainty/shifted_bounded_uncertainty/ckpt/latest_model
2025-03-25 21:49:20,941   INFO  Train:   11/30 ( 37%) [ 929/3862 ( 24%)]  Loss: -8.183 (-4.24)  LR: 2.859e-03  Time cost: 51:09/2:41:21 [36:27:14/69:58:22]  Acc_iter 39550       Data time: 0.03(0.03)  Forward time: 3.18(3.27)  Batch time: 3.22(3.30)
2025-03-25 21:52:08,096   INFO  Train:   11/30 ( 37%) [ 979/3862 ( 25%)]  Loss: -8.543 (-4.43)  LR: 2.861e-03  Time cost: 53:57/2:38:42 [36:30:01/69:58:21]  Acc_iter 39600       Data time: 0.00(0.03)  Forward time: 3.66(3.27)  Batch time: 3.67(3.30)
2025-03-25 21:52:09,382   INFO  
2025-03-25 21:53:11,981   INFO  Save latest model to /OpenPCDet/output/nuscenes_models/cbgs_voxel01_res3d_centerpoint_uncertainty/shifted_bounded_uncertainty/ckpt/latest_model
2025-03-25 21:54:57,163   INFO  Train:   11/30 ( 37%) [1029/3862 ( 27%)]  Loss: -8.199 (-4.62)  LR: 2.863e-03  Time cost: 56:46/2:36:08 [36:32:50/70:00:25]  Acc_iter 39650       Data time: 0.00(0.03)  Forward time: 3.81(3.27)  Batch time: 3.82(3.31)
2025-03-25 21:57:42,723   INFO  Train:   11/30 ( 37%) [1079/3862 ( 28%)]  Loss: -7.633 (-4.77)  LR: 2.865e-03  Time cost: 59:31/2:33:23 [36:35:35/69:57:55]  Acc_iter 39700       Data time: 0.00(0.03)  Forward time: 2.74(3.28)  Batch time: 2.74(3.31)
2025-03-25 21:58:12,641   INFO  Save latest model to /OpenPCDet/output/nuscenes_models/cbgs_voxel01_res3d_centerpoint_uncertainty/shifted_bounded_uncertainty/ckpt/latest_model
2025-03-25 22:00:20,628   INFO  Train:   11/30 ( 37%) [1129/3862 ( 29%)]  Loss: -8.850 (-4.92)  LR: 2.867e-03  Time cost: 1:02:09/2:30:20 [36:38:13/69:46:47]  Acc_iter 39750       Data time: 0.01(0.03)  Forward time: 3.39(3.27)  Batch time: 3.40(3.30)
2025-03-25 22:00:21,693   INFO  
2025-03-25 22:03:04,302   INFO  Train:   11/30 ( 37%) [1179/3862 ( 31%)]  Loss: -8.263 (-5.03)  LR: 2.869e-03  Time cost: 1:04:53/2:27:32 [36:40:57/69:42:35]  Acc_iter 39800       Data time: 0.01(0.03)  Forward time: 2.42(3.27)  Batch time: 2.43(3.30)
2025-03-25 22:03:13,778   INFO  Save latest model to /OpenPCDet/output/nuscenes_models/cbgs_voxel01_res3d_centerpoint_uncertainty/shifted_bounded_uncertainty/ckpt/latest_model
2025-03-25 22:05:47,058   INFO  Train:   11/30 ( 37%) [1229/3862 ( 32%)]  Loss: -7.622 (-5.16)  LR: 2.871e-03  Time cost: 1:07:36/2:24:42 [36:43:40/69:37:33]  Acc_iter 39850       Data time: 0.00(0.03)  Forward time: 2.82(3.27)  Batch time: 2.82(3.30)
2025-03-25 22:08:13,283   INFO  Save latest model to /OpenPCDet/output/nuscenes_models/cbgs_voxel01_res3d_centerpoint_uncertainty/shifted_bounded_uncertainty/ckpt/latest_model
2025-03-25 22:08:26,283   INFO  Train:   11/30 ( 37%) [1279/3862 ( 33%)]  Loss: -8.463 (-5.28)  LR: 2.873e-03  Time cost: 1:10:15/2:21:46 [36:46:19/69:29:13]  Acc_iter 39900       Data time: 0.00(0.03)  Forward time: 3.08(3.26)  Batch time: 3.09(3.29)
2025-03-25 22:08:27,433   INFO  
2025-03-25 22:11:08,785   INFO  Train:   11/30 ( 37%) [1329/3862 ( 34%)]  Loss: -8.455 (-5.39)  LR: 2.875e-03  Time cost: 1:12:57/2:18:57 [36:49:01/69:24:25]  Acc_iter 39950       Data time: 0.00(0.03)  Forward time: 2.90(3.26)  Batch time: 2.90(3.29)
2025-03-25 22:13:12,679   INFO  Save latest model to /OpenPCDet/output/nuscenes_models/cbgs_voxel01_res3d_centerpoint_uncertainty/shifted_bounded_uncertainty/ckpt/latest_model
2025-03-25 22:13:55,445   INFO  Train:   11/30 ( 37%) [1379/3862 ( 36%)]  Loss: -8.094 (-5.08)  LR: 2.877e-03  Time cost: 1:15:44/2:16:16 [36:51:48/69:23:35]  Acc_iter 40000       Data time: 0.00(0.03)  Forward time: 2.78(3.26)  Batch time: 2.78(3.29)
2025-03-25 22:16:43,902   INFO  Train:   11/30 ( 37%) [1429/3862 ( 37%)]  Loss: -8.297 (-5.19)  LR: 2.879e-03  Time cost: 1:18:32/2:13:38 [36:54:37/69:24:12]  Acc_iter 40050       Data time: 0.00(0.03)  Forward time: 3.86(3.27)  Batch time: 3.87(3.30)
2025-03-25 22:16:45,029   INFO  
2025-03-25 22:18:14,125   INFO  Save latest model to /OpenPCDet/output/nuscenes_models/cbgs_voxel01_res3d_centerpoint_uncertainty/shifted_bounded_uncertainty/ckpt/latest_model
2025-03-25 22:19:26,885   INFO  Train:   11/30 ( 37%) [1479/3862 ( 38%)]  Loss: -8.433 (-5.29)  LR: 2.881e-03  Time cost: 1:21:15/2:10:50 [36:57:20/69:19:55]  Acc_iter 40100       Data time: 0.00(0.03)  Forward time: 3.48(3.27)  Batch time: 3.48(3.29)
2025-03-25 22:22:09,953   INFO  Train:   11/30 ( 37%) [1529/3862 ( 40%)]  Loss: -8.162 (-5.39)  LR: 2.883e-03  Time cost: 1:23:58/2:08:03 [37:00:03/69:15:48]  Acc_iter 40150       Data time: 0.01(0.03)  Forward time: 2.90(3.27)  Batch time: 2.91(3.29)
2025-03-25 22:23:12,702   INFO  Save latest model to /OpenPCDet/output/nuscenes_models/cbgs_voxel01_res3d_centerpoint_uncertainty/shifted_bounded_uncertainty/ckpt/latest_model
2025-03-25 22:24:59,482   INFO  Train:   11/30 ( 37%) [1579/3862 ( 41%)]  Loss: -8.267 (-5.48)  LR: 2.885e-03  Time cost: 1:26:48/2:05:25 [37:02:52/69:16:56]  Acc_iter 40200       Data time: 0.00(0.03)  Forward time: 3.50(3.27)  Batch time: 3.50(3.30)
2025-03-25 22:25:00,613   INFO  
2025-03-25 22:27:46,475   INFO  Train:   11/30 ( 37%) [1629/3862 ( 42%)]  Loss: -8.245 (-5.56)  LR: 2.886e-03  Time cost: 1:29:35/2:02:44 [37:05:39/69:15:52]  Acc_iter 40250       Data time: 0.00(0.03)  Forward time: 3.19(3.27)  Batch time: 3.20(3.30)
2025-03-25 22:28:13,025   INFO  Save latest model to /OpenPCDet/output/nuscenes_models/cbgs_voxel01_res3d_centerpoint_uncertainty/shifted_bounded_uncertainty/ckpt/latest_model
2025-03-25 22:30:33,117   INFO  Train:   11/30 ( 37%) [1679/3862 ( 43%)]  Loss: -8.394 (-5.64)  LR: 2.888e-03  Time cost: 1:32:22/2:00:01 [37:08:26/69:14:26]  Acc_iter 40300       Data time: 0.02(0.03)  Forward time: 3.39(3.27)  Batch time: 3.41(3.30)
2025-03-25 22:33:05,094   INFO  Train:   11/30 ( 37%) [1729/3862 ( 45%)]  Loss: -8.038 (-5.71)  LR: 2.890e-03  Time cost: 1:34:54/1:57:00 [37:10:58/69:02:15]  Acc_iter 40350       Data time: 0.00(0.03)  Forward time: 2.57(3.27)  Batch time: 2.58(3.29)
2025-03-25 22:33:06,099   INFO  
2025-03-25 22:33:13,339   INFO  Save latest model to /OpenPCDet/output/nuscenes_models/cbgs_voxel01_res3d_centerpoint_uncertainty/shifted_bounded_uncertainty/ckpt/latest_model
2025-03-25 22:35:46,172   INFO  Train:   11/30 ( 37%) [1779/3862 ( 46%)]  Loss: -8.365 (-5.78)  LR: 2.892e-03  Time cost: 1:37:35/1:54:11 [37:13:39/68:57:02]  Acc_iter 40400       Data time: 0.01(0.03)  Forward time: 3.19(3.26)  Batch time: 3.20(3.29)
2025-03-25 22:38:14,282   INFO  Save latest model to /OpenPCDet/output/nuscenes_models/cbgs_voxel01_res3d_centerpoint_uncertainty/shifted_bounded_uncertainty/ckpt/latest_model
2025-03-25 22:38:33,947   INFO  Train:   11/30 ( 37%) [1829/3862 ( 47%)]  Loss: -8.305 (-5.85)  LR: 2.894e-03  Time cost: 1:40:22/1:51:31 [37:16:27/68:56:34]  Acc_iter 40450       Data time: 0.00(0.03)  Forward time: 3.15(3.27)  Batch time: 3.15(3.29)
2025-03-25 22:41:07,242   INFO  Train:   11/30 ( 37%) [1879/3862 ( 49%)]  Loss: -8.536 (-5.91)  LR: 2.895e-03  Time cost: 1:42:56/1:48:34 [37:19:00/68:46:18]  Acc_iter 40500       Data time: 0.04(0.03)  Forward time: 3.23(3.26)  Batch time: 3.26(3.29)
2025-03-25 22:41:08,421   INFO  
2025-03-25 22:43:12,084   INFO  Save latest model to /OpenPCDet/output/nuscenes_models/cbgs_voxel01_res3d_centerpoint_uncertainty/shifted_bounded_uncertainty/ckpt/latest_model
2025-03-25 22:43:59,720   INFO  Train:   11/30 ( 37%) [1929/3862 ( 50%)]  Loss: -7.869 (-5.97)  LR: 2.897e-03  Time cost: 1:45:48/1:45:58 [37:21:52/68:48:54]  Acc_iter 40550       Data time: 0.00(0.03)  Forward time: 4.19(3.26)  Batch time: 4.19(3.29)
2025-03-25 22:46:46,644   INFO  Train:   11/30 ( 37%) [1979/3862 ( 51%)]  Loss: -8.655 (-6.03)  LR: 2.899e-03  Time cost: 1:48:35/1:43:16 [37:24:39/68:47:43]  Acc_iter 40600       Data time: 0.00(0.03)  Forward time: 2.85(3.27)  Batch time: 2.86(3.29)
2025-03-25 22:48:12,560   INFO  Save latest model to /OpenPCDet/output/nuscenes_models/cbgs_voxel01_res3d_centerpoint_uncertainty/shifted_bounded_uncertainty/ckpt/latest_model
2025-03-25 22:49:34,739   INFO  Train:   11/30 ( 37%) [2029/3862 ( 53%)]  Loss: -8.512 (-6.08)  LR: 2.901e-03  Time cost: 1:51:23/1:40:35 [37:27:27/68:47:10]  Acc_iter 40650       Data time: 0.00(0.03)  Forward time: 2.81(3.27)  Batch time: 2.82(3.29)
2025-03-25 22:49:35,670   INFO  
2025-03-25 22:52:24,546   INFO  Train:   11/30 ( 37%) [2079/3862 ( 54%)]  Loss: -8.545 (-6.13)  LR: 2.902e-03  Time cost: 1:54:13/1:37:54 [37:30:17/68:47:33]  Acc_iter 40700       Data time: 0.01(0.03)  Forward time: 3.42(3.27)  Batch time: 3.42(3.29)
2025-03-25 22:53:13,177   INFO  Save latest model to /OpenPCDet/output/nuscenes_models/cbgs_voxel01_res3d_centerpoint_uncertainty/shifted_bounded_uncertainty/ckpt/latest_model
2025-03-25 22:55:14,608   INFO  Train:   11/30 ( 37%) [2129/3862 ( 55%)]  Loss: -7.610 (-6.18)  LR: 2.904e-03  Time cost: 1:57:03/1:35:14 [37:33:07/68:47:55]  Acc_iter 40750       Data time: 0.00(0.02)  Forward time: 3.74(3.27)  Batch time: 3.75(3.30)
2025-03-25 22:57:58,475   INFO  Train:   11/30 ( 37%) [2179/3862 ( 56%)]  Loss: -8.430 (-6.23)  LR: 2.906e-03  Time cost: 1:59:47/1:32:28 [37:35:51/68:44:36]  Acc_iter 40800       Data time: 0.00(0.02)  Forward time: 3.05(3.27)  Batch time: 3.05(3.30)
2025-03-25 22:57:59,436   INFO  
2025-03-25 22:58:12,469   INFO  Save latest model to /OpenPCDet/output/nuscenes_models/cbgs_voxel01_res3d_centerpoint_uncertainty/shifted_bounded_uncertainty/ckpt/latest_model
2025-03-25 23:00:36,637   INFO  Train:   11/30 ( 37%) [2229/3862 ( 58%)]  Loss: -8.012 (-6.28)  LR: 2.907e-03  Time cost: 2:02:25/1:29:39 [37:38:29/68:38:06]  Acc_iter 40850       Data time: 0.00(0.02)  Forward time: 2.56(3.27)  Batch time: 2.56(3.29)
2025-03-25 23:03:13,536   INFO  Save latest model to /OpenPCDet/output/nuscenes_models/cbgs_voxel01_res3d_centerpoint_uncertainty/shifted_bounded_uncertainty/ckpt/latest_model
2025-03-25 23:03:16,307   INFO  Train:   11/30 ( 37%) [2279/3862 ( 59%)]  Loss: -7.946 (-6.32)  LR: 2.909e-03  Time cost: 2:05:05/1:26:50 [37:41:09/68:32:36]  Acc_iter 40900       Data time: 0.27(0.02)  Forward time: 2.77(3.27)  Batch time: 3.04(3.29)
2025-03-25 23:05:58,362   INFO  Train:   11/30 ( 37%) [2329/3862 ( 60%)]  Loss: -8.308 (-6.36)  LR: 2.911e-03  Time cost: 2:07:47/1:24:04 [37:43:51/68:28:30]  Acc_iter 40950       Data time: 0.01(0.02)  Forward time: 3.81(3.27)  Batch time: 3.81(3.29)
2025-03-25 23:05:59,231   INFO  
2025-03-25 23:08:12,389   INFO  Save latest model to /OpenPCDet/output/nuscenes_models/cbgs_voxel01_res3d_centerpoint_uncertainty/shifted_bounded_uncertainty/ckpt/latest_model
2025-03-25 23:08:38,836   INFO  Train:   11/30 ( 37%) [2379/3862 ( 62%)]  Loss: -8.300 (-6.40)  LR: 2.912e-03  Time cost: 2:10:27/1:21:17 [37:46:31/68:23:38]  Acc_iter 41000       Data time: 0.00(0.02)  Forward time: 2.37(3.26)  Batch time: 2.37(3.29)
2025-03-25 23:11:26,020   INFO  Train:   11/30 ( 37%) [2429/3862 ( 63%)]  Loss: -8.542 (-6.44)  LR: 2.914e-03  Time cost: 2:13:15/1:18:34 [37:49:19/68:22:17]  Acc_iter 41050       Data time: 0.00(0.02)  Forward time: 3.20(3.27)  Batch time: 3.20(3.29)
2025-03-25 23:13:12,095   INFO  Save latest model to /OpenPCDet/output/nuscenes_models/cbgs_voxel01_res3d_centerpoint_uncertainty/shifted_bounded_uncertainty/ckpt/latest_model
2025-03-25 23:14:09,693   INFO  Train:   11/30 ( 37%) [2479/3862 ( 64%)]  Loss: -8.397 (-6.47)  LR: 2.916e-03  Time cost: 2:15:58/1:15:49 [37:52:02/68:19:08]  Acc_iter 41100       Data time: 0.00(0.02)  Forward time: 2.70(3.27)  Batch time: 2.70(3.29)
2025-03-25 23:14:10,631   INFO  
2025-03-25 23:17:00,805   INFO  Train:   11/30 ( 37%) [2529/3862 ( 65%)]  Loss: -7.910 (-6.51)  LR: 2.917e-03  Time cost: 2:18:49/1:13:08 [37:54:53/68:19:39]  Acc_iter 41150       Data time: 0.00(0.02)  Forward time: 3.96(3.27)  Batch time: 3.96(3.29)
2025-03-25 23:18:12,247   INFO  Save latest model to /OpenPCDet/output/nuscenes_models/cbgs_voxel01_res3d_centerpoint_uncertainty/shifted_bounded_uncertainty/ckpt/latest_model
2025-03-25 23:19:44,655   INFO  Train:   11/30 ( 37%) [2579/3862 ( 67%)]  Loss: -7.711 (-6.54)  LR: 2.919e-03  Time cost: 2:21:33/1:10:23 [37:57:37/68:16:32]  Acc_iter 41200       Data time: 0.00(0.02)  Forward time: 2.96(3.27)  Batch time: 2.96(3.29)
2025-03-25 23:22:27,613   INFO  Train:   11/30 ( 37%) [2629/3862 ( 68%)]  Loss: -8.741 (-6.57)  LR: 2.920e-03  Time cost: 2:24:16/1:07:38 [38:00:20/68:13:00]  Acc_iter 41250       Data time: 0.01(0.02)  Forward time: 3.86(3.27)  Batch time: 3.87(3.29)
2025-03-25 23:22:28,711   INFO  
2025-03-25 23:23:11,853   INFO  Save latest model to /OpenPCDet/output/nuscenes_models/cbgs_voxel01_res3d_centerpoint_uncertainty/shifted_bounded_uncertainty/ckpt/latest_model
2025-03-25 23:25:05,772   INFO  Train:   11/30 ( 37%) [2679/3862 ( 69%)]  Loss: -7.713 (-6.60)  LR: 2.922e-03  Time cost: 2:26:54/1:04:50 [38:02:58/68:07:17]  Acc_iter 41300       Data time: 0.00(0.02)  Forward time: 3.25(3.27)  Batch time: 3.26(3.29)
2025-03-25 23:27:39,372   INFO  Train:   11/30 ( 37%) [2729/3862 ( 71%)]  Loss: -8.480 (-6.63)  LR: 2.923e-03  Time cost: 2:29:28/1:02:02 [38:05:32/67:59:37]  Acc_iter 41350       Data time: 0.01(0.02)  Forward time: 2.86(3.26)  Batch time: 2.87(3.29)
2025-03-25 23:28:12,389   INFO  Save latest model to /OpenPCDet/output/nuscenes_models/cbgs_voxel01_res3d_centerpoint_uncertainty/shifted_bounded_uncertainty/ckpt/latest_model
2025-03-25 23:30:19,472   INFO  Train:   11/30 ( 37%) [2779/3862 ( 72%)]  Loss: -8.763 (-6.66)  LR: 2.925e-03  Time cost: 2:32:08/59:16 [38:08:12/67:55:01]  Acc_iter 41400       Data time: 0.00(0.02)  Forward time: 3.06(3.26)  Batch time: 3.06(3.28)
2025-03-25 23:30:20,428   INFO  
2025-03-25 23:33:06,972   INFO  Train:   11/30 ( 37%) [2829/3862 ( 73%)]  Loss: -8.194 (-6.69)  LR: 2.926e-03  Time cost: 2:34:55/56:33 [38:11:00/67:53:44]  Acc_iter 41450       Data time: 0.00(0.02)  Forward time: 2.31(3.26)  Batch time: 2.31(3.28)
2025-03-25 23:33:15,316   INFO  Save latest model to /OpenPCDet/output/nuscenes_models/cbgs_voxel01_res3d_centerpoint_uncertainty/shifted_bounded_uncertainty/ckpt/latest_model
2025-03-25 23:35:49,125   INFO  Train:   11/30 ( 37%) [2879/3862 ( 75%)]  Loss: -8.323 (-6.72)  LR: 2.928e-03  Time cost: 2:37:38/53:48 [38:13:42/67:50:06]  Acc_iter 41500       Data time: 0.00(0.02)  Forward time: 2.45(3.26)  Batch time: 2.46(3.28)
2025-03-25 23:38:15,426   INFO  Save latest model to /OpenPCDet/output/nuscenes_models/cbgs_voxel01_res3d_centerpoint_uncertainty/shifted_bounded_uncertainty/ckpt/latest_model
2025-03-25 23:38:35,212   INFO  Train:   11/30 ( 37%) [2929/3862 ( 76%)]  Loss: -8.405 (-6.75)  LR: 2.929e-03  Time cost: 2:40:24/51:04 [38:16:28/67:48:10]  Acc_iter 41550       Data time: 0.00(0.02)  Forward time: 3.24(3.26)  Batch time: 3.25(3.28)
2025-03-25 23:38:36,229   INFO  
2025-03-25 23:41:25,179   INFO  Train:   11/30 ( 37%) [2979/3862 ( 77%)]  Loss: -8.634 (-6.77)  LR: 2.931e-03  Time cost: 2:43:14/48:22 [38:19:18/67:47:48]  Acc_iter 41600       Data time: 0.00(0.02)  Forward time: 3.52(3.26)  Batch time: 3.52(3.29)
2025-03-25 23:43:13,001   INFO  Save latest model to /OpenPCDet/output/nuscenes_models/cbgs_voxel01_res3d_centerpoint_uncertainty/shifted_bounded_uncertainty/ckpt/latest_model
2025-03-25 23:44:12,820   INFO  Train:   11/30 ( 37%) [3029/3862 ( 78%)]  Loss: -8.115 (-6.79)  LR: 2.932e-03  Time cost: 2:46:01/45:38 [38:22:05/67:46:25]  Acc_iter 41650       Data time: 0.00(0.02)  Forward time: 3.63(3.27)  Batch time: 3.64(3.29)
2025-03-25 23:47:00,863   INFO  Train:   11/30 ( 37%) [3079/3862 ( 80%)]  Loss: -8.721 (-6.82)  LR: 2.934e-03  Time cost: 2:48:49/42:55 [38:24:53/67:45:09]  Acc_iter 41700       Data time: 0.01(0.02)  Forward time: 4.16(3.27)  Batch time: 4.17(3.29)
2025-03-25 23:47:01,853   INFO  
2025-03-25 23:48:14,051   INFO  Save latest model to /OpenPCDet/output/nuscenes_models/cbgs_voxel01_res3d_centerpoint_uncertainty/shifted_bounded_uncertainty/ckpt/latest_model
2025-03-25 23:49:53,227   INFO  Train:   11/30 ( 37%) [3129/3862 ( 81%)]  Loss: -7.968 (-6.84)  LR: 2.935e-03  Time cost: 2:51:42/40:12 [38:27:46/67:45:32]  Acc_iter 41750       Data time: 0.00(0.02)  Forward time: 3.03(3.27)  Batch time: 3.03(3.29)
2025-03-25 23:52:37,011   INFO  Train:   11/30 ( 37%) [3179/3862 ( 82%)]  Loss: -8.448 (-6.87)  LR: 2.936e-03  Time cost: 2:54:26/37:27 [38:30:30/67:42:29]  Acc_iter 41800       Data time: 0.01(0.02)  Forward time: 2.49(3.27)  Batch time: 2.50(3.29)
2025-03-25 23:53:13,272   INFO  Save latest model to /OpenPCDet/output/nuscenes_models/cbgs_voxel01_res3d_centerpoint_uncertainty/shifted_bounded_uncertainty/ckpt/latest_model
2025-03-25 23:55:18,749   INFO  Train:   11/30 ( 37%) [3229/3862 ( 84%)]  Loss: -7.382 (-6.89)  LR: 2.938e-03  Time cost: 2:57:07/34:42 [38:33:11/67:38:40]  Acc_iter 41850       Data time: 0.00(0.02)  Forward time: 2.94(3.27)  Batch time: 2.94(3.29)
2025-03-25 23:55:19,742   INFO  
2025-03-25 23:58:04,054   INFO  Train:   11/30 ( 37%) [3279/3862 ( 85%)]  Loss: -7.633 (-6.91)  LR: 2.939e-03  Time cost: 2:59:53/31:58 [38:35:57/67:36:13]  Acc_iter 41900       Data time: 0.00(0.02)  Forward time: 3.43(3.27)  Batch time: 3.44(3.29)
2025-03-25 23:58:13,762   INFO  Save latest model to /OpenPCDet/output/nuscenes_models/cbgs_voxel01_res3d_centerpoint_uncertainty/shifted_bounded_uncertainty/ckpt/latest_model
2025-03-26 00:00:51,045   INFO  Train:   11/30 ( 37%) [3329/3862 ( 86%)]  Loss: -8.621 (-6.93)  LR: 2.941e-03  Time cost: 3:02:40/29:14 [38:38:44/67:34:23]  Acc_iter 41950       Data time: 0.00(0.02)  Forward time: 3.70(3.27)  Batch time: 3.70(3.29)
2025-03-26 00:03:11,843   INFO  Save latest model to /OpenPCDet/output/nuscenes_models/cbgs_voxel01_res3d_centerpoint_uncertainty/shifted_bounded_uncertainty/ckpt/latest_model
2025-03-26 00:03:30,788   INFO  Train:   11/30 ( 37%) [3379/3862 ( 87%)]  Loss: -8.255 (-6.95)  LR: 2.942e-03  Time cost: 3:05:19/26:29 [38:41:23/67:29:53]  Acc_iter 42000       Data time: 0.00(0.02)  Forward time: 2.95(3.27)  Batch time: 2.96(3.29)
2025-03-26 00:03:31,921   INFO  
2025-03-26 00:06:14,005   INFO  Train:   11/30 ( 37%) [3429/3862 ( 89%)]  Loss: -9.006 (-6.97)  LR: 2.943e-03  Time cost: 3:08:02/23:44 [38:44:07/67:26:41]  Acc_iter 42050       Data time: 0.00(0.02)  Forward time: 3.31(3.27)  Batch time: 3.32(3.29)
2025-03-26 00:08:14,918   INFO  Save latest model to /OpenPCDet/output/nuscenes_models/cbgs_voxel01_res3d_centerpoint_uncertainty/shifted_bounded_uncertainty/ckpt/latest_model
2025-03-26 00:09:01,419   INFO  Train:   11/30 ( 37%) [3479/3862 ( 90%)]  Loss: -7.917 (-6.99)  LR: 2.944e-03  Time cost: 3:10:50/21:00 [38:46:54/67:24:59]  Acc_iter 42100       Data time: 0.00(0.02)  Forward time: 2.80(3.27)  Batch time: 2.80(3.29)
2025-03-26 00:11:52,435   INFO  Train:   11/30 ( 37%) [3529/3862 ( 91%)]  Loss: -7.877 (-7.01)  LR: 2.946e-03  Time cost: 3:13:41/18:16 [38:49:45/67:24:30]  Acc_iter 42150       Data time: 0.00(0.02)  Forward time: 3.85(3.27)  Batch time: 3.85(3.29)
2025-03-26 00:11:53,712   INFO  
2025-03-26 00:13:13,806   INFO  Save latest model to /OpenPCDet/output/nuscenes_models/cbgs_voxel01_res3d_centerpoint_uncertainty/shifted_bounded_uncertainty/ckpt/latest_model
2025-03-26 00:14:41,942   INFO  Train:   11/30 ( 37%) [3579/3862 ( 93%)]  Loss: -8.000 (-7.03)  LR: 2.947e-03  Time cost: 3:16:30/15:32 [38:52:35/67:23:26]  Acc_iter 42200       Data time: 0.00(0.02)  Forward time: 3.46(3.27)  Batch time: 3.46(3.29)
2025-03-26 00:17:30,827   INFO  Train:   11/30 ( 37%) [3629/3862 ( 94%)]  Loss: -8.394 (-7.05)  LR: 2.948e-03  Time cost: 3:19:19/12:47 [38:55:23/67:22:07]  Acc_iter 42250       Data time: 0.01(0.02)  Forward time: 2.99(3.27)  Batch time: 3.00(3.29)
2025-03-26 00:18:12,376   INFO  Save latest model to /OpenPCDet/output/nuscenes_models/cbgs_voxel01_res3d_centerpoint_uncertainty/shifted_bounded_uncertainty/ckpt/latest_model
2025-03-26 00:20:17,287   INFO  Train:   11/30 ( 37%) [3679/3862 ( 95%)]  Loss: -8.180 (-7.02)  LR: 2.950e-03  Time cost: 3:22:06/10:03 [38:58:10/67:19:57]  Acc_iter 42300       Data time: 0.00(0.02)  Forward time: 3.27(3.27)  Batch time: 3.28(3.30)
2025-03-26 00:20:18,268   INFO  
2025-03-26 00:23:03,713   INFO  Train:   11/30 ( 37%) [3729/3862 ( 97%)]  Loss: -8.443 (-7.04)  LR: 2.951e-03  Time cost: 3:24:52/07:18 [39:00:56/67:17:45]  Acc_iter 42350       Data time: 0.01(0.02)  Forward time: 3.59(3.27)  Batch time: 3.61(3.30)
2025-03-26 00:23:15,885   INFO  Save latest model to /OpenPCDet/output/nuscenes_models/cbgs_voxel01_res3d_centerpoint_uncertainty/shifted_bounded_uncertainty/ckpt/latest_model
2025-03-26 00:25:51,665   INFO  Train:   11/30 ( 37%) [3779/3862 ( 98%)]  Loss: -8.557 (-7.06)  LR: 2.952e-03  Time cost: 3:27:40/04:33 [39:03:44/67:16:01]  Acc_iter 42400       Data time: 0.01(0.02)  Forward time: 3.03(3.28)  Batch time: 3.05(3.30)
2025-03-26 00:28:11,796   INFO  Save latest model to /OpenPCDet/output/nuscenes_models/cbgs_voxel01_res3d_centerpoint_uncertainty/shifted_bounded_uncertainty/ckpt/latest_model
2025-03-26 00:28:26,142   INFO  Train:   11/30 ( 37%) [3829/3862 ( 99%)]  Loss: -8.183 (-7.07)  LR: 2.953e-03  Time cost: 3:30:15/01:48 [39:06:19/67:09:58]  Acc_iter 42450       Data time: 0.01(0.02)  Forward time: 2.70(3.27)  Batch time: 2.71(3.29)
2025-03-26 00:28:27,329   INFO  
2025-03-26 00:30:04,513   INFO  Train:   11/30 ( 37%) [3861/3862 (100%)]  Loss: -8.905 (-7.09)  LR: 2.954e-03  Time cost: 3:31:53/00:03 [39:07:57/67:05:59]  Acc_iter 42482       Data time: 0.00(0.02)  Forward time: 2.59(3.27)  Batch time: 2.60(3.29)
2025-03-26 00:30:23,909   INFO  Train:   12/30 ( 40%) [   0/3862 (  0%)]  Loss: -8.863 (-8.86)  LR: 2.954e-03  Time cost: 00:16/17:37:33 [39:08:17/334:53:41]  Acc_iter 42483       Data time: 12.03(12.03)  Forward time: 4.40(4.40)  Batch time: 16.43(16.43)
2025-03-26 00:31:27,928   INFO  Train:   12/30 ( 40%) [  17/3862 (  0%)]  Loss: -8.390 (-8.41)  LR: 2.954e-03  Time cost: 01:20/4:46:24 [39:09:21/91:04:40]  Acc_iter 42500       Data time: 0.00(0.88)  Forward time: 3.37(3.59)  Batch time: 3.37(4.47)
2025-03-26 00:34:11,703   INFO  Train:   12/30 ( 40%) [  67/3862 (  2%)]  Loss: -8.691 (-4.48)  LR: 2.956e-03  Time cost: 04:04/3:47:09 [39:12:04/73:08:18]  Acc_iter 42550       Data time: 0.00(0.24)  Forward time: 3.42(3.35)  Batch time: 3.42(3.59)
2025-03-26 00:35:10,848   INFO  Save latest model to /OpenPCDet/output/nuscenes_models/cbgs_voxel01_res3d_centerpoint_uncertainty/shifted_bounded_uncertainty/ckpt/latest_model
2025-03-26 00:36:57,724   INFO  Train:   12/30 ( 40%) [ 117/3862 (  3%)]  Loss: -8.973 (-6.16)  LR: 2.957e-03  Time cost: 06:50/3:37:00 [39:14:50/70:45:03]  Acc_iter 42600       Data time: 0.00(0.14)  Forward time: 3.50(3.33)  Batch time: 3.51(3.48)
2025-03-26 00:36:58,690   INFO  
2025-03-26 00:39:47,382   INFO  Train:   12/30 ( 40%) [ 167/3862 (  4%)]  Loss: -8.455 (-6.50)  LR: 2.958e-03  Time cost: 09:39/3:32:34 [39:17:40/70:11:50]  Acc_iter 42650       Data time: 0.00(0.11)  Forward time: 4.11(3.35)  Batch time: 4.11(3.45)
2025-03-26 00:40:09,995   INFO  Save latest model to /OpenPCDet/output/nuscenes_models/cbgs_voxel01_res3d_centerpoint_uncertainty/shifted_bounded_uncertainty/ckpt/latest_model
2025-03-26 00:42:30,311   INFO  Train:   12/30 ( 40%) [ 217/3862 (  6%)]  Loss: -8.402 (-6.93)  LR: 2.959e-03  Time cost: 12:22/3:27:00 [39:20:23/69:14:55]  Acc_iter 42700       Data time: 0.00(0.09)  Forward time: 3.42(3.32)  Batch time: 3.42(3.41)
2025-03-26 00:45:10,302   INFO  Save latest model to /OpenPCDet/output/nuscenes_models/cbgs_voxel01_res3d_centerpoint_uncertainty/shifted_bounded_uncertainty/ckpt/latest_model
2025-03-26 00:45:13,247   INFO  Train:   12/30 ( 40%) [ 267/3862 (  7%)]  Loss: -7.829 (-7.20)  LR: 2.960e-03  Time cost: 15:05/3:22:30 [39:23:06/68:38:15]  Acc_iter 42750       Data time: 0.30(0.07)  Forward time: 2.94(3.31)  Batch time: 3.25(3.38)
2025-03-26 00:45:14,366   INFO  
2025-03-26 00:47:58,152   INFO  Train:   12/30 ( 40%) [ 317/3862 (  8%)]  Loss: -7.612 (-7.36)  LR: 2.961e-03  Time cost: 17:50/3:18:55 [39:25:51/68:19:49]  Acc_iter 42800       Data time: 0.01(0.07)  Forward time: 3.08(3.30)  Batch time: 3.09(3.37)
2025-03-26 00:50:08,109   INFO  Save latest model to /OpenPCDet/output/nuscenes_models/cbgs_voxel01_res3d_centerpoint_uncertainty/shifted_bounded_uncertainty/ckpt/latest_model
2025-03-26 00:50:35,760   INFO  Train:   12/30 ( 40%) [ 367/3862 ( 10%)]  Loss: -8.552 (-7.51)  LR: 2.962e-03  Time cost: 20:28/3:14:25 [39:28:28/67:41:30]  Acc_iter 42850       Data time: 0.02(0.06)  Forward time: 3.65(3.28)  Batch time: 3.67(3.34)
2025-03-26 00:53:11,936   INFO  Train:   12/30 ( 40%) [ 417/3862 ( 11%)]  Loss: -7.918 (-7.62)  LR: 2.963e-03  Time cost: 23:04/3:10:10 [39:31:05/67:07:34]  Acc_iter 42900       Data time: 0.00(0.05)  Forward time: 3.46(3.26)  Batch time: 3.46(3.31)
2025-03-26 00:53:12,994   INFO  
2025-03-26 00:55:07,921   INFO  Save latest model to /OpenPCDet/output/nuscenes_models/cbgs_voxel01_res3d_centerpoint_uncertainty/shifted_bounded_uncertainty/ckpt/latest_model
2025-03-26 00:55:50,096   INFO  Train:   12/30 ( 40%) [ 467/3862 ( 12%)]  Loss: -7.770 (-7.70)  LR: 2.964e-03  Time cost: 25:42/3:06:30 [39:33:43/66:45:28]  Acc_iter 42950       Data time: 0.00(0.05)  Forward time: 3.56(3.25)  Batch time: 3.56(3.30)
2025-03-26 00:58:33,236   INFO  Train:   12/30 ( 40%) [ 517/3862 ( 13%)]  Loss: -8.662 (-7.77)  LR: 2.965e-03  Time cost: 28:25/3:03:34 [39:36:26/66:38:48]  Acc_iter 43000       Data time: 0.00(0.05)  Forward time: 2.56(3.25)  Batch time: 2.57(3.29)
2025-03-26 01:00:09,537   INFO  Save latest model to /OpenPCDet/output/nuscenes_models/cbgs_voxel01_res3d_centerpoint_uncertainty/shifted_bounded_uncertainty/ckpt/latest_model
2025-03-26 01:01:15,434   INFO  Train:   12/30 ( 40%) [ 567/3862 ( 15%)]  Loss: -8.223 (-7.82)  LR: 2.966e-03  Time cost: 31:07/3:00:36 [39:39:08/66:30:50]  Acc_iter 43050       Data time: 0.01(0.04)  Forward time: 3.43(3.25)  Batch time: 3.43(3.29)
2025-03-26 01:01:16,641   INFO  
2025-03-26 01:04:04,133   INFO  Train:   12/30 ( 40%) [ 617/3862 ( 16%)]  Loss: -8.487 (-7.69)  LR: 2.967e-03  Time cost: 33:56/2:58:14 [39:41:57/66:36:28]  Acc_iter 43100       Data time: 0.01(0.04)  Forward time: 3.76(3.25)  Batch time: 3.77(3.30)
2025-03-26 01:05:11,063   INFO  Save latest model to /OpenPCDet/output/nuscenes_models/cbgs_voxel01_res3d_centerpoint_uncertainty/shifted_bounded_uncertainty/ckpt/latest_model
2025-03-26 01:06:41,177   INFO  Train:   12/30 ( 40%) [ 667/3862 ( 17%)]  Loss: -8.707 (-7.74)  LR: 2.968e-03  Time cost: 36:33/2:54:52 [39:44:34/66:19:41]  Acc_iter 43150       Data time: 0.00(0.04)  Forward time: 3.37(3.24)  Batch time: 3.37(3.28)
2025-03-26 01:09:17,956   INFO  Train:   12/30 ( 40%) [ 717/3862 ( 19%)]  Loss: -8.845 (-7.78)  LR: 2.969e-03  Time cost: 39:10/2:51:35 [39:47:11/66:04:26]  Acc_iter 43200       Data time: 0.01(0.04)  Forward time: 3.69(3.24)  Batch time: 3.69(3.27)
2025-03-26 01:09:18,937   INFO  
2025-03-26 01:10:08,580   INFO  Save latest model to /OpenPCDet/output/nuscenes_models/cbgs_voxel01_res3d_centerpoint_uncertainty/shifted_bounded_uncertainty/ckpt/latest_model
2025-03-26 01:12:00,070   INFO  Train:   12/30 ( 40%) [ 767/3862 ( 20%)]  Loss: -7.984 (-7.81)  LR: 2.970e-03  Time cost: 41:52/2:48:45 [39:49:53/65:59:14]  Acc_iter 43250       Data time: 0.00(0.04)  Forward time: 2.97(3.23)  Batch time: 2.97(3.27)
2025-03-26 01:14:38,016   INFO  Train:   12/30 ( 40%) [ 817/3862 ( 21%)]  Loss: -7.034 (-4.32)  LR: 2.971e-03  Time cost: 44:30/2:45:41 [39:52:31/65:48:11]  Acc_iter 43300       Data time: 0.00(0.04)  Forward time: 2.73(3.23)  Batch time: 2.73(3.26)
2025-03-26 01:15:10,910   INFO  Save latest model to /OpenPCDet/output/nuscenes_models/cbgs_voxel01_res3d_centerpoint_uncertainty/shifted_bounded_uncertainty/ckpt/latest_model
2025-03-26 01:17:23,142   INFO  Train:   12/30 ( 40%) [ 867/3862 ( 22%)]  Loss: -8.057 (-4.52)  LR: 2.972e-03  Time cost: 47:15/2:43:04 [39:55:16/65:48:05]  Acc_iter 43350       Data time: 0.00(0.03)  Forward time: 3.31(3.23)  Batch time: 3.31(3.27)
2025-03-26 01:17:24,167   INFO  
2025-03-26 01:20:01,417   INFO  Train:   12/30 ( 40%) [ 917/3862 ( 24%)]  Loss: -8.583 (-4.73)  LR: 2.973e-03  Time cost: 49:53/2:40:04 [39:57:54/65:38:42]  Acc_iter 43400       Data time: 0.00(0.03)  Forward time: 3.52(3.23)  Batch time: 3.52(3.26)
2025-03-26 01:20:08,777   INFO  Save latest model to /OpenPCDet/output/nuscenes_models/cbgs_voxel01_res3d_centerpoint_uncertainty/shifted_bounded_uncertainty/ckpt/latest_model
2025-03-26 01:22:48,511   INFO  Train:   12/30 ( 40%) [ 967/3862 ( 25%)]  Loss: -8.058 (-4.93)  LR: 2.974e-03  Time cost: 52:41/2:37:33 [40:00:41/65:41:00]  Acc_iter 43450       Data time: 0.01(0.03)  Forward time: 3.22(3.23)  Batch time: 3.22(3.27)
2025-03-26 01:25:09,439   INFO  Save latest model to /OpenPCDet/output/nuscenes_models/cbgs_voxel01_res3d_centerpoint_uncertainty/shifted_bounded_uncertainty/ckpt/latest_model
2025-03-26 01:25:35,732   INFO  Train:   12/30 ( 40%) [1017/3862 ( 26%)]  Loss: -8.547 (-5.10)  LR: 2.975e-03  Time cost: 55:28/2:35:01 [40:03:28/65:42:57]  Acc_iter 43500       Data time: 0.00(0.03)  Forward time: 3.15(3.24)  Batch time: 3.15(3.27)
2025-03-26 01:25:36,618   INFO  
2025-03-26 01:28:20,095   INFO  Train:   12/30 ( 40%) [1067/3862 ( 28%)]  Loss: -8.024 (-5.26)  LR: 2.976e-03  Time cost: 58:12/2:32:20 [40:06:13/65:41:14]  Acc_iter 43550       Data time: 0.00(0.03)  Forward time: 3.65(3.24)  Batch time: 3.65(3.27)
2025-03-26 01:30:09,809   INFO  Save latest model to /OpenPCDet/output/nuscenes_models/cbgs_voxel01_res3d_centerpoint_uncertainty/shifted_bounded_uncertainty/ckpt/latest_model
2025-03-26 01:30:51,514   INFO  Train:   12/30 ( 40%) [1117/3862 ( 29%)]  Loss: -8.442 (-5.40)  LR: 2.977e-03  Time cost: 1:00:44/2:29:07 [40:08:44/65:25:29]  Acc_iter 43600       Data time: 0.00(0.03)  Forward time: 2.94(3.23)  Batch time: 2.94(3.26)
2025-03-26 01:33:19,959   INFO  Train:   12/30 ( 40%) [1167/3862 ( 30%)]  Loss: -7.175 (-5.52)  LR: 2.978e-03  Time cost: 1:03:12/2:25:50 [40:11:13/65:07:48]  Acc_iter 43650       Data time: 0.01(0.03)  Forward time: 3.10(3.22)  Batch time: 3.10(3.25)
2025-03-26 01:33:20,937   INFO  
2025-03-26 01:35:10,548   INFO  Save latest model to /OpenPCDet/output/nuscenes_models/cbgs_voxel01_res3d_centerpoint_uncertainty/shifted_bounded_uncertainty/ckpt/latest_model
2025-03-26 01:35:52,936   INFO  Train:   12/30 ( 40%) [1217/3862 ( 32%)]  Loss: -7.956 (-5.63)  LR: 2.978e-03  Time cost: 1:05:45/2:22:47 [40:13:46/64:55:50]  Acc_iter 43700       Data time: 0.00(0.03)  Forward time: 3.05(3.21)  Batch time: 3.05(3.24)
2025-03-26 01:38:37,689   INFO  Train:   12/30 ( 40%) [1267/3862 ( 33%)]  Loss: -8.980 (-5.74)  LR: 2.979e-03  Time cost: 1:08:30/2:20:11 [40:16:30/64:55:47]  Acc_iter 43750       Data time: 0.00(0.03)  Forward time: 2.88(3.21)  Batch time: 2.88(3.24)
2025-03-26 01:40:09,148   INFO  Save latest model to /OpenPCDet/output/nuscenes_models/cbgs_voxel01_res3d_centerpoint_uncertainty/shifted_bounded_uncertainty/ckpt/latest_model
2025-03-26 01:41:17,244   INFO  Train:   12/30 ( 40%) [1317/3862 ( 34%)]  Loss: -8.370 (-5.85)  LR: 2.980e-03  Time cost: 1:11:09/2:17:24 [40:19:10/64:50:47]  Acc_iter 43800       Data time: 0.00(0.03)  Forward time: 2.98(3.21)  Batch time: 2.99(3.24)
2025-03-26 01:41:18,342   INFO  
2025-03-26 01:43:57,735   INFO  Train:   12/30 ( 40%) [1367/3862 ( 35%)]  Loss: -8.330 (-5.94)  LR: 2.981e-03  Time cost: 1:13:50/2:14:40 [40:21:50/64:46:47]  Acc_iter 43850       Data time: 0.01(0.03)  Forward time: 3.41(3.21)  Batch time: 3.42(3.24)
2025-03-26 01:45:08,074   INFO  Save latest model to /OpenPCDet/output/nuscenes_models/cbgs_voxel01_res3d_centerpoint_uncertainty/shifted_bounded_uncertainty/ckpt/latest_model
2025-03-26 01:46:39,027   INFO  Train:   12/30 ( 40%) [1417/3862 ( 37%)]  Loss: -8.770 (-6.04)  LR: 2.981e-03  Time cost: 1:16:31/2:11:57 [40:24:32/64:43:32]  Acc_iter 43900       Data time: 0.00(0.03)  Forward time: 3.46(3.21)  Batch time: 3.47(3.24)
2025-03-26 01:49:23,712   INFO  Train:   12/30 ( 40%) [1467/3862 ( 38%)]  Loss: -8.149 (-6.12)  LR: 2.982e-03  Time cost: 1:19:16/2:09:19 [40:27:16/64:43:07]  Acc_iter 43950       Data time: 0.00(0.03)  Forward time: 3.76(3.21)  Batch time: 3.77(3.24)
2025-03-26 01:49:24,836   INFO  
2025-03-26 01:50:10,149   INFO  Save latest model to /OpenPCDet/output/nuscenes_models/cbgs_voxel01_res3d_centerpoint_uncertainty/shifted_bounded_uncertainty/ckpt/latest_model
2025-03-26 01:52:04,930   INFO  Train:   12/30 ( 40%) [1517/3862 ( 39%)]  Loss: -8.756 (-6.19)  LR: 2.983e-03  Time cost: 1:21:57/2:06:36 [40:29:58/64:39:48]  Acc_iter 44000       Data time: 0.01(0.03)  Forward time: 3.41(3.21)  Batch time: 3.42(3.24)
2025-03-26 01:54:42,397   INFO  Train:   12/30 ( 40%) [1567/3862 ( 41%)]  Loss: -8.695 (-6.26)  LR: 2.984e-03  Time cost: 1:24:34/2:03:47 [40:32:35/64:33:40]  Acc_iter 44050       Data time: 0.00(0.03)  Forward time: 3.17(3.21)  Batch time: 3.17(3.24)
2025-03-26 01:55:10,135   INFO  Save latest model to /OpenPCDet/output/nuscenes_models/cbgs_voxel01_res3d_centerpoint_uncertainty/shifted_bounded_uncertainty/ckpt/latest_model
2025-03-26 01:57:17,398   INFO  Train:   12/30 ( 40%) [1617/3862 ( 42%)]  Loss: -8.307 (-6.32)  LR: 2.984e-03  Time cost: 1:27:09/2:00:56 [40:35:10/64:25:55]  Acc_iter 44100       Data time: 0.00(0.03)  Forward time: 3.54(3.21)  Batch time: 3.55(3.23)
2025-03-26 01:57:18,470   INFO  
2025-03-26 01:59:49,955   INFO  Train:   12/30 ( 40%) [1667/3862 ( 43%)]  Loss: -7.891 (-6.38)  LR: 2.985e-03  Time cost: 1:29:42/1:58:03 [40:37:43/64:16:44]  Acc_iter 44150       Data time: 0.00(0.03)  Forward time: 3.05(3.20)  Batch time: 3.06(3.23)
2025-03-26 02:00:09,824   INFO  Save latest model to /OpenPCDet/output/nuscenes_models/cbgs_voxel01_res3d_centerpoint_uncertainty/shifted_bounded_uncertainty/ckpt/latest_model
2025-03-26 02:02:28,313   INFO  Train:   12/30 ( 40%) [1717/3862 ( 44%)]  Loss: -9.006 (-6.44)  LR: 2.986e-03  Time cost: 1:32:20/1:55:17 [40:40:21/64:11:58]  Acc_iter 44200       Data time: 0.01(0.03)  Forward time: 3.04(3.20)  Batch time: 3.05(3.23)
2025-03-26 02:05:08,994   INFO  Save latest model to /OpenPCDet/output/nuscenes_models/cbgs_voxel01_res3d_centerpoint_uncertainty/shifted_bounded_uncertainty/ckpt/latest_model
2025-03-26 02:05:15,379   INFO  Train:   12/30 ( 40%) [1767/3862 ( 46%)]  Loss: -8.730 (-6.50)  LR: 2.986e-03  Time cost: 1:35:07/1:52:43 [40:43:08/64:13:12]  Acc_iter 44250       Data time: 0.00(0.03)  Forward time: 3.20(3.20)  Batch time: 3.20(3.23)
2025-03-26 02:05:16,746   INFO  
2025-03-26 02:07:57,591   INFO  Train:   12/30 ( 40%) [1817/3862 ( 47%)]  Loss: -8.573 (-6.55)  LR: 2.987e-03  Time cost: 1:37:50/1:50:03 [40:45:50/64:11:02]  Acc_iter 44300       Data time: 0.00(0.03)  Forward time: 3.15(3.20)  Batch time: 3.16(3.23)
2025-03-26 02:10:08,411   INFO  Save latest model to /OpenPCDet/output/nuscenes_models/cbgs_voxel01_res3d_centerpoint_uncertainty/shifted_bounded_uncertainty/ckpt/latest_model
2025-03-26 02:10:36,176   INFO  Train:   12/30 ( 40%) [1867/3862 ( 48%)]  Loss: -8.249 (-6.60)  LR: 2.988e-03  Time cost: 1:40:28/1:47:18 [40:48:29/64:06:31]  Acc_iter 44350       Data time: 0.00(0.03)  Forward time: 3.37(3.20)  Batch time: 3.37(3.23)
2025-03-26 02:13:15,653   INFO  Train:   12/30 ( 40%) [1917/3862 ( 50%)]  Loss: -8.237 (-6.65)  LR: 2.988e-03  Time cost: 1:43:08/1:44:35 [40:51:08/64:02:39]  Acc_iter 44400       Data time: 0.00(0.02)  Forward time: 4.31(3.20)  Batch time: 4.32(3.23)
2025-03-26 02:13:17,008   INFO  
2025-03-26 02:15:08,279   INFO  Save latest model to /OpenPCDet/output/nuscenes_models/cbgs_voxel01_res3d_centerpoint_uncertainty/shifted_bounded_uncertainty/ckpt/latest_model
2025-03-26 02:15:59,295   INFO  Train:   12/30 ( 40%) [1967/3862 ( 51%)]  Loss: -8.633 (-6.68)  LR: 2.989e-03  Time cost: 1:45:51/1:41:56 [40:53:52/64:01:22]  Acc_iter 44450       Data time: 0.02(0.03)  Forward time: 2.61(3.20)  Batch time: 2.63(3.23)
2025-03-26 02:18:46,697   INFO  Train:   12/30 ( 40%) [2017/3862 ( 52%)]  Loss: -7.381 (-6.72)  LR: 2.989e-03  Time cost: 1:48:39/1:39:20 [40:56:39/64:02:14]  Acc_iter 44500       Data time: 0.00(0.02)  Forward time: 3.56(3.21)  Batch time: 3.57(3.23)
2025-03-26 02:20:09,345   INFO  Save latest model to /OpenPCDet/output/nuscenes_models/cbgs_voxel01_res3d_centerpoint_uncertainty/shifted_bounded_uncertainty/ckpt/latest_model
2025-03-26 02:21:29,903   INFO  Train:   12/30 ( 40%) [2067/3862 ( 54%)]  Loss: -8.385 (-6.76)  LR: 2.990e-03  Time cost: 1:51:22/1:36:40 [40:59:23/64:00:30]  Acc_iter 44550       Data time: 0.00(0.02)  Forward time: 3.81(3.21)  Batch time: 3.82(3.23)
2025-03-26 02:21:30,971   INFO  
2025-03-26 02:24:16,023   INFO  Train:   12/30 ( 40%) [2117/3862 ( 55%)]  Loss: -9.087 (-6.80)  LR: 2.991e-03  Time cost: 1:54:08/1:34:02 [41:02:09/64:00:22]  Acc_iter 44600       Data time: 0.01(0.02)  Forward time: 3.29(3.21)  Batch time: 3.29(3.23)
2025-03-26 02:25:08,085   INFO  Save latest model to /OpenPCDet/output/nuscenes_models/cbgs_voxel01_res3d_centerpoint_uncertainty/shifted_bounded_uncertainty/ckpt/latest_model
2025-03-26 02:27:05,381   INFO  Train:   12/30 ( 40%) [2167/3862 ( 56%)]  Loss: -8.130 (-6.84)  LR: 2.991e-03  Time cost: 1:56:57/1:31:26 [41:04:58/64:01:52]  Acc_iter 44650       Data time: 0.00(0.02)  Forward time: 3.94(3.21)  Batch time: 3.94(3.24)
2025-03-26 02:29:53,808   INFO  Train:   12/30 ( 40%) [2217/3862 ( 57%)]  Loss: -9.111 (-6.87)  LR: 2.992e-03  Time cost: 1:59:46/1:28:49 [41:07:46/64:02:41]  Acc_iter 44700       Data time: 0.00(0.02)  Forward time: 3.29(3.22)  Batch time: 3.29(3.24)
2025-03-26 02:29:55,262   INFO  
2025-03-26 02:30:08,489   INFO  Save latest model to /OpenPCDet/output/nuscenes_models/cbgs_voxel01_res3d_centerpoint_uncertainty/shifted_bounded_uncertainty/ckpt/latest_model
2025-03-26 02:32:39,761   INFO  Train:   12/30 ( 40%) [2267/3862 ( 59%)]  Loss: -8.172 (-6.90)  LR: 2.992e-03  Time cost: 2:02:32/1:26:10 [41:10:32/64:02:03]  Acc_iter 44750       Data time: 0.00(0.02)  Forward time: 2.76(3.22)  Batch time: 2.76(3.24)
2025-03-26 02:35:11,939   INFO  Save latest model to /OpenPCDet/output/nuscenes_models/cbgs_voxel01_res3d_centerpoint_uncertainty/shifted_bounded_uncertainty/ckpt/latest_model
2025-03-26 02:35:29,021   INFO  Train:   12/30 ( 40%) [2317/3862 ( 60%)]  Loss: -8.659 (-6.86)  LR: 2.993e-03  Time cost: 2:05:21/1:23:33 [41:13:22/64:03:01]  Acc_iter 44800       Data time: 0.00(0.02)  Forward time: 3.23(3.22)  Batch time: 3.24(3.24)
2025-03-26 02:38:17,678   INFO  Train:   12/30 ( 40%) [2367/3862 ( 61%)]  Loss: -8.751 (-6.90)  LR: 2.993e-03  Time cost: 2:08:10/1:20:55 [41:16:10/64:03:31]  Acc_iter 44850       Data time: 0.00(0.02)  Forward time: 3.36(3.22)  Batch time: 3.37(3.25)
2025-03-26 02:38:18,599   INFO  
2025-03-26 02:40:11,198   INFO  Save latest model to /OpenPCDet/output/nuscenes_models/cbgs_voxel01_res3d_centerpoint_uncertainty/shifted_bounded_uncertainty/ckpt/latest_model
2025-03-26 02:41:01,440   INFO  Train:   12/30 ( 40%) [2417/3862 ( 63%)]  Loss: -9.038 (-6.93)  LR: 2.994e-03  Time cost: 2:10:53/1:18:13 [41:18:54/64:01:30]  Acc_iter 44900       Data time: 0.01(0.02)  Forward time: 3.44(3.22)  Batch time: 3.45(3.25)
2025-03-26 02:43:40,129   INFO  Train:   12/30 ( 40%) [2467/3862 ( 64%)]  Loss: -8.274 (-6.96)  LR: 2.994e-03  Time cost: 2:13:32/1:15:29 [41:21:33/63:57:00]  Acc_iter 44950       Data time: 0.01(0.02)  Forward time: 2.79(3.22)  Batch time: 2.80(3.25)
2025-03-26 02:45:11,455   INFO  Save latest model to /OpenPCDet/output/nuscenes_models/cbgs_voxel01_res3d_centerpoint_uncertainty/shifted_bounded_uncertainty/ckpt/latest_model
2025-03-26 02:46:17,362   INFO  Train:   12/30 ( 40%) [2517/3862 ( 65%)]  Loss: -8.258 (-6.99)  LR: 2.994e-03  Time cost: 2:16:09/1:12:43 [41:24:10/63:51:55]  Acc_iter 45000       Data time: 0.00(0.02)  Forward time: 3.12(3.22)  Batch time: 3.12(3.24)
2025-03-26 02:46:18,530   INFO  
2025-03-26 02:48:53,929   INFO  Train:   12/30 ( 40%) [2567/3862 ( 66%)]  Loss: -7.911 (-7.02)  LR: 2.995e-03  Time cost: 2:18:46/1:09:58 [41:26:47/63:46:36]  Acc_iter 45050       Data time: 0.00(0.02)  Forward time: 3.29(3.22)  Batch time: 3.30(3.24)
2025-03-26 02:50:09,769   INFO  Save latest model to /OpenPCDet/output/nuscenes_models/cbgs_voxel01_res3d_centerpoint_uncertainty/shifted_bounded_uncertainty/ckpt/latest_model
2025-03-26 02:51:24,974   INFO  Train:   12/30 ( 40%) [2617/3862 ( 68%)]  Loss: -8.665 (-7.05)  LR: 2.995e-03  Time cost: 2:21:17/1:07:11 [41:29:18/63:38:55]  Acc_iter 45100       Data time: 0.00(0.02)  Forward time: 2.51(3.21)  Batch time: 2.51(3.24)
2025-03-26 02:53:58,156   INFO  Train:   12/30 ( 40%) [2667/3862 ( 69%)]  Loss: -8.810 (-7.07)  LR: 2.996e-03  Time cost: 2:23:50/1:04:25 [41:31:51/63:32:22]  Acc_iter 45150       Data time: 0.01(0.02)  Forward time: 3.15(3.21)  Batch time: 3.16(3.23)
2025-03-26 02:53:59,128   INFO  
2025-03-26 02:55:09,521   INFO  Save latest model to /OpenPCDet/output/nuscenes_models/cbgs_voxel01_res3d_centerpoint_uncertainty/shifted_bounded_uncertainty/ckpt/latest_model
2025-03-26 02:56:40,518   INFO  Train:   12/30 ( 40%) [2717/3862 ( 70%)]  Loss: -7.844 (-6.26)  LR: 2.996e-03  Time cost: 2:26:33/1:01:44 [41:34:33/63:29:56]  Acc_iter 45200       Data time: 0.05(0.02)  Forward time: 3.61(3.21)  Batch time: 3.66(3.24)
2025-03-26 02:59:19,677   INFO  Train:   12/30 ( 40%) [2767/3862 ( 72%)]  Loss: -8.347 (-6.30)  LR: 2.996e-03  Time cost: 2:29:12/59:01 [41:37:12/63:26:08]  Acc_iter 45250       Data time: 0.04(0.02)  Forward time: 3.66(3.21)  Batch time: 3.69(3.23)
2025-03-26 03:00:08,834   INFO  Save latest model to /OpenPCDet/output/nuscenes_models/cbgs_voxel01_res3d_centerpoint_uncertainty/shifted_bounded_uncertainty/ckpt/latest_model
2025-03-26 03:01:47,065   INFO  Train:   12/30 ( 40%) [2817/3862 ( 73%)]  Loss: -8.279 (-6.34)  LR: 2.997e-03  Time cost: 2:31:39/56:14 [41:39:40/63:17:28]  Acc_iter 45300       Data time: 0.01(0.02)  Forward time: 3.23(3.21)  Batch time: 3.24(3.23)
2025-03-26 03:01:47,983   INFO  
2025-03-26 03:04:25,971   INFO  Train:   12/30 ( 40%) [2867/3862 ( 74%)]  Loss: -7.762 (-6.37)  LR: 2.997e-03  Time cost: 2:34:18/53:32 [41:42:19/63:13:43]  Acc_iter 45350       Data time: 0.00(0.02)  Forward time: 3.07(3.21)  Batch time: 3.07(3.23)
2025-03-26 03:05:08,511   INFO  Save latest model to /OpenPCDet/output/nuscenes_models/cbgs_voxel01_res3d_centerpoint_uncertainty/shifted_bounded_uncertainty/ckpt/latest_model
2025-03-26 03:06:59,911   INFO  Train:   12/30 ( 40%) [2917/3862 ( 76%)]  Loss: -8.112 (-6.41)  LR: 2.997e-03  Time cost: 2:36:52/50:48 [41:44:53/63:08:02]  Acc_iter 45400       Data time: 0.00(0.02)  Forward time: 3.41(3.20)  Batch time: 3.42(3.23)
2025-03-26 03:09:39,307   INFO  Train:   12/30 ( 40%) [2967/3862 ( 77%)]  Loss: -8.362 (-6.44)  LR: 2.998e-03  Time cost: 2:39:31/48:06 [41:47:32/63:04:36]  Acc_iter 45450       Data time: 0.00(0.02)  Forward time: 2.99(3.20)  Batch time: 2.99(3.23)
2025-03-26 03:09:40,366   INFO  
2025-03-26 03:10:08,747   INFO  Save latest model to /OpenPCDet/output/nuscenes_models/cbgs_voxel01_res3d_centerpoint_uncertainty/shifted_bounded_uncertainty/ckpt/latest_model
2025-03-26 03:12:20,068   INFO  Train:   12/30 ( 40%) [3017/3862 ( 78%)]  Loss: -8.631 (-6.48)  LR: 2.998e-03  Time cost: 2:42:12/45:24 [41:50:13/63:01:43]  Acc_iter 45500       Data time: 0.00(0.02)  Forward time: 2.56(3.20)  Batch time: 2.56(3.22)
2025-03-26 03:14:58,622   INFO  Train:   12/30 ( 40%) [3067/3862 ( 79%)]  Loss: -8.381 (-6.51)  LR: 2.998e-03  Time cost: 2:44:51/42:43 [41:52:51/62:58:00]  Acc_iter 45550       Data time: 0.01(0.02)  Forward time: 3.32(3.20)  Batch time: 3.33(3.22)
2025-03-26 03:15:09,891   INFO  Save latest model to /OpenPCDet/output/nuscenes_models/cbgs_voxel01_res3d_centerpoint_uncertainty/shifted_bounded_uncertainty/ckpt/latest_model
2025-03-26 03:17:30,629   INFO  Train:   12/30 ( 40%) [3117/3862 ( 81%)]  Loss: -8.362 (-6.21)  LR: 2.998e-03  Time cost: 2:47:23/39:59 [41:55:23/62:51:52]  Acc_iter 45600       Data time: 0.01(0.02)  Forward time: 3.54(3.20)  Batch time: 3.55(3.22)
2025-03-26 03:17:31,649   INFO  
2025-03-26 03:20:10,647   INFO  Train:   12/30 ( 40%) [3167/3862 ( 82%)]  Loss: -8.405 (-6.25)  LR: 2.999e-03  Time cost: 2:50:03/37:18 [41:58:03/62:48:48]  Acc_iter 45650       Data time: 0.00(0.02)  Forward time: 3.26(3.20)  Batch time: 3.26(3.22)
2025-03-26 03:20:10,898   INFO  Save latest model to /OpenPCDet/output/nuscenes_models/cbgs_voxel01_res3d_centerpoint_uncertainty/shifted_bounded_uncertainty/ckpt/latest_model
2025-03-26 03:22:50,360   INFO  Train:   12/30 ( 40%) [3217/3862 ( 83%)]  Loss: -7.698 (-6.28)  LR: 2.999e-03  Time cost: 2:52:42/34:37 [42:00:43/62:45:38]  Acc_iter 45700       Data time: 0.01(0.02)  Forward time: 2.46(3.20)  Batch time: 2.47(3.22)
2025-03-26 03:25:09,032   INFO  Save latest model to /OpenPCDet/output/nuscenes_models/cbgs_voxel01_res3d_centerpoint_uncertainty/shifted_bounded_uncertainty/ckpt/latest_model
2025-03-26 03:25:32,010   INFO  Train:   12/30 ( 40%) [3267/3862 ( 85%)]  Loss: -8.527 (-6.32)  LR: 2.999e-03  Time cost: 2:55:24/31:56 [42:03:25/62:43:11]  Acc_iter 45750       Data time: 0.00(0.02)  Forward time: 3.45(3.20)  Batch time: 3.46(3.22)
2025-03-26 03:25:33,113   INFO  
2025-03-26 03:28:05,119   INFO  Train:   12/30 ( 40%) [3317/3862 ( 86%)]  Loss: -8.648 (-6.35)  LR: 2.999e-03  Time cost: 2:57:57/29:13 [42:05:58/62:37:42]  Acc_iter 45800       Data time: 0.00(0.02)  Forward time: 3.16(3.20)  Batch time: 3.16(3.22)
2025-03-26 03:30:10,392   INFO  Save latest model to /OpenPCDet/output/nuscenes_models/cbgs_voxel01_res3d_centerpoint_uncertainty/shifted_bounded_uncertainty/ckpt/latest_model
2025-03-26 03:30:38,316   INFO  Train:   12/30 ( 40%) [3367/3862 ( 87%)]  Loss: -7.882 (-6.38)  LR: 2.999e-03  Time cost: 3:00:30/26:31 [42:08:31/62:32:21]  Acc_iter 45850       Data time: 0.01(0.02)  Forward time: 2.39(3.19)  Batch time: 2.39(3.22)
2025-03-26 03:33:13,278   INFO  Train:   12/30 ( 40%) [3417/3862 ( 88%)]  Loss: -8.534 (-6.41)  LR: 2.999e-03  Time cost: 3:03:05/23:50 [42:11:06/62:27:41]  Acc_iter 45900       Data time: 0.00(0.02)  Forward time: 3.81(3.19)  Batch time: 3.81(3.21)
2025-03-26 03:33:14,242   INFO  
2025-03-26 03:35:08,298   INFO  Save latest model to /OpenPCDet/output/nuscenes_models/cbgs_voxel01_res3d_centerpoint_uncertainty/shifted_bounded_uncertainty/ckpt/latest_model
2025-03-26 03:35:51,658   INFO  Train:   12/30 ( 40%) [3467/3862 ( 90%)]  Loss: -8.584 (-6.44)  LR: 3.000e-03  Time cost: 3:05:44/21:09 [42:13:44/62:24:14]  Acc_iter 45950       Data time: 0.00(0.02)  Forward time: 2.90(3.19)  Batch time: 2.90(3.21)
2025-03-26 03:38:22,535   INFO  Train:   12/30 ( 40%) [3517/3862 ( 91%)]  Loss: -8.809 (-6.47)  LR: 3.000e-03  Time cost: 3:08:15/18:27 [42:16:15/62:18:19]  Acc_iter 46000       Data time: 0.00(0.02)  Forward time: 3.03(3.19)  Batch time: 3.03(3.21)
2025-03-26 03:40:08,738   INFO  Save latest model to /OpenPCDet/output/nuscenes_models/cbgs_voxel01_res3d_centerpoint_uncertainty/shifted_bounded_uncertainty/ckpt/latest_model
2025-03-26 03:40:51,543   INFO  Train:   12/30 ( 40%) [3567/3862 ( 92%)]  Loss: -8.373 (-6.50)  LR: 3.000e-03  Time cost: 3:10:44/15:46 [42:18:44/62:11:53]  Acc_iter 46050       Data time: 0.00(0.02)  Forward time: 2.99(3.19)  Batch time: 2.99(3.21)
2025-03-26 03:40:52,706   INFO  
2025-03-26 03:43:27,162   INFO  Train:   12/30 ( 40%) [3617/3862 ( 94%)]  Loss: -8.835 (-6.53)  LR: 3.000e-03  Time cost: 3:13:19/13:05 [42:21:20/62:07:41]  Acc_iter 46100       Data time: 0.01(0.02)  Forward time: 3.77(3.18)  Batch time: 3.78(3.21)
2025-03-26 03:45:09,663   INFO  Save latest model to /OpenPCDet/output/nuscenes_models/cbgs_voxel01_res3d_centerpoint_uncertainty/shifted_bounded_uncertainty/ckpt/latest_model
2025-03-26 03:46:08,977   INFO  Train:   12/30 ( 40%) [3667/3862 ( 95%)]  Loss: -8.609 (-6.56)  LR: 3.000e-03  Time cost: 3:16:01/10:25 [42:24:02/62:05:29]  Acc_iter 46150       Data time: 0.00(0.02)  Forward time: 4.00(3.18)  Batch time: 4.01(3.21)
2025-03-26 03:48:50,299   INFO  Train:   12/30 ( 40%) [3717/3862 ( 96%)]  Loss: -8.498 (-6.58)  LR: 3.000e-03  Time cost: 3:18:42/07:44 [42:26:43/62:03:07]  Acc_iter 46200       Data time: 0.00(0.02)  Forward time: 3.24(3.19)  Batch time: 3.24(3.21)
2025-03-26 03:48:51,294   INFO  
2025-03-26 03:50:09,757   INFO  Save latest model to /OpenPCDet/output/nuscenes_models/cbgs_voxel01_res3d_centerpoint_uncertainty/shifted_bounded_uncertainty/ckpt/latest_model
2025-03-26 03:51:35,929   INFO  Train:   12/30 ( 40%) [3767/3862 ( 98%)]  Loss: -9.077 (-6.61)  LR: 3.000e-03  Time cost: 3:21:28/05:04 [42:29:29/62:02:05]  Acc_iter 46250       Data time: 0.01(0.02)  Forward time: 3.55(3.19)  Batch time: 3.56(3.21)
2025-03-26 03:54:19,149   INFO  Train:   12/30 ( 40%) [3817/3862 ( 99%)]  Loss: -8.572 (-6.63)  LR: 3.000e-03  Time cost: 3:24:11/02:24 [42:32:12/62:00:15]  Acc_iter 46300       Data time: 0.00(0.02)  Forward time: 3.11(3.19)  Batch time: 3.12(3.21)
2025-03-26 03:55:10,903   INFO  Save latest model to /OpenPCDet/output/nuscenes_models/cbgs_voxel01_res3d_centerpoint_uncertainty/shifted_bounded_uncertainty/ckpt/latest_model
2025-03-26 03:56:42,950   INFO  Train:   12/30 ( 40%) [3861/3862 (100%)]  Loss: -8.498 (-6.65)  LR: 3.000e-03  Time cost: 3:26:35/00:03 [42:34:36/61:58:41]  Acc_iter 46344       Data time: 0.00(0.02)  Forward time: 2.00(3.19)  Batch time: 2.00(3.21)
2025-03-26 03:57:06,885   INFO  Train:   13/30 ( 43%) [   0/3862 (  0%)]  Loss: -8.822 (-8.82)  LR: 3.000e-03  Time cost: 00:20/22:26:58 [42:35:00/404:05:27]  Acc_iter 46345       Data time: 17.67(17.67)  Forward time: 3.25(3.25)  Batch time: 20.93(20.93)
2025-03-26 03:57:25,256   INFO  Train:   13/30 ( 43%) [   5/3862 (  0%)]  Loss: -8.663 (-8.36)  LR: 3.000e-03  Time cost: 00:39/7:01:02 [42:35:18/126:27:53]  Acc_iter 46350       Data time: 0.01(2.95)  Forward time: 3.25(3.60)  Batch time: 3.26(6.55)
2025-03-26 03:57:26,658   INFO  
2025-03-26 04:00:18,786   INFO  Train:   13/30 ( 43%) [  55/3862 (  1%)]  Loss: -8.097 (-8.54)  LR: 3.000e-03  Time cost: 03:32/4:01:08 [42:38:11/73:19:45]  Acc_iter 46400       Data time: 0.00(0.35)  Forward time: 3.67(3.45)  Batch time: 3.67(3.80)
2025-03-26 04:01:47,507   INFO  Save latest model to /OpenPCDet/output/nuscenes_models/cbgs_voxel01_res3d_centerpoint_uncertainty/shifted_bounded_uncertainty/ckpt/latest_model
2025-03-26 04:03:16,137   INFO  Train:   13/30 ( 43%) [ 105/3862 (  3%)]  Loss: -8.337 (-8.56)  LR: 3.000e-03  Time cost: 06:30/3:50:29 [42:41:09/70:58:17]  Acc_iter 46450       Data time: 0.00(0.19)  Forward time: 2.80(3.49)  Batch time: 2.80(3.68)
2025-03-26 04:06:03,576   INFO  Train:   13/30 ( 43%) [ 155/3862 (  4%)]  Loss: -7.824 (-8.56)  LR: 3.000e-03  Time cost: 09:17/3:40:50 [42:43:56/68:52:09]  Acc_iter 46500       Data time: 0.01(0.13)  Forward time: 2.64(3.44)  Batch time: 2.65(3.57)
2025-03-26 04:06:04,693   INFO  
2025-03-26 04:06:50,044   INFO  Save latest model to /OpenPCDet/output/nuscenes_models/cbgs_voxel01_res3d_centerpoint_uncertainty/shifted_bounded_uncertainty/ckpt/latest_model
2025-03-26 04:08:51,806   INFO  Train:   13/30 ( 43%) [ 205/3862 (  5%)]  Loss: -7.922 (-8.56)  LR: 3.000e-03  Time cost: 12:05/3:34:45 [42:46:44/67:50:19]  Acc_iter 46550       Data time: 0.00(0.11)  Forward time: 3.39(3.41)  Batch time: 3.40(3.52)
2025-03-26 04:11:41,577   INFO  Train:   13/30 ( 43%) [ 255/3862 (  7%)]  Loss: -8.191 (-8.60)  LR: 3.000e-03  Time cost: 14:55/3:30:19 [42:49:34/67:18:30]  Acc_iter 46600       Data time: 0.01(0.09)  Forward time: 3.00(3.41)  Batch time: 3.01(3.50)
2025-03-26 04:11:49,963   INFO  Save latest model to /OpenPCDet/output/nuscenes_models/cbgs_voxel01_res3d_centerpoint_uncertainty/shifted_bounded_uncertainty/ckpt/latest_model
2025-03-26 04:14:31,989   INFO  Train:   13/30 ( 43%) [ 305/3862 (  8%)]  Loss: -8.794 (-8.60)  LR: 3.000e-03  Time cost: 17:46/3:26:31 [42:52:25/66:58:34]  Acc_iter 46650       Data time: 0.01(0.08)  Forward time: 3.32(3.41)  Batch time: 3.32(3.48)
2025-03-26 04:14:33,215   INFO  
2025-03-26 04:16:46,796   INFO  Save latest model to /OpenPCDet/output/nuscenes_models/cbgs_voxel01_res3d_centerpoint_uncertainty/shifted_bounded_uncertainty/ckpt/latest_model
2025-03-26 04:17:20,201   INFO  Train:   13/30 ( 43%) [ 355/3862 (  9%)]  Loss: -8.493 (-8.61)  LR: 3.000e-03  Time cost: 20:34/3:22:38 [42:55:13/66:36:19]  Acc_iter 46700       Data time: 0.00(0.07)  Forward time: 2.94(3.39)  Batch time: 2.94(3.47)
2025-03-26 04:19:59,632   INFO  Train:   13/30 ( 43%) [ 405/3862 ( 10%)]  Loss: -8.370 (-8.60)  LR: 3.000e-03  Time cost: 23:13/3:17:46 [42:57:52/65:53:56]  Acc_iter 46750       Data time: 0.00(0.06)  Forward time: 3.37(3.37)  Batch time: 3.38(3.43)
2025-03-26 04:21:48,579   INFO  Save latest model to /OpenPCDet/output/nuscenes_models/cbgs_voxel01_res3d_centerpoint_uncertainty/shifted_bounded_uncertainty/ckpt/latest_model
2025-03-26 04:22:50,297   INFO  Train:   13/30 ( 43%) [ 455/3862 ( 12%)]  Loss: -8.222 (-8.61)  LR: 3.000e-03  Time cost: 26:04/3:14:47 [43:00:43/65:48:38]  Acc_iter 46800       Data time: 0.00(0.06)  Forward time: 4.88(3.37)  Batch time: 4.88(3.43)
2025-03-26 04:22:51,255   INFO  
2025-03-26 04:25:27,676   INFO  Train:   13/30 ( 43%) [ 505/3862 ( 13%)]  Loss: -9.112 (-8.58)  LR: 3.000e-03  Time cost: 28:41/3:10:22 [43:03:20/65:13:37]  Acc_iter 46850       Data time: 0.00(0.06)  Forward time: 3.74(3.35)  Batch time: 3.74(3.40)
2025-03-26 04:26:48,799   INFO  Save latest model to /OpenPCDet/output/nuscenes_models/cbgs_voxel01_res3d_centerpoint_uncertainty/shifted_bounded_uncertainty/ckpt/latest_model
2025-03-26 04:28:08,518   INFO  Train:   13/30 ( 43%) [ 555/3862 ( 14%)]  Loss: -8.766 (-8.58)  LR: 3.000e-03  Time cost: 31:22/3:06:37 [43:06:01/64:51:35]  Acc_iter 46900       Data time: 0.00(0.05)  Forward time: 3.16(3.33)  Batch time: 3.16(3.39)
2025-03-26 04:30:43,672   INFO  Train:   13/30 ( 43%) [ 605/3862 ( 16%)]  Loss: -7.041 (-8.59)  LR: 2.999e-03  Time cost: 33:57/3:02:31 [43:08:36/64:21:57]  Acc_iter 46950       Data time: 0.00(0.05)  Forward time: 2.50(3.32)  Batch time: 2.50(3.36)
2025-03-26 04:30:44,741   INFO  
2025-03-26 04:31:47,400   INFO  Save latest model to /OpenPCDet/output/nuscenes_models/cbgs_voxel01_res3d_centerpoint_uncertainty/shifted_bounded_uncertainty/ckpt/latest_model
2025-03-26 04:33:21,968   INFO  Train:   13/30 ( 43%) [ 655/3862 ( 17%)]  Loss: -9.004 (-8.59)  LR: 2.999e-03  Time cost: 36:36/2:58:55 [43:11:15/64:01:57]  Acc_iter 47000       Data time: 0.02(0.05)  Forward time: 4.69(3.30)  Batch time: 4.71(3.35)
2025-03-26 04:35:55,494   INFO  Train:   13/30 ( 43%) [ 705/3862 ( 18%)]  Loss: -8.954 (-8.59)  LR: 2.999e-03  Time cost: 39:09/2:55:06 [43:13:48/63:36:39]  Acc_iter 47050       Data time: 0.01(0.04)  Forward time: 3.07(3.28)  Batch time: 3.08(3.33)
2025-03-26 04:36:47,199   INFO  Save latest model to /OpenPCDet/output/nuscenes_models/cbgs_voxel01_res3d_centerpoint_uncertainty/shifted_bounded_uncertainty/ckpt/latest_model
2025-03-26 04:38:30,035   INFO  Train:   13/30 ( 43%) [ 755/3862 ( 20%)]  Loss: -8.922 (-8.59)  LR: 2.999e-03  Time cost: 41:44/2:51:31 [43:16:23/63:15:55]  Acc_iter 47100       Data time: 0.00(0.04)  Forward time: 2.48(3.27)  Batch time: 2.48(3.31)
2025-03-26 04:38:31,215   INFO  
2025-03-26 04:41:07,796   INFO  Train:   13/30 ( 43%) [ 805/3862 ( 21%)]  Loss: -9.232 (-8.59)  LR: 2.999e-03  Time cost: 44:21/2:48:15 [43:19:00/63:02:00]  Acc_iter 47150       Data time: 0.01(0.04)  Forward time: 2.99(3.26)  Batch time: 3.00(3.30)
2025-03-26 04:41:47,617   INFO  Save latest model to /OpenPCDet/output/nuscenes_models/cbgs_voxel01_res3d_centerpoint_uncertainty/shifted_bounded_uncertainty/ckpt/latest_model
2025-03-26 04:43:44,063   INFO  Train:   13/30 ( 43%) [ 855/3862 ( 22%)]  Loss: -8.264 (-8.60)  LR: 2.999e-03  Time cost: 46:58/2:44:59 [43:21:37/62:47:24]  Acc_iter 47200       Data time: 0.00(0.04)  Forward time: 3.90(3.25)  Batch time: 3.90(3.29)
2025-03-26 04:46:18,208   INFO  Train:   13/30 ( 43%) [ 905/3862 ( 23%)]  Loss: -8.256 (-8.49)  LR: 2.999e-03  Time cost: 49:32/2:41:40 [43:24:11/62:31:27]  Acc_iter 47250       Data time: 0.01(0.04)  Forward time: 3.05(3.24)  Batch time: 3.06(3.28)
2025-03-26 04:46:19,175   INFO  
2025-03-26 04:46:47,789   INFO  Save latest model to /OpenPCDet/output/nuscenes_models/cbgs_voxel01_res3d_centerpoint_uncertainty/shifted_bounded_uncertainty/ckpt/latest_model
2025-03-26 04:48:56,565   INFO  Train:   13/30 ( 43%) [ 955/3862 ( 25%)]  Loss: -8.819 (-8.49)  LR: 2.999e-03  Time cost: 52:10/2:38:39 [43:26:49/62:21:56]  Acc_iter 47300       Data time: 0.00(0.04)  Forward time: 3.44(3.24)  Batch time: 3.45(3.27)
2025-03-26 04:51:29,741   INFO  Train:   13/30 ( 43%) [1005/3862 ( 26%)]  Loss: -8.588 (-8.50)  LR: 2.998e-03  Time cost: 54:43/2:35:25 [43:29:22/62:07:13]  Acc_iter 47350       Data time: 0.01(0.04)  Forward time: 2.84(3.23)  Batch time: 2.85(3.26)
2025-03-26 04:51:48,304   INFO  Save latest model to /OpenPCDet/output/nuscenes_models/cbgs_voxel01_res3d_centerpoint_uncertainty/shifted_bounded_uncertainty/ckpt/latest_model
2025-03-26 04:54:05,028   INFO  Train:   13/30 ( 43%) [1055/3862 ( 27%)]  Loss: -8.528 (-8.51)  LR: 2.998e-03  Time cost: 57:19/2:32:21 [43:31:58/61:55:56]  Acc_iter 47400       Data time: 0.00(0.03)  Forward time: 2.97(3.22)  Batch time: 2.97(3.26)
2025-03-26 04:54:06,064   INFO  
2025-03-26 04:56:45,449   INFO  Train:   13/30 ( 43%) [1105/3862 ( 29%)]  Loss: -8.698 (-8.51)  LR: 2.998e-03  Time cost: 59:59/2:29:32 [43:34:38/61:50:44]  Acc_iter 47450       Data time: 0.00(0.03)  Forward time: 3.25(3.22)  Batch time: 3.26(3.25)
2025-03-26 04:56:49,189   INFO  Save latest model to /OpenPCDet/output/nuscenes_models/cbgs_voxel01_res3d_centerpoint_uncertainty/shifted_bounded_uncertainty/ckpt/latest_model
2025-03-26 04:59:26,625   INFO  Train:   13/30 ( 43%) [1155/3862 ( 30%)]  Loss: -8.082 (-8.51)  LR: 2.998e-03  Time cost: 1:02:40/2:26:46 [43:37:19/61:46:30]  Acc_iter 47500       Data time: 0.00(0.03)  Forward time: 2.74(3.22)  Batch time: 2.74(3.25)
2025-03-26 05:01:48,569   INFO  Save latest model to /OpenPCDet/output/nuscenes_models/cbgs_voxel01_res3d_centerpoint_uncertainty/shifted_bounded_uncertainty/ckpt/latest_model
2025-03-26 05:02:10,409   INFO  Train:   13/30 ( 43%) [1205/3862 ( 31%)]  Loss: -8.854 (-8.51)  LR: 2.998e-03  Time cost: 1:05:24/2:24:06 [43:40:03/61:44:51]  Acc_iter 47550       Data time: 0.00(0.03)  Forward time: 3.15(3.22)  Batch time: 3.15(3.25)
2025-03-26 05:02:11,383   INFO  
2025-03-26 05:04:57,245   INFO  Train:   13/30 ( 43%) [1255/3862 ( 32%)]  Loss: -8.921 (-8.51)  LR: 2.998e-03  Time cost: 1:08:11/2:21:32 [43:42:50/61:45:52]  Acc_iter 47600       Data time: 0.00(0.03)  Forward time: 3.22(3.23)  Batch time: 3.22(3.26)
2025-03-26 05:06:47,427   INFO  Save latest model to /OpenPCDet/output/nuscenes_models/cbgs_voxel01_res3d_centerpoint_uncertainty/shifted_bounded_uncertainty/ckpt/latest_model
2025-03-26 05:07:48,759   INFO  Train:   13/30 ( 43%) [1305/3862 ( 34%)]  Loss: -9.001 (-8.48)  LR: 2.997e-03  Time cost: 1:11:02/2:19:06 [43:45:41/61:50:41]  Acc_iter 47650       Data time: 0.00(0.03)  Forward time: 3.34(3.23)  Batch time: 3.35(3.26)
2025-03-26 05:10:34,489   INFO  Train:   13/30 ( 43%) [1355/3862 ( 35%)]  Loss: -9.439 (-8.48)  LR: 2.997e-03  Time cost: 1:13:48/2:16:27 [43:48:27/61:50:05]  Acc_iter 47700       Data time: 0.00(0.03)  Forward time: 3.35(3.24)  Batch time: 3.36(3.27)
2025-03-26 05:10:35,562   INFO  
2025-03-26 05:11:50,028   INFO  Save latest model to /OpenPCDet/output/nuscenes_models/cbgs_voxel01_res3d_centerpoint_uncertainty/shifted_bounded_uncertainty/ckpt/latest_model
2025-03-26 05:13:23,812   INFO  Train:   13/30 ( 43%) [1405/3862 ( 36%)]  Loss: -7.620 (4.89)  LR: 2.997e-03  Time cost: 1:16:37/2:13:54 [43:51:16/61:52:14]  Acc_iter 47750       Data time: 0.00(0.03)  Forward time: 3.39(3.24)  Batch time: 3.40(3.27)
2025-03-26 05:16:07,656   INFO  Train:   13/30 ( 43%) [1455/3862 ( 38%)]  Loss: -8.614 (4.43)  LR: 2.997e-03  Time cost: 1:19:21/2:11:11 [43:54:00/61:49:46]  Acc_iter 47800       Data time: 0.01(0.03)  Forward time: 2.64(3.24)  Batch time: 2.65(3.27)
2025-03-26 05:16:48,425   INFO  Save latest model to /OpenPCDet/output/nuscenes_models/cbgs_voxel01_res3d_centerpoint_uncertainty/shifted_bounded_uncertainty/ckpt/latest_model
2025-03-26 05:18:54,132   INFO  Train:   13/30 ( 43%) [1505/3862 ( 39%)]  Loss: -9.023 (3.99)  LR: 2.997e-03  Time cost: 1:22:08/2:08:32 [43:56:47/61:49:16]  Acc_iter 47850       Data time: 0.00(0.03)  Forward time: 3.25(3.24)  Batch time: 3.25(3.27)
2025-03-26 05:18:55,429   INFO  
2025-03-26 05:21:39,435   INFO  Train:   13/30 ( 43%) [1555/3862 ( 40%)]  Loss: -8.186 (3.63)  LR: 2.996e-03  Time cost: 1:24:53/2:05:51 [43:59:32/61:47:46]  Acc_iter 47900       Data time: 0.02(0.03)  Forward time: 2.84(3.24)  Batch time: 2.86(3.27)
2025-03-26 05:21:48,975   INFO  Save latest model to /OpenPCDet/output/nuscenes_models/cbgs_voxel01_res3d_centerpoint_uncertainty/shifted_bounded_uncertainty/ckpt/latest_model
2025-03-26 05:24:23,425   INFO  Train:   13/30 ( 43%) [1605/3862 ( 42%)]  Loss: -9.128 (3.26)  LR: 2.996e-03  Time cost: 1:27:37/2:03:08 [44:02:16/61:45:16]  Acc_iter 47950       Data time: 0.01(0.03)  Forward time: 3.21(3.24)  Batch time: 3.22(3.27)
2025-03-26 05:26:48,311   INFO  Save latest model to /OpenPCDet/output/nuscenes_models/cbgs_voxel01_res3d_centerpoint_uncertainty/shifted_bounded_uncertainty/ckpt/latest_model
2025-03-26 05:27:07,272   INFO  Train:   13/30 ( 43%) [1655/3862 ( 43%)]  Loss: -8.311 (2.90)  LR: 2.996e-03  Time cost: 1:30:21/2:00:25 [44:05:00/61:42:39]  Acc_iter 48000       Data time: 0.00(0.03)  Forward time: 2.47(3.25)  Batch time: 2.48(3.27)
2025-03-26 05:27:08,394   INFO  
2025-03-26 05:29:54,598   INFO  Train:   13/30 ( 43%) [1705/3862 ( 44%)]  Loss: -9.700 (2.56)  LR: 2.996e-03  Time cost: 1:33:08/1:57:46 [44:07:47/61:42:20]  Acc_iter 48050       Data time: 0.00(0.03)  Forward time: 3.29(3.25)  Batch time: 3.29(3.28)
2025-03-26 05:31:50,390   INFO  Save latest model to /OpenPCDet/output/nuscenes_models/cbgs_voxel01_res3d_centerpoint_uncertainty/shifted_bounded_uncertainty/ckpt/latest_model
2025-03-26 05:32:34,417   INFO  Train:   13/30 ( 43%) [1755/3862 ( 45%)]  Loss: -8.070 (2.25)  LR: 2.995e-03  Time cost: 1:35:48/1:54:57 [44:10:27/61:37:03]  Acc_iter 48100       Data time: 0.00(0.03)  Forward time: 3.07(3.25)  Batch time: 3.07(3.27)
2025-03-26 05:35:14,378   INFO  Train:   13/30 ( 43%) [1805/3862 ( 47%)]  Loss: -8.999 (1.95)  LR: 2.995e-03  Time cost: 1:38:28/1:52:09 [44:13:07/61:31:59]  Acc_iter 48150       Data time: 0.01(0.03)  Forward time: 4.13(3.24)  Batch time: 4.14(3.27)
2025-03-26 05:35:15,319   INFO  
2025-03-26 05:36:48,812   INFO  Save latest model to /OpenPCDet/output/nuscenes_models/cbgs_voxel01_res3d_centerpoint_uncertainty/shifted_bounded_uncertainty/ckpt/latest_model
2025-03-26 05:38:01,070   INFO  Train:   13/30 ( 43%) [1855/3862 ( 48%)]  Loss: -8.721 (1.67)  LR: 2.995e-03  Time cost: 1:41:15/1:49:29 [44:15:54/61:31:09]  Acc_iter 48200       Data time: 0.00(0.03)  Forward time: 3.49(3.25)  Batch time: 3.49(3.27)
2025-03-26 05:40:38,213   INFO  Train:   13/30 ( 43%) [1905/3862 ( 49%)]  Loss: -9.465 (1.40)  LR: 2.994e-03  Time cost: 1:43:52/1:46:39 [44:18:31/61:24:35]  Acc_iter 48250       Data time: 0.00(0.03)  Forward time: 3.39(3.24)  Batch time: 3.39(3.27)
2025-03-26 05:41:48,072   INFO  Save latest model to /OpenPCDet/output/nuscenes_models/cbgs_voxel01_res3d_centerpoint_uncertainty/shifted_bounded_uncertainty/ckpt/latest_model
2025-03-26 05:43:11,887   INFO  Train:   13/30 ( 43%) [1955/3862 ( 51%)]  Loss: -8.919 (1.14)  LR: 2.994e-03  Time cost: 1:46:25/1:43:45 [44:21:05/61:16:12]  Acc_iter 48300       Data time: 0.00(0.03)  Forward time: 3.73(3.24)  Batch time: 3.73(3.26)
2025-03-26 05:43:12,960   INFO  
2025-03-26 05:45:58,343   INFO  Train:   13/30 ( 43%) [2005/3862 ( 52%)]  Loss: -8.804 (0.896)  LR: 2.994e-03  Time cost: 1:49:12/1:41:05 [44:23:51/61:15:17]  Acc_iter 48350       Data time: 0.00(0.03)  Forward time: 3.13(3.24)  Batch time: 3.13(3.27)
2025-03-26 05:46:46,718   INFO  Save latest model to /OpenPCDet/output/nuscenes_models/cbgs_voxel01_res3d_centerpoint_uncertainty/shifted_bounded_uncertainty/ckpt/latest_model
2025-03-26 05:48:42,891   INFO  Train:   13/30 ( 43%) [2055/3862 ( 53%)]  Loss: -7.910 (0.666)  LR: 2.994e-03  Time cost: 1:51:56/1:38:23 [44:26:36/61:13:14]  Acc_iter 48400       Data time: 0.00(0.03)  Forward time: 3.38(3.24)  Batch time: 3.39(3.27)
2025-03-26 05:51:28,220   INFO  Train:   13/30 ( 43%) [2105/3862 ( 55%)]  Loss: -8.252 (0.444)  LR: 2.993e-03  Time cost: 1:54:42/1:35:41 [44:29:21/61:11:34]  Acc_iter 48450       Data time: 0.01(0.03)  Forward time: 3.96(3.24)  Batch time: 3.96(3.27)
2025-03-26 05:51:29,342   INFO  
2025-03-26 05:51:48,961   INFO  Save latest model to /OpenPCDet/output/nuscenes_models/cbgs_voxel01_res3d_centerpoint_uncertainty/shifted_bounded_uncertainty/ckpt/latest_model
2025-03-26 05:54:12,237   INFO  Train:   13/30 ( 43%) [2155/3862 ( 56%)]  Loss: -8.776 (0.235)  LR: 2.993e-03  Time cost: 1:57:26/1:32:58 [44:32:05/61:09:10]  Acc_iter 48500       Data time: 0.01(0.03)  Forward time: 3.30(3.24)  Batch time: 3.31(3.27)
2025-03-26 05:56:46,399   INFO  Save latest model to /OpenPCDet/output/nuscenes_models/cbgs_voxel01_res3d_centerpoint_uncertainty/shifted_bounded_uncertainty/ckpt/latest_model
2025-03-26 05:56:55,539   INFO  Train:   13/30 ( 43%) [2205/3862 ( 57%)]  Loss: -9.147 (0.0300)  LR: 2.993e-03  Time cost: 2:00:09/1:30:15 [44:34:48/61:06:23]  Acc_iter 48550       Data time: 0.00(0.03)  Forward time: 2.93(3.24)  Batch time: 2.93(3.27)
2025-03-26 05:59:36,607   INFO  Train:   13/30 ( 43%) [2255/3862 ( 58%)]  Loss: -8.572 (-0.161)  LR: 2.992e-03  Time cost: 2:02:50/1:27:30 [44:37:29/61:02:30]  Acc_iter 48600       Data time: 0.00(0.03)  Forward time: 2.84(3.24)  Batch time: 2.85(3.27)
2025-03-26 05:59:37,709   INFO  
2025-03-26 06:01:47,563   INFO  Save latest model to /OpenPCDet/output/nuscenes_models/cbgs_voxel01_res3d_centerpoint_uncertainty/shifted_bounded_uncertainty/ckpt/latest_model
2025-03-26 06:02:23,515   INFO  Train:   13/30 ( 43%) [2305/3862 ( 60%)]  Loss: -8.743 (-0.346)  LR: 2.992e-03  Time cost: 2:05:37/1:24:49 [44:40:16/61:01:30]  Acc_iter 48650       Data time: 0.01(0.03)  Forward time: 4.27(3.24)  Batch time: 4.28(3.27)
2025-03-26 06:04:58,965   INFO  Train:   13/30 ( 43%) [2355/3862 ( 61%)]  Loss: -9.044 (-0.522)  LR: 2.992e-03  Time cost: 2:08:13/1:22:00 [44:42:52/60:54:59]  Acc_iter 48700       Data time: 0.01(0.03)  Forward time: 3.24(3.24)  Batch time: 3.25(3.27)
2025-03-26 06:06:48,845   INFO  Save latest model to /OpenPCDet/output/nuscenes_models/cbgs_voxel01_res3d_centerpoint_uncertainty/shifted_bounded_uncertainty/ckpt/latest_model
2025-03-26 06:07:42,711   INFO  Train:   13/30 ( 43%) [2405/3862 ( 62%)]  Loss: -8.658 (-0.693)  LR: 2.991e-03  Time cost: 2:10:56/1:19:17 [44:45:35/60:52:29]  Acc_iter 48750       Data time: 0.00(0.02)  Forward time: 3.27(3.24)  Batch time: 3.27(3.27)
2025-03-26 06:07:43,800   INFO  
2025-03-26 06:10:25,756   INFO  Train:   13/30 ( 43%) [2455/3862 ( 64%)]  Loss: -8.539 (-0.857)  LR: 2.991e-03  Time cost: 2:13:39/1:16:34 [44:48:18/60:49:40]  Acc_iter 48800       Data time: 0.01(0.02)  Forward time: 3.01(3.24)  Batch time: 3.01(3.27)
2025-03-26 06:11:47,866   INFO  Save latest model to /OpenPCDet/output/nuscenes_models/cbgs_voxel01_res3d_centerpoint_uncertainty/shifted_bounded_uncertainty/ckpt/latest_model
2025-03-26 06:13:12,073   INFO  Train:   13/30 ( 43%) [2505/3862 ( 65%)]  Loss: -8.886 (-1.02)  LR: 2.990e-03  Time cost: 2:16:26/1:13:52 [44:51:05/60:48:18]  Acc_iter 48850       Data time: 0.00(0.02)  Forward time: 2.98(3.24)  Batch time: 2.99(3.27)
2025-03-26 06:16:00,510   INFO  Train:   13/30 ( 43%) [2555/3862 ( 66%)]  Loss: -8.821 (-1.17)  LR: 2.990e-03  Time cost: 2:19:14/1:11:12 [44:53:53/60:47:49]  Acc_iter 48900       Data time: 0.01(0.02)  Forward time: 3.67(3.24)  Batch time: 3.69(3.27)
2025-03-26 06:16:01,667   INFO  
2025-03-26 06:16:46,538   INFO  Save latest model to /OpenPCDet/output/nuscenes_models/cbgs_voxel01_res3d_centerpoint_uncertainty/shifted_bounded_uncertainty/ckpt/latest_model
2025-03-26 06:18:51,066   INFO  Train:   13/30 ( 43%) [2605/3862 ( 67%)]  Loss: -8.366 (-1.31)  LR: 2.990e-03  Time cost: 2:22:05/1:08:32 [44:56:44/60:48:08]  Acc_iter 48950       Data time: 0.01(0.02)  Forward time: 2.89(3.25)  Batch time: 2.89(3.27)
2025-03-26 06:21:35,690   INFO  Train:   13/30 ( 43%) [2655/3862 ( 69%)]  Loss: -8.665 (-1.45)  LR: 2.989e-03  Time cost: 2:24:49/1:05:48 [44:59:28/60:45:51]  Acc_iter 49000       Data time: 0.00(0.02)  Forward time: 2.93(3.25)  Batch time: 2.93(3.27)
2025-03-26 06:21:49,770   INFO  Save latest model to /OpenPCDet/output/nuscenes_models/cbgs_voxel01_res3d_centerpoint_uncertainty/shifted_bounded_uncertainty/ckpt/latest_model
2025-03-26 06:24:23,554   INFO  Train:   13/30 ( 43%) [2705/3862 ( 70%)]  Loss: -8.700 (-1.58)  LR: 2.989e-03  Time cost: 2:27:37/1:03:07 [45:02:16/60:44:53]  Acc_iter 49050       Data time: 0.00(0.02)  Forward time: 3.17(3.25)  Batch time: 3.17(3.27)
2025-03-26 06:24:24,487   INFO  
2025-03-26 06:26:47,319   INFO  Save latest model to /OpenPCDet/output/nuscenes_models/cbgs_voxel01_res3d_centerpoint_uncertainty/shifted_bounded_uncertainty/ckpt/latest_model
2025-03-26 06:27:14,101   INFO  Train:   13/30 ( 43%) [2755/3862 ( 71%)]  Loss: -8.703 (-1.71)  LR: 2.988e-03  Time cost: 2:30:28/1:00:26 [45:05:07/60:44:56]  Acc_iter 49100       Data time: 0.00(0.02)  Forward time: 3.06(3.25)  Batch time: 3.06(3.28)
2025-03-26 06:30:04,735   INFO  Train:   13/30 ( 43%) [2805/3862 ( 73%)]  Loss: -8.550 (-1.83)  LR: 2.988e-03  Time cost: 2:33:18/57:45 [45:07:57/60:44:55]  Acc_iter 49150       Data time: 0.00(0.02)  Forward time: 3.57(3.25)  Batch time: 3.58(3.28)
2025-03-26 06:31:48,816   INFO  Save latest model to /OpenPCDet/output/nuscenes_models/cbgs_voxel01_res3d_centerpoint_uncertainty/shifted_bounded_uncertainty/ckpt/latest_model
2025-03-26 06:32:53,630   INFO  Train:   13/30 ( 43%) [2855/3862 ( 74%)]  Loss: -8.686 (-1.95)  LR: 2.988e-03  Time cost: 2:36:07/55:02 [45:10:46/60:44:07]  Acc_iter 49200       Data time: 0.00(0.02)  Forward time: 4.35(3.26)  Batch time: 4.36(3.28)
2025-03-26 06:32:54,865   INFO  
2025-03-26 06:35:41,114   INFO  Train:   13/30 ( 43%) [2905/3862 ( 75%)]  Loss: -8.375 (-2.06)  LR: 2.987e-03  Time cost: 2:38:55/52:20 [45:13:34/60:42:43]  Acc_iter 49250       Data time: 0.00(0.02)  Forward time: 2.98(3.26)  Batch time: 2.98(3.28)
2025-03-26 06:36:47,541   INFO  Save latest model to /OpenPCDet/output/nuscenes_models/cbgs_voxel01_res3d_centerpoint_uncertainty/shifted_bounded_uncertainty/ckpt/latest_model
2025-03-26 06:38:23,862   INFO  Train:   13/30 ( 43%) [2955/3862 ( 77%)]  Loss: -8.127 (-2.18)  LR: 2.987e-03  Time cost: 2:41:37/49:35 [45:16:16/60:39:30]  Acc_iter 49300       Data time: 0.00(0.02)  Forward time: 3.05(3.26)  Batch time: 3.05(3.28)
2025-03-26 06:41:09,473   INFO  Train:   13/30 ( 43%) [3005/3862 ( 78%)]  Loss: -9.597 (-2.28)  LR: 2.986e-03  Time cost: 2:44:23/46:52 [45:19:02/60:37:20]  Acc_iter 49350       Data time: 0.00(0.02)  Forward time: 3.48(3.26)  Batch time: 3.48(3.28)
2025-03-26 06:41:10,450   INFO  
2025-03-26 06:41:48,765   INFO  Save latest model to /OpenPCDet/output/nuscenes_models/cbgs_voxel01_res3d_centerpoint_uncertainty/shifted_bounded_uncertainty/ckpt/latest_model
2025-03-26 06:43:57,379   INFO  Train:   13/30 ( 43%) [3055/3862 ( 79%)]  Loss: -8.749 (-2.39)  LR: 2.986e-03  Time cost: 2:47:11/44:09 [45:21:50/60:36:00]  Acc_iter 49400       Data time: 0.00(0.02)  Forward time: 3.15(3.26)  Batch time: 3.15(3.28)
2025-03-26 06:46:48,446   INFO  Train:   13/30 ( 43%) [3105/3862 ( 80%)]  Loss: -8.720 (-2.49)  LR: 2.985e-03  Time cost: 2:50:02/41:26 [45:24:41/60:35:44]  Acc_iter 49450       Data time: 0.00(0.02)  Forward time: 3.80(3.26)  Batch time: 3.80(3.28)
2025-03-26 06:46:48,778   INFO  Save latest model to /OpenPCDet/output/nuscenes_models/cbgs_voxel01_res3d_centerpoint_uncertainty/shifted_bounded_uncertainty/ckpt/latest_model
2025-03-26 06:49:30,714   INFO  Train:   13/30 ( 43%) [3155/3862 ( 82%)]  Loss: -9.240 (-2.59)  LR: 2.985e-03  Time cost: 2:52:44/38:41 [45:27:23/60:32:19]  Acc_iter 49500       Data time: 0.00(0.02)  Forward time: 3.14(3.26)  Batch time: 3.14(3.28)
2025-03-26 06:49:31,671   INFO  
2025-03-26 06:51:46,661   INFO  Save latest model to /OpenPCDet/output/nuscenes_models/cbgs_voxel01_res3d_centerpoint_uncertainty/shifted_bounded_uncertainty/ckpt/latest_model
2025-03-26 06:52:13,458   INFO  Train:   13/30 ( 43%) [3205/3862 ( 83%)]  Loss: -8.045 (-2.68)  LR: 2.984e-03  Time cost: 2:55:27/35:57 [45:30:06/60:29:04]  Acc_iter 49550       Data time: 0.00(0.02)  Forward time: 3.78(3.26)  Batch time: 3.78(3.28)
2025-03-26 06:55:02,966   INFO  Train:   13/30 ( 43%) [3255/3862 ( 84%)]  Loss: -8.903 (-2.78)  LR: 2.984e-03  Time cost: 2:58:17/33:14 [45:32:56/60:28:08]  Acc_iter 49600       Data time: 0.00(0.02)  Forward time: 3.13(3.26)  Batch time: 3.13(3.29)
2025-03-26 06:56:49,122   INFO  Save latest model to /OpenPCDet/output/nuscenes_models/cbgs_voxel01_res3d_centerpoint_uncertainty/shifted_bounded_uncertainty/ckpt/latest_model
2025-03-26 06:57:53,716   INFO  Train:   13/30 ( 43%) [3305/3862 ( 86%)]  Loss: -8.414 (-2.87)  LR: 2.983e-03  Time cost: 3:01:07/30:31 [45:35:46/60:27:34]  Acc_iter 49650       Data time: 0.01(0.02)  Forward time: 3.65(3.26)  Batch time: 3.66(3.29)
2025-03-26 06:57:54,884   INFO  
2025-03-26 07:00:38,440   INFO  Train:   13/30 ( 43%) [3355/3862 ( 87%)]  Loss: -7.845 (-2.95)  LR: 2.983e-03  Time cost: 3:03:52/27:46 [45:38:31/60:24:57]  Acc_iter 49700       Data time: 0.01(0.02)  Forward time: 3.73(3.26)  Batch time: 3.74(3.29)
2025-03-26 07:01:49,562   INFO  Save latest model to /OpenPCDet/output/nuscenes_models/cbgs_voxel01_res3d_centerpoint_uncertainty/shifted_bounded_uncertainty/ckpt/latest_model
2025-03-26 07:03:17,625   INFO  Train:   13/30 ( 43%) [3405/3862 ( 88%)]  Loss: -8.494 (-3.04)  LR: 2.982e-03  Time cost: 3:06:31/25:01 [45:41:10/60:20:32]  Acc_iter 49750       Data time: 0.00(0.02)  Forward time: 2.62(3.26)  Batch time: 2.62(3.29)
2025-03-26 07:06:03,464   INFO  Train:   13/30 ( 43%) [3455/3862 ( 89%)]  Loss: -9.163 (-3.12)  LR: 2.982e-03  Time cost: 3:09:17/22:17 [45:43:56/60:18:17]  Acc_iter 49800       Data time: 0.00(0.02)  Forward time: 2.96(3.26)  Batch time: 2.97(3.29)
2025-03-26 07:06:04,379   INFO  
2025-03-26 07:06:48,997   INFO  Save latest model to /OpenPCDet/output/nuscenes_models/cbgs_voxel01_res3d_centerpoint_uncertainty/shifted_bounded_uncertainty/ckpt/latest_model
2025-03-26 07:08:42,379   INFO  Train:   13/30 ( 43%) [3505/3862 ( 91%)]  Loss: -8.819 (-3.20)  LR: 2.981e-03  Time cost: 3:11:56/19:32 [45:46:35/60:13:51]  Acc_iter 49850       Data time: 0.00(0.02)  Forward time: 3.28(3.26)  Batch time: 3.28(3.28)
2025-03-26 07:11:22,706   INFO  Train:   13/30 ( 43%) [3555/3862 ( 92%)]  Loss: -9.200 (-3.28)  LR: 2.981e-03  Time cost: 3:14:36/16:48 [45:49:15/60:09:54]  Acc_iter 49900       Data time: 0.00(0.02)  Forward time: 2.47(3.26)  Batch time: 2.47(3.28)
2025-03-26 07:11:46,939   INFO  Save latest model to /OpenPCDet/output/nuscenes_models/cbgs_voxel01_res3d_centerpoint_uncertainty/shifted_bounded_uncertainty/ckpt/latest_model
2025-03-26 07:14:08,876   INFO  Train:   13/30 ( 43%) [3605/3862 ( 93%)]  Loss: -9.029 (-3.35)  LR: 2.980e-03  Time cost: 3:17:22/14:04 [45:52:02/60:07:46]  Acc_iter 49950       Data time: 0.00(0.02)  Forward time: 2.78(3.26)  Batch time: 2.79(3.28)
2025-03-26 07:14:09,880   INFO  
2025-03-26 07:16:48,275   INFO  Save latest model to /OpenPCDet/output/nuscenes_models/cbgs_voxel01_res3d_centerpoint_uncertainty/shifted_bounded_uncertainty/ckpt/latest_model
2025-03-26 07:16:58,218   INFO  Train:   13/30 ( 43%) [3655/3862 ( 95%)]  Loss: -8.534 (-3.43)  LR: 2.980e-03  Time cost: 3:20:12/11:20 [45:54:51/60:06:34]  Acc_iter 50000       Data time: 0.03(0.02)  Forward time: 2.58(3.26)  Batch time: 2.61(3.29)
2025-03-26 07:19:50,083   INFO  Train:   13/30 ( 43%) [3705/3862 ( 96%)]  Loss: -9.406 (-3.39)  LR: 2.979e-03  Time cost: 3:23:04/08:36 [45:57:43/60:06:05]  Acc_iter 50050       Data time: 0.00(0.02)  Forward time: 2.67(3.27)  Batch time: 2.67(3.29)
2025-03-26 07:21:48,363   INFO  Save latest model to /OpenPCDet/output/nuscenes_models/cbgs_voxel01_res3d_centerpoint_uncertainty/shifted_bounded_uncertainty/ckpt/latest_model
2025-03-26 07:22:37,620   INFO  Train:   13/30 ( 43%) [3755/3862 ( 97%)]  Loss: -8.849 (-3.46)  LR: 2.978e-03  Time cost: 3:25:51/05:51 [46:00:30/60:04:16]  Acc_iter 50100       Data time: 0.00(0.02)  Forward time: 3.57(3.27)  Batch time: 3.57(3.29)
2025-03-26 07:22:38,713   INFO  
2025-03-26 07:25:29,707   INFO  Train:   13/30 ( 43%) [3805/3862 ( 99%)]  Loss: -8.271 (-3.53)  LR: 2.978e-03  Time cost: 3:28:43/03:07 [46:03:22/60:03:43]  Acc_iter 50150       Data time: 0.00(0.02)  Forward time: 3.87(3.27)  Batch time: 3.88(3.29)
2025-03-26 07:26:49,871   INFO  Save latest model to /OpenPCDet/output/nuscenes_models/cbgs_voxel01_res3d_centerpoint_uncertainty/shifted_bounded_uncertainty/ckpt/latest_model
2025-03-26 07:28:13,389   INFO  Train:   13/30 ( 43%) [3855/3862 (100%)]  Loss: -8.751 (-3.60)  LR: 2.977e-03  Time cost: 3:31:27/00:23 [46:06:06/60:00:44]  Acc_iter 50200       Data time: 0.00(0.02)  Forward time: 2.54(3.27)  Batch time: 2.54(3.29)
2025-03-26 07:28:27,466   INFO  Train:   13/30 ( 43%) [3861/3862 (100%)]  Loss: -8.389 (-3.61)  LR: 2.977e-03  Time cost: 3:31:41/00:03 [46:06:20/59:58:48]  Acc_iter 50206       Data time: 0.00(0.02)  Forward time: 2.00(3.27)  Batch time: 2.00(3.29)
2025-03-26 07:28:53,355   INFO  Train:   14/30 ( 47%) [   0/3862 (  0%)]  Loss: -8.644 (-8.64)  LR: 2.977e-03  Time cost: 00:22/24:35:34 [46:06:46/418:04:38]  Acc_iter 50207       Data time: 19.53(19.53)  Forward time: 3.39(3.39)  Batch time: 22.92(22.92)
2025-03-26 07:31:14,661   INFO  Train:   14/30 ( 47%) [  43/3862 (  1%)]  Loss: -8.434 (-8.72)  LR: 2.977e-03  Time cost: 02:44/3:57:34 [46:09:07/68:01:33]  Acc_iter 50250       Data time: 0.00(0.45)  Forward time: 3.38(3.28)  Batch time: 3.38(3.73)
2025-03-26 07:31:15,887   INFO  
2025-03-26 07:33:33,963   INFO  Save latest model to /OpenPCDet/output/nuscenes_models/cbgs_voxel01_res3d_centerpoint_uncertainty/shifted_bounded_uncertainty/ckpt/latest_model
2025-03-26 07:34:00,076   INFO  Train:   14/30 ( 47%) [  93/3862 (  2%)]  Loss: -8.834 (-8.69)  LR: 2.976e-03  Time cost: 05:29/3:40:17 [46:11:53/63:51:53]  Acc_iter 50300       Data time: 0.00(0.23)  Forward time: 3.38(3.28)  Batch time: 3.38(3.51)
2025-03-26 07:36:42,392   INFO  Train:   14/30 ( 47%) [ 143/3862 (  4%)]  Loss: -8.456 (-8.76)  LR: 2.975e-03  Time cost: 08:11/3:31:45 [46:14:35/62:10:11]  Acc_iter 50350       Data time: 0.00(0.15)  Forward time: 3.50(3.26)  Batch time: 3.50(3.42)
2025-03-26 07:38:33,321   INFO  Save latest model to /OpenPCDet/output/nuscenes_models/cbgs_voxel01_res3d_centerpoint_uncertainty/shifted_bounded_uncertainty/ckpt/latest_model
2025-03-26 07:39:20,229   INFO  Train:   14/30 ( 47%) [ 193/3862 (  5%)]  Loss: -8.665 (-8.78)  LR: 2.975e-03  Time cost: 10:49/3:24:49 [46:17:13/60:54:19]  Acc_iter 50400       Data time: 0.00(0.12)  Forward time: 2.76(3.23)  Batch time: 2.77(3.35)
2025-03-26 07:39:21,093   INFO  
2025-03-26 07:41:56,868   INFO  Train:   14/30 ( 47%) [ 243/3862 (  6%)]  Loss: -8.647 (-8.78)  LR: 2.974e-03  Time cost: 13:26/3:19:21 [46:19:49/60:03:07]  Acc_iter 50450       Data time: 0.00(0.10)  Forward time: 4.11(3.21)  Batch time: 4.11(3.31)
2025-03-26 07:43:32,363   INFO  Save latest model to /OpenPCDet/output/nuscenes_models/cbgs_voxel01_res3d_centerpoint_uncertainty/shifted_bounded_uncertainty/ckpt/latest_model
2025-03-26 07:44:32,153   INFO  Train:   14/30 ( 47%) [ 293/3862 (  8%)]  Loss: -7.608 (-8.77)  LR: 2.974e-03  Time cost: 16:01/3:14:34 [46:22:25/59:23:26]  Acc_iter 50500       Data time: 0.00(0.08)  Forward time: 2.70(3.19)  Batch time: 2.70(3.27)
2025-03-26 07:47:12,275   INFO  Train:   14/30 ( 47%) [ 343/3862 (  9%)]  Loss: -8.239 (-8.74)  LR: 2.973e-03  Time cost: 18:41/3:11:16 [46:25:05/59:09:50]  Acc_iter 50550       Data time: 0.02(0.07)  Forward time: 3.80(3.19)  Batch time: 3.82(3.26)
2025-03-26 07:47:13,456   INFO  
2025-03-26 07:48:31,543   INFO  Save latest model to /OpenPCDet/output/nuscenes_models/cbgs_voxel01_res3d_centerpoint_uncertainty/shifted_bounded_uncertainty/ckpt/latest_model
2025-03-26 07:49:47,447   INFO  Train:   14/30 ( 47%) [ 393/3862 ( 10%)]  Loss: -8.674 (-8.74)  LR: 2.972e-03  Time cost: 21:17/3:07:23 [46:27:40/58:45:21]  Acc_iter 50600       Data time: 0.00(0.07)  Forward time: 3.13(3.17)  Batch time: 3.13(3.24)
2025-03-26 07:52:22,911   INFO  Train:   14/30 ( 47%) [ 443/3862 ( 11%)]  Loss: -8.820 (-8.73)  LR: 2.972e-03  Time cost: 23:52/3:03:50 [46:30:16/58:26:30]  Acc_iter 50650       Data time: 0.00(0.06)  Forward time: 2.80(3.16)  Batch time: 2.80(3.23)
2025-03-26 07:53:31,752   INFO  Save latest model to /OpenPCDet/output/nuscenes_models/cbgs_voxel01_res3d_centerpoint_uncertainty/shifted_bounded_uncertainty/ckpt/latest_model
2025-03-26 07:54:58,166   INFO  Train:   14/30 ( 47%) [ 493/3862 ( 13%)]  Loss: -8.518 (-8.74)  LR: 2.971e-03  Time cost: 26:27/3:00:28 [46:32:51/58:10:29]  Acc_iter 50700       Data time: 0.00(0.06)  Forward time: 2.57(3.16)  Batch time: 2.58(3.21)
2025-03-26 07:54:59,329   INFO  
2025-03-26 07:57:34,733   INFO  Train:   14/30 ( 47%) [ 543/3862 ( 14%)]  Loss: -7.542 (-8.75)  LR: 2.970e-03  Time cost: 29:04/2:57:22 [46:35:27/57:59:34]  Acc_iter 50750       Data time: 0.00(0.05)  Forward time: 2.60(3.15)  Batch time: 2.61(3.21)
2025-03-26 07:58:33,403   INFO  Save latest model to /OpenPCDet/output/nuscenes_models/cbgs_voxel01_res3d_centerpoint_uncertainty/shifted_bounded_uncertainty/ckpt/latest_model
2025-03-26 08:00:08,235   INFO  Train:   14/30 ( 47%) [ 593/3862 ( 15%)]  Loss: -8.894 (-8.70)  LR: 2.970e-03  Time cost: 31:37/2:54:04 [46:38:01/57:44:27]  Acc_iter 50800       Data time: 0.00(0.05)  Forward time: 3.22(3.14)  Batch time: 3.23(3.19)
2025-03-26 08:02:41,642   INFO  Train:   14/30 ( 47%) [ 643/3862 ( 17%)]  Loss: -8.495 (-8.70)  LR: 2.969e-03  Time cost: 34:11/2:50:52 [46:40:34/57:31:07]  Acc_iter 50850       Data time: 0.01(0.05)  Forward time: 3.16(3.14)  Batch time: 3.17(3.19)
2025-03-26 08:02:42,736   INFO  
2025-03-26 08:03:33,676   INFO  Save latest model to /OpenPCDet/output/nuscenes_models/cbgs_voxel01_res3d_centerpoint_uncertainty/shifted_bounded_uncertainty/ckpt/latest_model
2025-03-26 08:05:21,902   INFO  Train:   14/30 ( 47%) [ 693/3862 ( 18%)]  Loss: -8.886 (-8.70)  LR: 2.968e-03  Time cost: 36:51/2:48:18 [46:43:15/57:30:01]  Acc_iter 50900       Data time: 0.00(0.05)  Forward time: 4.28(3.14)  Batch time: 4.29(3.19)
2025-03-26 08:07:59,715   INFO  Train:   14/30 ( 47%) [ 743/3862 ( 19%)]  Loss: -9.166 (-8.71)  LR: 2.968e-03  Time cost: 39:29/2:45:32 [46:45:52/57:25:10]  Acc_iter 50950       Data time: 0.01(0.04)  Forward time: 2.61(3.14)  Batch time: 2.61(3.18)
2025-03-26 08:08:32,691   INFO  Save latest model to /OpenPCDet/output/nuscenes_models/cbgs_voxel01_res3d_centerpoint_uncertainty/shifted_bounded_uncertainty/ckpt/latest_model
2025-03-26 08:10:42,337   INFO  Train:   14/30 ( 47%) [ 793/3862 ( 21%)]  Loss: -8.774 (-8.72)  LR: 2.967e-03  Time cost: 42:11/2:43:06 [46:48:35/57:27:08]  Acc_iter 51000       Data time: 0.00(0.04)  Forward time: 2.95(3.15)  Batch time: 2.95(3.19)
2025-03-26 08:10:43,450   INFO  
2025-03-26 08:13:24,876   INFO  Train:   14/30 ( 47%) [ 843/3862 ( 22%)]  Loss: -8.943 (-8.72)  LR: 2.966e-03  Time cost: 44:54/2:40:38 [46:51:18/57:28:27]  Acc_iter 51050       Data time: 0.00(0.04)  Forward time: 2.85(3.15)  Batch time: 2.86(3.19)
2025-03-26 08:13:31,661   INFO  Save latest model to /OpenPCDet/output/nuscenes_models/cbgs_voxel01_res3d_centerpoint_uncertainty/shifted_bounded_uncertainty/ckpt/latest_model
2025-03-26 08:16:12,218   INFO  Train:   14/30 ( 47%) [ 893/3862 ( 23%)]  Loss: -8.797 (-8.73)  LR: 2.966e-03  Time cost: 47:41/2:38:24 [46:54:05/57:35:06]  Acc_iter 51100       Data time: 0.00(0.04)  Forward time: 2.86(3.16)  Batch time: 2.87(3.20)
2025-03-26 08:18:32,968   INFO  Save latest model to /OpenPCDet/output/nuscenes_models/cbgs_voxel01_res3d_centerpoint_uncertainty/shifted_bounded_uncertainty/ckpt/latest_model
2025-03-26 08:18:56,141   INFO  Train:   14/30 ( 47%) [ 943/3862 ( 24%)]  Loss: -8.306 (-8.53)  LR: 2.965e-03  Time cost: 50:25/2:35:55 [46:56:49/57:36:51]  Acc_iter 51150       Data time: 0.03(0.04)  Forward time: 2.70(3.17)  Batch time: 2.73(3.21)
2025-03-26 08:18:57,159   INFO  
2025-03-26 08:21:36,449   INFO  Train:   14/30 ( 47%) [ 993/3862 ( 26%)]  Loss: -7.637 (-8.55)  LR: 2.964e-03  Time cost: 53:06/2:33:15 [46:59:29/57:34:14]  Acc_iter 51200       Data time: 0.00(0.04)  Forward time: 2.65(3.17)  Batch time: 2.65(3.21)
2025-03-26 08:23:31,890   INFO  Save latest model to /OpenPCDet/output/nuscenes_models/cbgs_voxel01_res3d_centerpoint_uncertainty/shifted_bounded_uncertainty/ckpt/latest_model
2025-03-26 08:24:17,887   INFO  Train:   14/30 ( 47%) [1043/3862 ( 27%)]  Loss: -8.500 (-8.56)  LR: 2.963e-03  Time cost: 55:47/2:30:38 [47:02:11/57:32:47]  Acc_iter 51250       Data time: 0.01(0.04)  Forward time: 3.32(3.17)  Batch time: 3.32(3.21)
2025-03-26 08:27:02,015   INFO  Train:   14/30 ( 47%) [1093/3862 ( 28%)]  Loss: -9.354 (-8.58)  LR: 2.963e-03  Time cost: 58:31/2:28:08 [47:04:55/57:33:51]  Acc_iter 51300       Data time: 0.00(0.03)  Forward time: 2.94(3.18)  Batch time: 2.94(3.21)
2025-03-26 08:27:03,250   INFO  
2025-03-26 08:28:31,577   INFO  Save latest model to /OpenPCDet/output/nuscenes_models/cbgs_voxel01_res3d_centerpoint_uncertainty/shifted_bounded_uncertainty/ckpt/latest_model
2025-03-26 08:29:45,301   INFO  Train:   14/30 ( 47%) [1143/3862 ( 30%)]  Loss: -8.891 (-8.59)  LR: 2.962e-03  Time cost: 1:01:14/2:25:34 [47:07:38/57:33:48]  Acc_iter 51350       Data time: 0.00(0.03)  Forward time: 2.79(3.18)  Batch time: 2.79(3.21)
2025-03-26 08:32:25,482   INFO  Train:   14/30 ( 47%) [1193/3862 ( 31%)]  Loss: -8.600 (-8.60)  LR: 2.961e-03  Time cost: 1:03:55/2:22:52 [47:10:18/57:30:44]  Acc_iter 51400       Data time: 0.00(0.03)  Forward time: 2.71(3.18)  Batch time: 2.71(3.21)
2025-03-26 08:33:32,684   INFO  Save latest model to /OpenPCDet/output/nuscenes_models/cbgs_voxel01_res3d_centerpoint_uncertainty/shifted_bounded_uncertainty/ckpt/latest_model
2025-03-26 08:35:07,323   INFO  Train:   14/30 ( 47%) [1243/3862 ( 32%)]  Loss: -8.754 (-8.61)  LR: 2.960e-03  Time cost: 1:06:36/2:20:14 [47:13:00/57:29:08]  Acc_iter 51450       Data time: 0.00(0.03)  Forward time: 3.80(3.18)  Batch time: 3.80(3.21)
2025-03-26 08:35:08,435   INFO  
2025-03-26 08:37:57,485   INFO  Train:   14/30 ( 47%) [1293/3862 ( 33%)]  Loss: -9.083 (-8.61)  LR: 2.959e-03  Time cost: 1:09:27/2:17:52 [47:15:50/57:34:21]  Acc_iter 51500       Data time: 0.00(0.03)  Forward time: 3.05(3.19)  Batch time: 3.06(3.22)
2025-03-26 08:38:34,038   INFO  Save latest model to /OpenPCDet/output/nuscenes_models/cbgs_voxel01_res3d_centerpoint_uncertainty/shifted_bounded_uncertainty/ckpt/latest_model
2025-03-26 08:40:39,604   INFO  Train:   14/30 ( 47%) [1343/3862 ( 35%)]  Loss: -8.428 (-7.78)  LR: 2.959e-03  Time cost: 1:12:09/2:15:13 [47:18:32/57:32:32]  Acc_iter 51550       Data time: 0.00(0.03)  Forward time: 3.77(3.19)  Batch time: 3.77(3.22)
2025-03-26 08:43:27,398   INFO  Train:   14/30 ( 47%) [1393/3862 ( 36%)]  Loss: -7.591 (-7.82)  LR: 2.958e-03  Time cost: 1:14:56/2:12:44 [47:21:20/57:35:02]  Acc_iter 51600       Data time: 0.00(0.03)  Forward time: 2.99(3.20)  Batch time: 2.99(3.23)
2025-03-26 08:43:28,418   INFO  
2025-03-26 08:43:33,130   INFO  Save latest model to /OpenPCDet/output/nuscenes_models/cbgs_voxel01_res3d_centerpoint_uncertainty/shifted_bounded_uncertainty/ckpt/latest_model
2025-03-26 08:46:12,670   INFO  Train:   14/30 ( 47%) [1443/3862 ( 37%)]  Loss: -9.293 (-7.85)  LR: 2.957e-03  Time cost: 1:17:42/2:10:10 [47:24:05/57:35:17]  Acc_iter 51650       Data time: 0.03(0.03)  Forward time: 3.79(3.20)  Batch time: 3.82(3.23)
2025-03-26 08:48:32,574   INFO  Save latest model to /OpenPCDet/output/nuscenes_models/cbgs_voxel01_res3d_centerpoint_uncertainty/shifted_bounded_uncertainty/ckpt/latest_model
2025-03-26 08:49:02,164   INFO  Train:   14/30 ( 47%) [1493/3862 ( 39%)]  Loss: -8.876 (-7.88)  LR: 2.956e-03  Time cost: 1:20:31/2:07:41 [47:26:55/57:38:22]  Acc_iter 51700       Data time: 0.00(0.03)  Forward time: 3.19(3.20)  Batch time: 3.19(3.23)
2025-03-26 08:51:49,185   INFO  Train:   14/30 ( 47%) [1543/3862 ( 40%)]  Loss: -9.704 (-7.92)  LR: 2.955e-03  Time cost: 1:23:18/2:05:07 [47:29:42/57:39:21]  Acc_iter 51750       Data time: 0.00(0.03)  Forward time: 3.00(3.21)  Batch time: 3.01(3.24)
2025-03-26 08:51:50,369   INFO  
2025-03-26 08:53:33,506   INFO  Save latest model to /OpenPCDet/output/nuscenes_models/cbgs_voxel01_res3d_centerpoint_uncertainty/shifted_bounded_uncertainty/ckpt/latest_model
2025-03-26 08:54:39,664   INFO  Train:   14/30 ( 47%) [1593/3862 ( 41%)]  Loss: -9.304 (-7.94)  LR: 2.955e-03  Time cost: 1:26:09/2:02:38 [47:32:32/57:42:25]  Acc_iter 51800       Data time: 0.00(0.03)  Forward time: 4.21(3.21)  Batch time: 4.21(3.24)
2025-03-26 08:57:21,678   INFO  Train:   14/30 ( 47%) [1643/3862 ( 43%)]  Loss: -8.897 (-7.97)  LR: 2.954e-03  Time cost: 1:28:51/1:59:55 [47:35:14/57:39:38]  Acc_iter 51850       Data time: 0.00(0.03)  Forward time: 2.46(3.21)  Batch time: 2.47(3.24)
2025-03-26 08:58:32,473   INFO  Save latest model to /OpenPCDet/output/nuscenes_models/cbgs_voxel01_res3d_centerpoint_uncertainty/shifted_bounded_uncertainty/ckpt/latest_model
2025-03-26 09:00:02,789   INFO  Train:   14/30 ( 47%) [1693/3862 ( 44%)]  Loss: -9.028 (-8.00)  LR: 2.953e-03  Time cost: 1:31:32/1:57:12 [47:37:55/57:36:17]  Acc_iter 51900       Data time: 0.00(0.03)  Forward time: 3.10(3.21)  Batch time: 3.10(3.24)
2025-03-26 09:00:03,877   INFO  
2025-03-26 09:02:47,520   INFO  Train:   14/30 ( 47%) [1743/3862 ( 45%)]  Loss: -8.500 (-8.02)  LR: 2.952e-03  Time cost: 1:34:17/1:54:33 [47:40:40/57:35:10]  Acc_iter 51950       Data time: 0.00(0.03)  Forward time: 3.14(3.22)  Batch time: 3.15(3.24)
2025-03-26 09:03:31,597   INFO  Save latest model to /OpenPCDet/output/nuscenes_models/cbgs_voxel01_res3d_centerpoint_uncertainty/shifted_bounded_uncertainty/ckpt/latest_model
2025-03-26 09:05:32,632   INFO  Train:   14/30 ( 47%) [1793/3862 ( 46%)]  Loss: -9.136 (-8.05)  LR: 2.951e-03  Time cost: 1:37:02/1:51:54 [47:43:25/57:34:12]  Acc_iter 52000       Data time: 0.00(0.03)  Forward time: 4.61(3.22)  Batch time: 4.61(3.25)
2025-03-26 09:08:18,958   INFO  Train:   14/30 ( 47%) [1843/3862 ( 48%)]  Loss: -9.260 (-8.07)  LR: 2.950e-03  Time cost: 1:39:48/1:49:16 [47:46:12/57:33:50]  Acc_iter 52050       Data time: 0.00(0.03)  Forward time: 3.60(3.22)  Batch time: 3.60(3.25)
2025-03-26 09:08:19,996   INFO  
2025-03-26 09:08:33,236   INFO  Save latest model to /OpenPCDet/output/nuscenes_models/cbgs_voxel01_res3d_centerpoint_uncertainty/shifted_bounded_uncertainty/ckpt/latest_model
2025-03-26 09:11:06,836   INFO  Train:   14/30 ( 47%) [1893/3862 ( 49%)]  Loss: -9.040 (-8.09)  LR: 2.950e-03  Time cost: 1:42:36/1:46:40 [47:48:59/57:34:13]  Acc_iter 52100       Data time: 0.00(0.03)  Forward time: 3.42(3.22)  Batch time: 3.43(3.25)
2025-03-26 09:13:33,402   INFO  Save latest model to /OpenPCDet/output/nuscenes_models/cbgs_voxel01_res3d_centerpoint_uncertainty/shifted_bounded_uncertainty/ckpt/latest_model
2025-03-26 09:13:45,134   INFO  Train:   14/30 ( 47%) [1943/3862 ( 50%)]  Loss: -8.766 (-8.10)  LR: 2.949e-03  Time cost: 1:45:14/1:43:53 [47:51:38/57:29:12]  Acc_iter 52150       Data time: 0.00(0.03)  Forward time: 2.80(3.22)  Batch time: 2.80(3.25)
2025-03-26 09:16:33,448   INFO  Train:   14/30 ( 47%) [1993/3862 ( 52%)]  Loss: -9.040 (-8.12)  LR: 2.948e-03  Time cost: 1:48:03/1:41:16 [47:54:26/57:29:38]  Acc_iter 52200       Data time: 0.00(0.03)  Forward time: 3.33(3.22)  Batch time: 3.33(3.25)
2025-03-26 09:16:34,673   INFO  
2025-03-26 09:18:32,880   INFO  Save latest model to /OpenPCDet/output/nuscenes_models/cbgs_voxel01_res3d_centerpoint_uncertainty/shifted_bounded_uncertainty/ckpt/latest_model
2025-03-26 09:19:22,678   INFO  Train:   14/30 ( 47%) [2043/3862 ( 53%)]  Loss: -7.715 (-7.19)  LR: 2.947e-03  Time cost: 1:50:52/1:38:39 [47:57:15/57:30:23]  Acc_iter 52250       Data time: 0.00(0.03)  Forward time: 2.98(3.23)  Batch time: 2.98(3.25)
2025-03-26 09:22:08,456   INFO  Train:   14/30 ( 47%) [2093/3862 ( 54%)]  Loss: -9.163 (-7.23)  LR: 2.946e-03  Time cost: 1:53:38/1:35:59 [48:00:01/57:29:13]  Acc_iter 52300       Data time: 0.00(0.03)  Forward time: 3.85(3.23)  Batch time: 3.85(3.26)
2025-03-26 09:23:33,238   INFO  Save latest model to /OpenPCDet/output/nuscenes_models/cbgs_voxel01_res3d_centerpoint_uncertainty/shifted_bounded_uncertainty/ckpt/latest_model
2025-03-26 09:24:50,766   INFO  Train:   14/30 ( 47%) [2143/3862 ( 55%)]  Loss: -9.191 (-7.27)  LR: 2.945e-03  Time cost: 1:56:20/1:33:16 [48:02:43/57:26:16]  Acc_iter 52350       Data time: 0.00(0.03)  Forward time: 3.39(3.23)  Batch time: 3.40(3.26)
2025-03-26 09:24:51,713   INFO  
2025-03-26 09:27:37,926   INFO  Train:   14/30 ( 47%) [2193/3862 ( 57%)]  Loss: -9.290 (-7.30)  LR: 2.944e-03  Time cost: 1:59:07/1:30:37 [48:05:31/57:25:39]  Acc_iter 52400       Data time: 0.00(0.03)  Forward time: 2.95(3.23)  Batch time: 2.96(3.26)
2025-03-26 09:28:33,261   INFO  Save latest model to /OpenPCDet/output/nuscenes_models/cbgs_voxel01_res3d_centerpoint_uncertainty/shifted_bounded_uncertainty/ckpt/latest_model
2025-03-26 09:30:20,886   INFO  Train:   14/30 ( 47%) [2243/3862 ( 58%)]  Loss: -8.681 (-7.34)  LR: 2.943e-03  Time cost: 2:01:50/1:27:54 [48:08:14/57:22:58]  Acc_iter 52450       Data time: 0.00(0.03)  Forward time: 3.67(3.23)  Batch time: 3.67(3.26)
2025-03-26 09:33:02,427   INFO  Train:   14/30 ( 47%) [2293/3862 ( 59%)]  Loss: -8.255 (-7.37)  LR: 2.942e-03  Time cost: 2:04:31/1:25:10 [48:10:55/57:19:38]  Acc_iter 52500       Data time: 0.00(0.03)  Forward time: 2.48(3.23)  Batch time: 2.48(3.26)
2025-03-26 09:33:03,391   INFO  
2025-03-26 09:33:31,562   INFO  Save latest model to /OpenPCDet/output/nuscenes_models/cbgs_voxel01_res3d_centerpoint_uncertainty/shifted_bounded_uncertainty/ckpt/latest_model
2025-03-26 09:35:44,114   INFO  Train:   14/30 ( 47%) [2343/3862 ( 61%)]  Loss: -8.482 (-7.34)  LR: 2.941e-03  Time cost: 2:07:13/1:22:26 [48:13:37/57:16:24]  Acc_iter 52550       Data time: 0.00(0.03)  Forward time: 3.68(3.23)  Batch time: 3.68(3.26)
2025-03-26 09:38:30,673   INFO  Train:   14/30 ( 47%) [2393/3862 ( 62%)]  Loss: -8.929 (-7.37)  LR: 2.940e-03  Time cost: 2:10:00/1:19:46 [48:16:23/57:15:19]  Acc_iter 52600       Data time: 0.00(0.03)  Forward time: 3.27(3.23)  Batch time: 3.27(3.26)
2025-03-26 09:38:30,993   INFO  Save latest model to /OpenPCDet/output/nuscenes_models/cbgs_voxel01_res3d_centerpoint_uncertainty/shifted_bounded_uncertainty/ckpt/latest_model
2025-03-26 09:41:19,165   INFO  Train:   14/30 ( 47%) [2443/3862 ( 63%)]  Loss: -8.910 (-7.40)  LR: 2.940e-03  Time cost: 2:12:48/1:17:06 [48:19:12/57:15:01]  Acc_iter 52650       Data time: 0.01(0.02)  Forward time: 4.35(3.24)  Batch time: 4.36(3.26)
2025-03-26 09:41:20,337   INFO  
2025-03-26 09:43:32,871   INFO  Save latest model to /OpenPCDet/output/nuscenes_models/cbgs_voxel01_res3d_centerpoint_uncertainty/shifted_bounded_uncertainty/ckpt/latest_model
2025-03-26 09:44:08,700   INFO  Train:   14/30 ( 47%) [2493/3862 ( 65%)]  Loss: -8.864 (-7.43)  LR: 2.939e-03  Time cost: 2:15:38/1:14:27 [48:22:01/57:15:03]  Acc_iter 52700       Data time: 0.00(0.03)  Forward time: 4.34(3.24)  Batch time: 4.34(3.26)
2025-03-26 09:46:50,638   INFO  Train:   14/30 ( 47%) [2543/3862 ( 66%)]  Loss: -8.429 (-7.46)  LR: 2.938e-03  Time cost: 2:18:20/1:11:43 [48:24:43/57:11:49]  Acc_iter 52750       Data time: 0.00(0.02)  Forward time: 2.94(3.24)  Batch time: 2.94(3.26)
2025-03-26 09:48:32,207   INFO  Save latest model to /OpenPCDet/output/nuscenes_models/cbgs_voxel01_res3d_centerpoint_uncertainty/shifted_bounded_uncertainty/ckpt/latest_model
2025-03-26 09:49:31,145   INFO  Train:   14/30 ( 47%) [2593/3862 ( 67%)]  Loss: -9.137 (-7.49)  LR: 2.937e-03  Time cost: 2:21:00/1:08:59 [48:27:24/57:08:02]  Acc_iter 52800       Data time: 0.00(0.02)  Forward time: 3.87(3.24)  Batch time: 3.88(3.26)
2025-03-26 09:49:32,147   INFO  
2025-03-26 09:52:11,595   INFO  Train:   14/30 ( 47%) [2643/3862 ( 68%)]  Loss: -8.055 (-7.51)  LR: 2.936e-03  Time cost: 2:23:41/1:06:14 [48:30:04/57:04:16]  Acc_iter 52850       Data time: 0.01(0.02)  Forward time: 4.63(3.24)  Batch time: 4.64(3.26)
2025-03-26 09:53:32,763   INFO  Save latest model to /OpenPCDet/output/nuscenes_models/cbgs_voxel01_res3d_centerpoint_uncertainty/shifted_bounded_uncertainty/ckpt/latest_model
2025-03-26 09:54:54,550   INFO  Train:   14/30 ( 47%) [2693/3862 ( 70%)]  Loss: -8.917 (-7.54)  LR: 2.935e-03  Time cost: 2:26:24/1:03:31 [48:32:47/57:01:32]  Acc_iter 52900       Data time: 0.01(0.02)  Forward time: 2.81(3.24)  Batch time: 2.82(3.26)
2025-03-26 09:57:34,986   INFO  Train:   14/30 ( 47%) [2743/3862 ( 71%)]  Loss: -8.241 (-7.56)  LR: 2.934e-03  Time cost: 2:29:04/1:00:47 [48:35:28/56:57:49]  Acc_iter 52950       Data time: 0.00(0.02)  Forward time: 3.59(3.24)  Batch time: 3.60(3.26)
2025-03-26 09:57:35,872   INFO  
2025-03-26 09:58:32,861   INFO  Save latest model to /OpenPCDet/output/nuscenes_models/cbgs_voxel01_res3d_centerpoint_uncertainty/shifted_bounded_uncertainty/ckpt/latest_model
2025-03-26 10:00:14,916   INFO  Train:   14/30 ( 47%) [2793/3862 ( 72%)]  Loss: -9.631 (-7.59)  LR: 2.933e-03  Time cost: 2:31:44/58:03 [48:38:08/56:53:57]  Acc_iter 53000       Data time: 0.00(0.02)  Forward time: 2.55(3.23)  Batch time: 2.55(3.26)
2025-03-26 10:02:45,506   INFO  Train:   14/30 ( 47%) [2843/3862 ( 74%)]  Loss: -9.529 (-7.61)  LR: 2.932e-03  Time cost: 2:34:15/55:16 [48:40:38/56:46:42]  Acc_iter 53050       Data time: 0.01(0.02)  Forward time: 3.09(3.23)  Batch time: 3.10(3.25)
2025-03-26 10:03:31,658   INFO  Save latest model to /OpenPCDet/output/nuscenes_models/cbgs_voxel01_res3d_centerpoint_uncertainty/shifted_bounded_uncertainty/ckpt/latest_model
2025-03-26 10:05:26,762   INFO  Train:   14/30 ( 47%) [2893/3862 ( 75%)]  Loss: -9.549 (-7.63)  LR: 2.931e-03  Time cost: 2:36:56/52:32 [48:43:19/56:43:28]  Acc_iter 53100       Data time: 0.00(0.02)  Forward time: 2.92(3.23)  Batch time: 2.92(3.25)
2025-03-26 10:05:27,740   INFO  
2025-03-26 10:08:12,106   INFO  Train:   14/30 ( 47%) [2943/3862 ( 76%)]  Loss: -9.453 (-7.65)  LR: 2.930e-03  Time cost: 2:39:41/49:51 [48:46:05/56:41:42]  Acc_iter 53150       Data time: 0.00(0.02)  Forward time: 3.35(3.23)  Batch time: 3.35(3.25)
2025-03-26 10:08:33,189   INFO  Save latest model to /OpenPCDet/output/nuscenes_models/cbgs_voxel01_res3d_centerpoint_uncertainty/shifted_bounded_uncertainty/ckpt/latest_model
2025-03-26 10:10:53,299   INFO  Train:   14/30 ( 47%) [2993/3862 ( 77%)]  Loss: -9.151 (-7.67)  LR: 2.929e-03  Time cost: 2:42:22/47:07 [48:48:46/56:38:27]  Acc_iter 53200       Data time: 0.00(0.02)  Forward time: 2.95(3.23)  Batch time: 2.96(3.25)
2025-03-26 10:13:31,166   INFO  Train:   14/30 ( 47%) [3043/3862 ( 79%)]  Loss: -8.585 (-7.69)  LR: 2.928e-03  Time cost: 2:45:00/44:23 [48:51:24/56:34:04]  Acc_iter 53250       Data time: 0.00(0.02)  Forward time: 3.67(3.23)  Batch time: 3.67(3.25)
2025-03-26 10:13:32,182   INFO  
2025-03-26 10:13:32,466   INFO  Save latest model to /OpenPCDet/output/nuscenes_models/cbgs_voxel01_res3d_centerpoint_uncertainty/shifted_bounded_uncertainty/ckpt/latest_model
2025-03-26 10:16:24,671   INFO  Train:   14/30 ( 47%) [3093/3862 ( 80%)]  Loss: -9.125 (-7.71)  LR: 2.927e-03  Time cost: 2:47:54/41:43 [48:54:17/56:35:02]  Acc_iter 53300       Data time: 0.00(0.02)  Forward time: 2.94(3.23)  Batch time: 2.94(3.26)
2025-03-26 10:18:32,357   INFO  Save latest model to /OpenPCDet/output/nuscenes_models/cbgs_voxel01_res3d_centerpoint_uncertainty/shifted_bounded_uncertainty/ckpt/latest_model
2025-03-26 10:19:14,170   INFO  Train:   14/30 ( 47%) [3143/3862 ( 81%)]  Loss: -8.988 (-7.73)  LR: 2.925e-03  Time cost: 2:50:43/39:02 [48:57:07/56:34:32]  Acc_iter 53350       Data time: 0.00(0.02)  Forward time: 3.97(3.24)  Batch time: 3.97(3.26)
2025-03-26 10:22:04,685   INFO  Train:   14/30 ( 47%) [3193/3862 ( 83%)]  Loss: -8.699 (-7.75)  LR: 2.924e-03  Time cost: 2:53:34/36:21 [48:59:57/56:34:18]  Acc_iter 53400       Data time: 0.00(0.02)  Forward time: 4.47(3.24)  Batch time: 4.47(3.26)
2025-03-26 10:22:05,910   INFO  
2025-03-26 10:23:33,199   INFO  Save latest model to /OpenPCDet/output/nuscenes_models/cbgs_voxel01_res3d_centerpoint_uncertainty/shifted_bounded_uncertainty/ckpt/latest_model
2025-03-26 10:24:53,091   INFO  Train:   14/30 ( 47%) [3243/3862 ( 84%)]  Loss: -9.115 (-7.76)  LR: 2.923e-03  Time cost: 2:56:22/33:39 [49:02:46/56:33:18]  Acc_iter 53450       Data time: 0.00(0.02)  Forward time: 2.89(3.24)  Batch time: 2.89(3.26)
2025-03-26 10:27:37,458   INFO  Train:   14/30 ( 47%) [3293/3862 ( 85%)]  Loss: -8.535 (-7.78)  LR: 2.922e-03  Time cost: 2:59:07/30:56 [49:05:30/56:30:59]  Acc_iter 53500       Data time: 0.01(0.02)  Forward time: 3.59(3.24)  Batch time: 3.60(3.26)
2025-03-26 10:28:32,027   INFO  Save latest model to /OpenPCDet/output/nuscenes_models/cbgs_voxel01_res3d_centerpoint_uncertainty/shifted_bounded_uncertainty/ckpt/latest_model
2025-03-26 10:30:18,170   INFO  Train:   14/30 ( 47%) [3343/3862 ( 87%)]  Loss: -8.652 (-7.80)  LR: 2.921e-03  Time cost: 3:01:47/28:12 [49:08:11/56:27:31]  Acc_iter 53550       Data time: 0.00(0.02)  Forward time: 3.32(3.24)  Batch time: 3.32(3.26)
2025-03-26 10:30:19,237   INFO  
2025-03-26 10:33:06,025   INFO  Train:   14/30 ( 47%) [3393/3862 ( 88%)]  Loss: -9.212 (-7.81)  LR: 2.920e-03  Time cost: 3:04:35/25:30 [49:10:59/56:26:15]  Acc_iter 53600       Data time: 0.00(0.02)  Forward time: 2.78(3.24)  Batch time: 2.78(3.26)
2025-03-26 10:33:30,952   INFO  Save latest model to /OpenPCDet/output/nuscenes_models/cbgs_voxel01_res3d_centerpoint_uncertainty/shifted_bounded_uncertainty/ckpt/latest_model
2025-03-26 10:35:52,909   INFO  Train:   14/30 ( 47%) [3443/3862 ( 89%)]  Loss: -8.927 (-7.83)  LR: 2.919e-03  Time cost: 3:07:22/22:47 [49:13:46/56:24:39]  Acc_iter 53650       Data time: 0.01(0.02)  Forward time: 3.76(3.24)  Batch time: 3.77(3.26)
2025-03-26 10:38:31,641   INFO  Save latest model to /OpenPCDet/output/nuscenes_models/cbgs_voxel01_res3d_centerpoint_uncertainty/shifted_bounded_uncertainty/ckpt/latest_model
2025-03-26 10:38:38,230   INFO  Train:   14/30 ( 47%) [3493/3862 ( 90%)]  Loss: -8.701 (-7.85)  LR: 2.918e-03  Time cost: 3:10:07/20:04 [49:16:31/56:22:33]  Acc_iter 53700       Data time: 0.00(0.02)  Forward time: 3.25(3.24)  Batch time: 3.26(3.26)
2025-03-26 10:38:39,744   INFO  
2025-03-26 10:41:26,381   INFO  Train:   14/30 ( 47%) [3543/3862 ( 92%)]  Loss: -9.118 (-7.86)  LR: 2.917e-03  Time cost: 3:12:55/17:21 [49:19:19/56:21:16]  Acc_iter 53750       Data time: 0.00(0.02)  Forward time: 3.15(3.24)  Batch time: 3.15(3.27)
2025-03-26 10:43:32,562   INFO  Save latest model to /OpenPCDet/output/nuscenes_models/cbgs_voxel01_res3d_centerpoint_uncertainty/shifted_bounded_uncertainty/ckpt/latest_model
2025-03-26 10:44:16,639   INFO  Train:   14/30 ( 47%) [3593/3862 ( 93%)]  Loss: -8.354 (-7.88)  LR: 2.916e-03  Time cost: 3:15:46/14:39 [49:22:09/56:20:32]  Acc_iter 53800       Data time: 0.00(0.02)  Forward time: 2.50(3.25)  Batch time: 2.50(3.27)
2025-03-26 10:47:08,160   INFO  Train:   14/30 ( 47%) [3643/3862 ( 94%)]  Loss: -8.209 (-7.89)  LR: 2.915e-03  Time cost: 3:18:37/11:56 [49:25:01/56:20:07]  Acc_iter 53850       Data time: 0.01(0.02)  Forward time: 3.49(3.25)  Batch time: 3.49(3.27)
2025-03-26 10:47:09,332   INFO  
2025-03-26 10:48:32,633   INFO  Save latest model to /OpenPCDet/output/nuscenes_models/cbgs_voxel01_res3d_centerpoint_uncertainty/shifted_bounded_uncertainty/ckpt/latest_model
2025-03-26 10:49:57,958   INFO  Train:   14/30 ( 47%) [3693/3862 ( 96%)]  Loss: -8.048 (-7.90)  LR: 2.913e-03  Time cost: 3:21:27/09:13 [49:27:51/56:19:09]  Acc_iter 53900       Data time: 0.01(0.02)  Forward time: 3.40(3.25)  Batch time: 3.41(3.27)
2025-03-26 10:52:41,158   INFO  Train:   14/30 ( 47%) [3743/3862 ( 97%)]  Loss: -9.793 (-7.90)  LR: 2.912e-03  Time cost: 3:24:10/06:29 [49:30:34/56:16:18]  Acc_iter 53950       Data time: 0.00(0.02)  Forward time: 3.20(3.25)  Batch time: 3.20(3.27)
2025-03-26 10:53:33,043   INFO  Save latest model to /OpenPCDet/output/nuscenes_models/cbgs_voxel01_res3d_centerpoint_uncertainty/shifted_bounded_uncertainty/ckpt/latest_model
2025-03-26 10:55:28,107   INFO  Train:   14/30 ( 47%) [3793/3862 ( 98%)]  Loss: -8.093 (-7.91)  LR: 2.911e-03  Time cost: 3:26:57/03:45 [49:33:21/56:14:29]  Acc_iter 54000       Data time: 0.00(0.02)  Forward time: 3.88(3.25)  Batch time: 3.89(3.27)
2025-03-26 10:55:29,111   INFO  
2025-03-26 10:58:13,638   INFO  Train:   14/30 ( 47%) [3843/3862 (100%)]  Loss: -8.817 (-7.93)  LR: 2.910e-03  Time cost: 3:29:43/01:02 [49:36:06/56:12:16]  Acc_iter 54050       Data time: 0.00(0.02)  Forward time: 2.76(3.25)  Batch time: 2.76(3.27)
2025-03-26 10:58:32,483   INFO  Save latest model to /OpenPCDet/output/nuscenes_models/cbgs_voxel01_res3d_centerpoint_uncertainty/shifted_bounded_uncertainty/ckpt/latest_model
2025-03-26 10:59:08,025   INFO  Train:   14/30 ( 47%) [3861/3862 (100%)]  Loss: -9.290 (-7.93)  LR: 2.910e-03  Time cost: 3:30:37/00:03 [49:37:01/56:10:04]  Acc_iter 54068       Data time: 0.00(0.02)  Forward time: 2.17(3.25)  Batch time: 2.17(3.27)
2025-03-26 10:59:35,132   INFO  Train:   15/30 ( 50%) [   0/3862 (  0%)]  Loss: -9.256 (-9.26)  LR: 2.910e-03  Time cost: 00:24/25:49:29 [49:37:28/413:11:48]  Acc_iter 54069       Data time: 20.74(20.74)  Forward time: 3.33(3.33)  Batch time: 24.07(24.07)
2025-03-26 11:01:13,523   INFO  Train:   15/30 ( 50%) [  31/3862 (  1%)]  Loss: -8.129 (-8.97)  LR: 2.909e-03  Time cost: 02:02/4:04:21 [49:39:06/65:39:19]  Acc_iter 54100       Data time: 0.00(0.67)  Forward time: 2.93(3.16)  Batch time: 2.93(3.83)
2025-03-26 11:03:45,586   INFO  Train:   15/30 ( 50%) [  81/3862 (  2%)]  Loss: -9.705 (-8.89)  LR: 2.908e-03  Time cost: 04:34/3:30:58 [49:41:38/57:23:21]  Acc_iter 54150       Data time: 0.00(0.26)  Forward time: 2.71(3.09)  Batch time: 2.72(3.35)
2025-03-26 11:03:46,619   INFO  
2025-03-26 11:04:11,792   INFO  Save latest model to /OpenPCDet/output/nuscenes_models/cbgs_voxel01_res3d_centerpoint_uncertainty/shifted_bounded_uncertainty/ckpt/latest_model
2025-03-26 11:06:22,750   INFO  Train:   15/30 ( 50%) [ 131/3862 (  3%)]  Loss: -9.243 (-8.91)  LR: 2.906e-03  Time cost: 07:11/3:23:21 [49:44:15/56:00:55]  Acc_iter 54200       Data time: 0.00(0.18)  Forward time: 3.39(3.09)  Batch time: 3.40(3.27)
2025-03-26 11:09:09,394   INFO  Train:   15/30 ( 50%) [ 181/3862 (  5%)]  Loss: -9.336 (-8.93)  LR: 2.905e-03  Time cost: 09:58/3:21:41 [49:47:02/56:15:49]  Acc_iter 54250       Data time: 0.01(0.13)  Forward time: 3.38(3.16)  Batch time: 3.38(3.29)
2025-03-26 11:09:13,588   INFO  Save latest model to /OpenPCDet/output/nuscenes_models/cbgs_voxel01_res3d_centerpoint_uncertainty/shifted_bounded_uncertainty/ckpt/latest_model
2025-03-26 11:11:48,354   INFO  Train:   15/30 ( 50%) [ 231/3862 (  6%)]  Loss: -8.809 (-8.94)  LR: 2.904e-03  Time cost: 12:37/3:17:32 [49:49:41/55:49:07]  Acc_iter 54300       Data time: 0.00(0.10)  Forward time: 3.09(3.16)  Batch time: 3.09(3.26)
2025-03-26 11:11:49,342   INFO  
2025-03-26 11:14:13,204   INFO  Save latest model to /OpenPCDet/output/nuscenes_models/cbgs_voxel01_res3d_centerpoint_uncertainty/shifted_bounded_uncertainty/ckpt/latest_model
2025-03-26 11:14:34,064   INFO  Train:   15/30 ( 50%) [ 281/3862 (  7%)]  Loss: -8.515 (-8.94)  LR: 2.903e-03  Time cost: 15:23/3:15:20 [49:52:27/55:55:29]  Acc_iter 54350       Data time: 0.00(0.09)  Forward time: 3.18(3.18)  Batch time: 3.18(3.27)
2025-03-26 11:17:13,617   INFO  Train:   15/30 ( 50%) [ 331/3862 (  9%)]  Loss: -8.943 (-8.92)  LR: 2.902e-03  Time cost: 18:02/3:11:53 [49:55:06/55:40:06]  Acc_iter 54400       Data time: 0.00(0.08)  Forward time: 2.73(3.18)  Batch time: 2.73(3.26)
2025-03-26 11:19:14,452   INFO  Save latest model to /OpenPCDet/output/nuscenes_models/cbgs_voxel01_res3d_centerpoint_uncertainty/shifted_bounded_uncertainty/ckpt/latest_model
2025-03-26 11:20:02,179   INFO  Train:   15/30 ( 50%) [ 381/3862 ( 10%)]  Loss: -9.122 (-8.92)  LR: 2.900e-03  Time cost: 20:51/3:10:00 [49:57:55/55:52:12]  Acc_iter 54450       Data time: 0.01(0.07)  Forward time: 3.63(3.21)  Batch time: 3.64(3.28)
2025-03-26 11:20:03,358   INFO  
2025-03-26 11:22:51,571   INFO  Train:   15/30 ( 50%) [ 431/3862 ( 11%)]  Loss: -8.694 (-8.90)  LR: 2.899e-03  Time cost: 23:40/3:08:01 [50:00:44/56:02:48]  Acc_iter 54500       Data time: 0.01(0.07)  Forward time: 2.92(3.22)  Batch time: 2.93(3.29)
2025-03-26 11:24:14,386   INFO  Save latest model to /OpenPCDet/output/nuscenes_models/cbgs_voxel01_res3d_centerpoint_uncertainty/shifted_bounded_uncertainty/ckpt/latest_model
2025-03-26 11:25:33,194   INFO  Train:   15/30 ( 50%) [ 481/3862 ( 12%)]  Loss: -8.359 (-8.92)  LR: 2.898e-03  Time cost: 26:22/3:04:57 [50:03:26/55:54:09]  Acc_iter 54550       Data time: 0.00(0.06)  Forward time: 2.85(3.22)  Batch time: 2.85(3.28)
2025-03-26 11:28:03,955   INFO  Train:   15/30 ( 50%) [ 531/3862 ( 14%)]  Loss: -8.465 (-8.94)  LR: 2.897e-03  Time cost: 28:52/3:00:50 [50:05:57/55:25:46]  Acc_iter 54600       Data time: 0.01(0.06)  Forward time: 2.98(3.20)  Batch time: 2.99(3.26)
2025-03-26 11:28:04,958   INFO  
2025-03-26 11:29:13,622   INFO  Save latest model to /OpenPCDet/output/nuscenes_models/cbgs_voxel01_res3d_centerpoint_uncertainty/shifted_bounded_uncertainty/ckpt/latest_model
2025-03-26 11:30:44,889   INFO  Train:   15/30 ( 50%) [ 581/3862 ( 15%)]  Loss: -8.329 (-8.90)  LR: 2.896e-03  Time cost: 31:33/2:57:56 [50:08:38/55:19:40]  Acc_iter 54650       Data time: 0.00(0.05)  Forward time: 3.40(3.20)  Batch time: 3.40(3.25)
2025-03-26 11:33:16,562   INFO  Train:   15/30 ( 50%) [ 631/3862 ( 16%)]  Loss: -9.507 (-8.91)  LR: 2.894e-03  Time cost: 34:05/2:54:17 [50:11:09/54:59:11]  Acc_iter 54700       Data time: 0.00(0.05)  Forward time: 2.48(3.19)  Batch time: 2.48(3.24)
2025-03-26 11:34:13,044   INFO  Save latest model to /OpenPCDet/output/nuscenes_models/cbgs_voxel01_res3d_centerpoint_uncertainty/shifted_bounded_uncertainty/ckpt/latest_model
2025-03-26 11:35:54,906   INFO  Train:   15/30 ( 50%) [ 681/3862 ( 18%)]  Loss: -8.790 (-8.92)  LR: 2.893e-03  Time cost: 36:43/2:51:19 [50:13:48/54:51:16]  Acc_iter 54750       Data time: 0.00(0.05)  Forward time: 2.52(3.19)  Batch time: 2.52(3.23)
2025-03-26 11:35:55,868   INFO  
2025-03-26 11:38:32,148   INFO  Train:   15/30 ( 50%) [ 731/3862 ( 19%)]  Loss: -9.370 (-8.92)  LR: 2.892e-03  Time cost: 39:21/2:48:19 [50:16:25/54:42:34]  Acc_iter 54800       Data time: 0.00(0.04)  Forward time: 2.65(3.18)  Batch time: 2.65(3.23)
2025-03-26 11:39:11,432   INFO  Save latest model to /OpenPCDet/output/nuscenes_models/cbgs_voxel01_res3d_centerpoint_uncertainty/shifted_bounded_uncertainty/ckpt/latest_model
2025-03-26 11:41:07,926   INFO  Train:   15/30 ( 50%) [ 781/3862 ( 20%)]  Loss: -7.949 (-8.93)  LR: 2.891e-03  Time cost: 41:56/2:45:16 [50:19:01/54:32:43]  Acc_iter 54850       Data time: 0.00(0.04)  Forward time: 3.16(3.18)  Batch time: 3.16(3.22)
2025-03-26 11:43:43,614   INFO  Train:   15/30 ( 50%) [ 831/3862 ( 22%)]  Loss: -8.634 (-8.93)  LR: 2.889e-03  Time cost: 44:32/2:42:16 [50:21:36/54:23:39]  Acc_iter 54900       Data time: 0.00(0.04)  Forward time: 2.79(3.17)  Batch time: 2.79(3.21)
2025-03-26 11:43:44,728   INFO  
2025-03-26 11:44:13,525   INFO  Save latest model to /OpenPCDet/output/nuscenes_models/cbgs_voxel01_res3d_centerpoint_uncertainty/shifted_bounded_uncertainty/ckpt/latest_model
2025-03-26 11:46:23,038   INFO  Train:   15/30 ( 50%) [ 881/3862 ( 23%)]  Loss: -9.201 (-8.94)  LR: 2.888e-03  Time cost: 47:11/2:39:31 [50:24:16/54:19:36]  Acc_iter 54950       Data time: 0.00(0.04)  Forward time: 3.15(3.17)  Batch time: 3.16(3.21)
2025-03-26 11:49:00,738   INFO  Train:   15/30 ( 50%) [ 931/3862 ( 24%)]  Loss: -9.262 (-8.94)  LR: 2.887e-03  Time cost: 49:49/2:36:42 [50:26:53/54:13:50]  Acc_iter 55000       Data time: 0.00(0.04)  Forward time: 3.59(3.17)  Batch time: 3.59(3.21)
2025-03-26 11:49:11,850   INFO  Save latest model to /OpenPCDet/output/nuscenes_models/cbgs_voxel01_res3d_centerpoint_uncertainty/shifted_bounded_uncertainty/ckpt/latest_model
2025-03-26 11:51:44,419   INFO  Train:   15/30 ( 50%) [ 981/3862 ( 25%)]  Loss: -8.482 (-8.95)  LR: 2.885e-03  Time cost: 52:33/2:34:11 [50:29:37/54:14:33]  Acc_iter 55050       Data time: 0.00(0.04)  Forward time: 2.95(3.17)  Batch time: 2.95(3.21)
2025-03-26 11:51:45,490   INFO  
2025-03-26 11:54:14,700   INFO  Save latest model to /OpenPCDet/output/nuscenes_models/cbgs_voxel01_res3d_centerpoint_uncertainty/shifted_bounded_uncertainty/ckpt/latest_model
2025-03-26 11:54:24,383   INFO  Train:   15/30 ( 50%) [1031/3862 ( 27%)]  Loss: -9.437 (-8.95)  LR: 2.884e-03  Time cost: 55:13/2:31:29 [50:32:17/54:11:18]  Acc_iter 55100       Data time: 0.00(0.04)  Forward time: 3.50(3.17)  Batch time: 3.51(3.21)
2025-03-26 11:57:14,673   INFO  Train:   15/30 ( 50%) [1081/3862 ( 28%)]  Loss: -8.765 (-8.95)  LR: 2.883e-03  Time cost: 58:03/2:29:13 [50:35:07/54:17:45]  Acc_iter 55150       Data time: 0.01(0.04)  Forward time: 3.19(3.18)  Batch time: 3.20(3.22)
2025-03-26 11:59:14,814   INFO  Save latest model to /OpenPCDet/output/nuscenes_models/cbgs_voxel01_res3d_centerpoint_uncertainty/shifted_bounded_uncertainty/ckpt/latest_model
2025-03-26 12:00:04,515   INFO  Train:   15/30 ( 50%) [1131/3862 ( 29%)]  Loss: -9.188 (-8.95)  LR: 2.881e-03  Time cost: 1:00:53/2:26:54 [50:37:57/54:22:59]  Acc_iter 55200       Data time: 0.00(0.03)  Forward time: 3.31(3.19)  Batch time: 3.32(3.23)
2025-03-26 12:00:05,682   INFO  
2025-03-26 12:02:52,203   INFO  Train:   15/30 ( 50%) [1181/3862 ( 31%)]  Loss: -8.730 (-8.95)  LR: 2.880e-03  Time cost: 1:03:41/2:24:27 [50:40:45/54:25:41]  Acc_iter 55250       Data time: 0.01(0.03)  Forward time: 3.66(3.20)  Batch time: 3.67(3.23)
2025-03-26 12:04:12,975   INFO  Save latest model to /OpenPCDet/output/nuscenes_models/cbgs_voxel01_res3d_centerpoint_uncertainty/shifted_bounded_uncertainty/ckpt/latest_model
2025-03-26 12:05:42,814   INFO  Train:   15/30 ( 50%) [1231/3862 ( 32%)]  Loss: -8.931 (-8.96)  LR: 2.879e-03  Time cost: 1:06:31/2:22:04 [50:43:35/54:30:21]  Acc_iter 55300       Data time: 0.00(0.03)  Forward time: 4.12(3.21)  Batch time: 4.12(3.24)
2025-03-26 12:08:28,741   INFO  Train:   15/30 ( 50%) [1281/3862 ( 33%)]  Loss: -9.408 (-8.95)  LR: 2.877e-03  Time cost: 1:09:17/2:19:30 [50:46:21/54:30:44]  Acc_iter 55350       Data time: 0.00(0.03)  Forward time: 2.51(3.21)  Batch time: 2.51(3.24)
2025-03-26 12:08:29,597   INFO  
2025-03-26 12:09:13,865   INFO  Save latest model to /OpenPCDet/output/nuscenes_models/cbgs_voxel01_res3d_centerpoint_uncertainty/shifted_bounded_uncertainty/ckpt/latest_model
2025-03-26 12:11:15,855   INFO  Train:   15/30 ( 50%) [1331/3862 ( 34%)]  Loss: -9.205 (-8.96)  LR: 2.876e-03  Time cost: 1:12:04/2:16:57 [50:49:08/54:31:47]  Acc_iter 55400       Data time: 0.00(0.03)  Forward time: 2.38(3.21)  Batch time: 2.39(3.25)
2025-03-26 12:14:00,939   INFO  Train:   15/30 ( 50%) [1381/3862 ( 36%)]  Loss: -8.338 (-8.96)  LR: 2.875e-03  Time cost: 1:14:49/2:14:20 [50:51:54/54:31:04]  Acc_iter 55450       Data time: 0.00(0.03)  Forward time: 2.71(3.22)  Batch time: 2.71(3.25)
2025-03-26 12:14:14,808   INFO  Save latest model to /OpenPCDet/output/nuscenes_models/cbgs_voxel01_res3d_centerpoint_uncertainty/shifted_bounded_uncertainty/ckpt/latest_model
2025-03-26 12:16:45,553   INFO  Train:   15/30 ( 50%) [1431/3862 ( 37%)]  Loss: -9.286 (-8.96)  LR: 2.873e-03  Time cost: 1:17:34/2:11:41 [50:54:38/54:29:54]  Acc_iter 55500       Data time: 0.00(0.03)  Forward time: 3.12(3.22)  Batch time: 3.12(3.25)
2025-03-26 12:16:46,629   INFO  
2025-03-26 12:19:12,127   INFO  Save latest model to /OpenPCDet/output/nuscenes_models/cbgs_voxel01_res3d_centerpoint_uncertainty/shifted_bounded_uncertainty/ckpt/latest_model
2025-03-26 12:19:31,819   INFO  Train:   15/30 ( 50%) [1481/3862 ( 38%)]  Loss: -8.451 (-8.96)  LR: 2.872e-03  Time cost: 1:20:20/2:09:05 [50:57:24/54:29:44]  Acc_iter 55550       Data time: 0.00(0.03)  Forward time: 3.24(3.22)  Batch time: 3.24(3.25)
2025-03-26 12:22:20,642   INFO  Train:   15/30 ( 50%) [1531/3862 ( 40%)]  Loss: -9.142 (-8.96)  LR: 2.871e-03  Time cost: 1:23:09/2:06:31 [51:00:13/54:31:04]  Acc_iter 55600       Data time: 0.00(0.03)  Forward time: 3.43(3.23)  Batch time: 3.44(3.26)
2025-03-26 12:24:11,745   INFO  Save latest model to /OpenPCDet/output/nuscenes_models/cbgs_voxel01_res3d_centerpoint_uncertainty/shifted_bounded_uncertainty/ckpt/latest_model
2025-03-26 12:25:08,571   INFO  Train:   15/30 ( 50%) [1581/3862 ( 41%)]  Loss: -8.970 (-8.96)  LR: 2.869e-03  Time cost: 1:25:57/2:03:56 [51:03:01/54:31:35]  Acc_iter 55650       Data time: 0.01(0.03)  Forward time: 3.11(3.23)  Batch time: 3.11(3.26)
2025-03-26 12:25:09,799   INFO  
2025-03-26 12:27:52,242   INFO  Train:   15/30 ( 50%) [1631/3862 ( 42%)]  Loss: -9.101 (-8.97)  LR: 2.868e-03  Time cost: 1:28:41/2:01:14 [51:05:45/54:29:16]  Acc_iter 55700       Data time: 0.00(0.03)  Forward time: 3.70(3.23)  Batch time: 3.70(3.26)
2025-03-26 12:29:14,180   INFO  Save latest model to /OpenPCDet/output/nuscenes_models/cbgs_voxel01_res3d_centerpoint_uncertainty/shifted_bounded_uncertainty/ckpt/latest_model
2025-03-26 12:30:36,883   INFO  Train:   15/30 ( 50%) [1681/3862 ( 44%)]  Loss: -8.418 (-8.82)  LR: 2.867e-03  Time cost: 1:31:25/1:58:33 [51:08:30/54:27:31]  Acc_iter 55750       Data time: 0.00(0.03)  Forward time: 3.52(3.23)  Batch time: 3.52(3.26)
2025-03-26 12:33:18,328   INFO  Train:   15/30 ( 50%) [1731/3862 ( 45%)]  Loss: -8.968 (-8.83)  LR: 2.865e-03  Time cost: 1:34:07/1:55:48 [51:11:11/54:23:51]  Acc_iter 55800       Data time: 0.00(0.03)  Forward time: 2.95(3.23)  Batch time: 2.95(3.26)
2025-03-26 12:33:19,187   INFO  
2025-03-26 12:34:13,435   INFO  Save latest model to /OpenPCDet/output/nuscenes_models/cbgs_voxel01_res3d_centerpoint_uncertainty/shifted_bounded_uncertainty/ckpt/latest_model
2025-03-26 12:36:06,114   INFO  Train:   15/30 ( 50%) [1781/3862 ( 46%)]  Loss: -9.401 (-8.84)  LR: 2.864e-03  Time cost: 1:36:55/1:53:10 [51:13:59/54:23:48]  Acc_iter 55850       Data time: 0.00(0.03)  Forward time: 4.20(3.23)  Batch time: 4.20(3.26)
2025-03-26 12:38:47,608   INFO  Train:   15/30 ( 50%) [1831/3862 ( 47%)]  Loss: -9.275 (-8.75)  LR: 2.862e-03  Time cost: 1:39:36/1:50:25 [51:16:40/54:20:11]  Acc_iter 55900       Data time: 0.00(0.03)  Forward time: 3.26(3.23)  Batch time: 3.26(3.26)
2025-03-26 12:39:13,459   INFO  Save latest model to /OpenPCDet/output/nuscenes_models/cbgs_voxel01_res3d_centerpoint_uncertainty/shifted_bounded_uncertainty/ckpt/latest_model
2025-03-26 12:41:29,097   INFO  Train:   15/30 ( 50%) [1881/3862 ( 49%)]  Loss: -9.274 (-8.75)  LR: 2.861e-03  Time cost: 1:42:18/1:47:40 [51:19:22/54:16:36]  Acc_iter 55950       Data time: 0.00(0.03)  Forward time: 3.56(3.23)  Batch time: 3.56(3.26)
2025-03-26 12:41:30,226   INFO  
2025-03-26 12:44:06,439   INFO  Train:   15/30 ( 50%) [1931/3862 ( 50%)]  Loss: -8.952 (-8.76)  LR: 2.859e-03  Time cost: 1:44:55/1:44:52 [51:21:59/54:10:55]  Acc_iter 56000       Data time: 0.10(0.03)  Forward time: 2.68(3.23)  Batch time: 2.78(3.26)
2025-03-26 12:44:13,474   INFO  Save latest model to /OpenPCDet/output/nuscenes_models/cbgs_voxel01_res3d_centerpoint_uncertainty/shifted_bounded_uncertainty/ckpt/latest_model
2025-03-26 12:46:50,577   INFO  Train:   15/30 ( 50%) [1981/3862 ( 51%)]  Loss: -9.297 (-8.77)  LR: 2.858e-03  Time cost: 1:47:39/1:42:10 [51:24:43/54:08:49]  Acc_iter 56050       Data time: 0.00(0.03)  Forward time: 3.11(3.23)  Batch time: 3.11(3.26)
2025-03-26 12:49:13,904   INFO  Save latest model to /OpenPCDet/output/nuscenes_models/cbgs_voxel01_res3d_centerpoint_uncertainty/shifted_bounded_uncertainty/ckpt/latest_model
2025-03-26 12:49:28,215   INFO  Train:   15/30 ( 50%) [2031/3862 ( 53%)]  Loss: -9.011 (-8.78)  LR: 2.857e-03  Time cost: 1:50:17/1:39:22 [51:27:21/54:03:30]  Acc_iter 56100       Data time: 0.00(0.03)  Forward time: 3.48(3.23)  Batch time: 3.49(3.26)
2025-03-26 12:49:29,455   INFO  
2025-03-26 12:52:13,663   INFO  Train:   15/30 ( 50%) [2081/3862 ( 54%)]  Loss: -8.779 (-8.78)  LR: 2.855e-03  Time cost: 1:53:02/1:36:42 [51:30:06/54:02:02]  Acc_iter 56150       Data time: 0.00(0.03)  Forward time: 2.92(3.23)  Batch time: 2.93(3.26)
2025-03-26 12:54:11,888   INFO  Save latest model to /OpenPCDet/output/nuscenes_models/cbgs_voxel01_res3d_centerpoint_uncertainty/shifted_bounded_uncertainty/ckpt/latest_model
2025-03-26 12:54:50,620   INFO  Train:   15/30 ( 50%) [2131/3862 ( 55%)]  Loss: -8.100 (-8.79)  LR: 2.854e-03  Time cost: 1:55:39/1:33:54 [51:32:43/53:56:33]  Acc_iter 56200       Data time: 0.01(0.03)  Forward time: 2.71(3.23)  Batch time: 2.72(3.25)
2025-03-26 12:57:27,865   INFO  Train:   15/30 ( 50%) [2181/3862 ( 56%)]  Loss: -9.232 (-8.79)  LR: 2.852e-03  Time cost: 1:58:16/1:31:07 [51:35:20/53:51:20]  Acc_iter 56250       Data time: 0.01(0.03)  Forward time: 3.66(3.23)  Batch time: 3.66(3.25)
2025-03-26 12:57:28,925   INFO  
2025-03-26 12:59:11,739   INFO  Save latest model to /OpenPCDet/output/nuscenes_models/cbgs_voxel01_res3d_centerpoint_uncertainty/shifted_bounded_uncertainty/ckpt/latest_model
2025-03-26 13:00:08,194   INFO  Train:   15/30 ( 50%) [2231/3862 ( 58%)]  Loss: -9.128 (-8.80)  LR: 2.851e-03  Time cost: 2:00:57/1:28:23 [51:38:01/53:47:36]  Acc_iter 56300       Data time: 0.00(0.03)  Forward time: 2.45(3.22)  Batch time: 2.45(3.25)
2025-03-26 13:02:49,573   INFO  Train:   15/30 ( 50%) [2281/3862 ( 59%)]  Loss: -9.223 (-8.80)  LR: 2.849e-03  Time cost: 2:03:38/1:25:39 [51:40:42/53:44:23]  Acc_iter 56350       Data time: 0.00(0.03)  Forward time: 3.23(3.22)  Batch time: 3.24(3.25)
2025-03-26 13:04:14,739   INFO  Save latest model to /OpenPCDet/output/nuscenes_models/cbgs_voxel01_res3d_centerpoint_uncertainty/shifted_bounded_uncertainty/ckpt/latest_model
2025-03-26 13:05:27,537   INFO  Train:   15/30 ( 50%) [2331/3862 ( 60%)]  Loss: -8.548 (-8.81)  LR: 2.848e-03  Time cost: 2:06:16/1:22:54 [51:43:20/53:39:43]  Acc_iter 56400       Data time: 0.00(0.03)  Forward time: 2.76(3.22)  Batch time: 2.77(3.25)
2025-03-26 13:05:28,542   INFO  
2025-03-26 13:08:02,551   INFO  Train:   15/30 ( 50%) [2381/3862 ( 62%)]  Loss: -8.732 (-8.81)  LR: 2.846e-03  Time cost: 2:08:51/1:20:07 [51:45:55/53:33:56]  Acc_iter 56450       Data time: 0.00(0.03)  Forward time: 3.04(3.22)  Batch time: 3.04(3.25)
2025-03-26 13:09:12,005   INFO  Save latest model to /OpenPCDet/output/nuscenes_models/cbgs_voxel01_res3d_centerpoint_uncertainty/shifted_bounded_uncertainty/ckpt/latest_model
2025-03-26 13:10:40,650   INFO  Train:   15/30 ( 50%) [2431/3862 ( 63%)]  Loss: -9.529 (-8.82)  LR: 2.845e-03  Time cost: 2:11:29/1:17:22 [51:48:33/53:29:31]  Acc_iter 56500       Data time: 0.00(0.03)  Forward time: 3.21(3.22)  Batch time: 3.21(3.24)
2025-03-26 13:13:25,929   INFO  Train:   15/30 ( 50%) [2481/3862 ( 64%)]  Loss: -9.365 (-8.82)  LR: 2.843e-03  Time cost: 2:14:14/1:14:41 [51:51:19/53:28:02]  Acc_iter 56550       Data time: 0.00(0.02)  Forward time: 3.33(3.22)  Batch time: 3.34(3.25)
2025-03-26 13:13:27,129   INFO  
2025-03-26 13:14:12,255   INFO  Save latest model to /OpenPCDet/output/nuscenes_models/cbgs_voxel01_res3d_centerpoint_uncertainty/shifted_bounded_uncertainty/ckpt/latest_model
2025-03-26 13:16:04,683   INFO  Train:   15/30 ( 50%) [2531/3862 ( 66%)]  Loss: -9.517 (-8.83)  LR: 2.842e-03  Time cost: 2:16:53/1:11:57 [51:53:57/53:23:58]  Acc_iter 56600       Data time: 0.00(0.03)  Forward time: 2.43(3.22)  Batch time: 2.43(3.24)
2025-03-26 13:18:37,032   INFO  Train:   15/30 ( 50%) [2581/3862 ( 67%)]  Loss: -9.557 (-8.83)  LR: 2.840e-03  Time cost: 2:19:25/1:09:10 [51:56:30/53:17:30]  Acc_iter 56650       Data time: 0.00(0.02)  Forward time: 2.96(3.22)  Batch time: 2.96(3.24)
2025-03-26 13:19:13,549   INFO  Save latest model to /OpenPCDet/output/nuscenes_models/cbgs_voxel01_res3d_centerpoint_uncertainty/shifted_bounded_uncertainty/ckpt/latest_model
2025-03-26 13:21:16,818   INFO  Train:   15/30 ( 50%) [2631/3862 ( 68%)]  Loss: -8.688 (-8.84)  LR: 2.839e-03  Time cost: 2:22:05/1:06:27 [51:59:09/53:13:58]  Acc_iter 56700       Data time: 0.00(0.02)  Forward time: 3.18(3.21)  Batch time: 3.18(3.24)
2025-03-26 13:21:18,354   INFO  
2025-03-26 13:24:01,787   INFO  Train:   15/30 ( 50%) [2681/3862 ( 69%)]  Loss: -9.131 (-8.84)  LR: 2.837e-03  Time cost: 2:24:50/1:03:46 [52:01:54/53:12:22]  Acc_iter 56750       Data time: 0.00(0.02)  Forward time: 2.66(3.22)  Batch time: 2.66(3.24)
2025-03-26 13:24:12,229   INFO  Save latest model to /OpenPCDet/output/nuscenes_models/cbgs_voxel01_res3d_centerpoint_uncertainty/shifted_bounded_uncertainty/ckpt/latest_model
2025-03-26 13:26:45,448   INFO  Train:   15/30 ( 50%) [2731/3862 ( 71%)]  Loss: -9.218 (-8.85)  LR: 2.836e-03  Time cost: 2:27:34/1:01:05 [52:04:38/53:10:16]  Acc_iter 56800       Data time: 0.00(0.02)  Forward time: 3.11(3.22)  Batch time: 3.11(3.24)
2025-03-26 13:29:13,262   INFO  Save latest model to /OpenPCDet/output/nuscenes_models/cbgs_voxel01_res3d_centerpoint_uncertainty/shifted_bounded_uncertainty/ckpt/latest_model
2025-03-26 13:29:32,987   INFO  Train:   15/30 ( 50%) [2781/3862 ( 72%)]  Loss: -9.266 (-8.85)  LR: 2.834e-03  Time cost: 2:30:21/58:25 [52:07:26/53:09:30]  Acc_iter 56850       Data time: 0.00(0.02)  Forward time: 2.86(3.22)  Batch time: 2.86(3.24)
2025-03-26 13:29:34,031   INFO  
2025-03-26 13:32:15,242   INFO  Train:   15/30 ( 50%) [2831/3862 ( 73%)]  Loss: -9.318 (-8.85)  LR: 2.833e-03  Time cost: 2:33:04/55:43 [52:10:08/53:06:50]  Acc_iter 56900       Data time: 0.00(0.02)  Forward time: 3.04(3.22)  Batch time: 3.04(3.24)
2025-03-26 13:34:13,747   INFO  Save latest model to /OpenPCDet/output/nuscenes_models/cbgs_voxel01_res3d_centerpoint_uncertainty/shifted_bounded_uncertainty/ckpt/latest_model
2025-03-26 13:34:49,044   INFO  Train:   15/30 ( 50%) [2881/3862 ( 75%)]  Loss: -8.354 (-8.86)  LR: 2.831e-03  Time cost: 2:35:37/52:58 [52:12:42/53:01:17]  Acc_iter 56950       Data time: 0.03(0.02)  Forward time: 3.39(3.22)  Batch time: 3.42(3.24)
2025-03-26 13:37:29,836   INFO  Train:   15/30 ( 50%) [2931/3862 ( 76%)]  Loss: -9.357 (-8.86)  LR: 2.829e-03  Time cost: 2:38:18/50:16 [52:15:22/52:58:11]  Acc_iter 57000       Data time: 0.00(0.02)  Forward time: 2.98(3.22)  Batch time: 2.98(3.24)
2025-03-26 13:37:30,904   INFO  
2025-03-26 13:39:13,103   INFO  Save latest model to /OpenPCDet/output/nuscenes_models/cbgs_voxel01_res3d_centerpoint_uncertainty/shifted_bounded_uncertainty/ckpt/latest_model
2025-03-26 13:40:13,068   INFO  Train:   15/30 ( 50%) [2981/3862 ( 77%)]  Loss: -8.536 (-8.87)  LR: 2.828e-03  Time cost: 2:41:02/47:34 [52:18:06/52:55:54]  Acc_iter 57050       Data time: 0.00(0.02)  Forward time: 3.91(3.22)  Batch time: 3.92(3.24)
2025-03-26 13:43:01,404   INFO  Train:   15/30 ( 50%) [3031/3862 ( 78%)]  Loss: -8.883 (-8.87)  LR: 2.826e-03  Time cost: 2:43:50/44:54 [52:20:54/52:55:14]  Acc_iter 57100       Data time: 0.00(0.02)  Forward time: 2.98(3.22)  Batch time: 2.98(3.24)
2025-03-26 13:44:13,935   INFO  Save latest model to /OpenPCDet/output/nuscenes_models/cbgs_voxel01_res3d_centerpoint_uncertainty/shifted_bounded_uncertainty/ckpt/latest_model
2025-03-26 13:45:46,619   INFO  Train:   15/30 ( 50%) [3081/3862 ( 80%)]  Loss: -9.193 (-8.87)  LR: 2.825e-03  Time cost: 2:46:35/42:12 [52:23:39/52:53:31]  Acc_iter 57150       Data time: 0.00(0.02)  Forward time: 2.98(3.22)  Batch time: 2.98(3.24)
2025-03-26 13:45:47,632   INFO  
2025-03-26 13:48:37,207   INFO  Train:   15/30 ( 50%) [3131/3862 ( 81%)]  Loss: -8.989 (-8.88)  LR: 2.823e-03  Time cost: 2:49:26/39:32 [52:26:30/52:53:27]  Acc_iter 57200       Data time: 0.00(0.02)  Forward time: 3.03(3.22)  Batch time: 3.04(3.25)
2025-03-26 13:49:11,568   INFO  Save latest model to /OpenPCDet/output/nuscenes_models/cbgs_voxel01_res3d_centerpoint_uncertainty/shifted_bounded_uncertainty/ckpt/latest_model
2025-03-26 13:51:20,017   INFO  Train:   15/30 ( 50%) [3181/3862 ( 82%)]  Loss: -8.766 (-8.88)  LR: 2.822e-03  Time cost: 2:52:08/36:50 [52:29:13/52:50:54]  Acc_iter 57250       Data time: 0.00(0.02)  Forward time: 4.37(3.22)  Batch time: 4.37(3.25)
2025-03-26 13:54:01,224   INFO  Train:   15/30 ( 50%) [3231/3862 ( 84%)]  Loss: -9.151 (-8.89)  LR: 2.820e-03  Time cost: 2:54:50/34:08 [52:31:54/52:47:52]  Acc_iter 57300       Data time: 0.00(0.02)  Forward time: 3.00(3.22)  Batch time: 3.01(3.25)
2025-03-26 13:54:02,302   INFO  
2025-03-26 13:54:11,792   INFO  Save latest model to /OpenPCDet/output/nuscenes_models/cbgs_voxel01_res3d_centerpoint_uncertainty/shifted_bounded_uncertainty/ckpt/latest_model
2025-03-26 13:56:42,379   INFO  Train:   15/30 ( 50%) [3281/3862 ( 85%)]  Loss: -8.648 (-8.89)  LR: 2.818e-03  Time cost: 2:57:31/31:25 [52:34:35/52:44:50]  Acc_iter 57350       Data time: 0.00(0.02)  Forward time: 2.92(3.22)  Batch time: 2.92(3.25)
2025-03-26 13:59:12,794   INFO  Save latest model to /OpenPCDet/output/nuscenes_models/cbgs_voxel01_res3d_centerpoint_uncertainty/shifted_bounded_uncertainty/ckpt/latest_model
2025-03-26 13:59:23,452   INFO  Train:   15/30 ( 50%) [3331/3862 ( 86%)]  Loss: -9.257 (-8.89)  LR: 2.817e-03  Time cost: 3:00:12/28:43 [52:37:16/52:41:46]  Acc_iter 57400       Data time: 0.00(0.02)  Forward time: 4.02(3.22)  Batch time: 4.02(3.25)
2025-03-26 14:02:04,621   INFO  Train:   15/30 ( 50%) [3381/3862 ( 88%)]  Loss: -9.162 (-8.89)  LR: 2.815e-03  Time cost: 3:02:53/26:00 [52:39:57/52:38:45]  Acc_iter 57450       Data time: 0.00(0.02)  Forward time: 3.28(3.22)  Batch time: 3.28(3.24)
2025-03-26 14:02:05,949   INFO  
2025-03-26 14:04:13,284   INFO  Save latest model to /OpenPCDet/output/nuscenes_models/cbgs_voxel01_res3d_centerpoint_uncertainty/shifted_bounded_uncertainty/ckpt/latest_model
2025-03-26 14:04:52,486   INFO  Train:   15/30 ( 50%) [3431/3862 ( 89%)]  Loss: -9.221 (-8.90)  LR: 2.813e-03  Time cost: 3:05:41/23:19 [52:42:45/52:37:39]  Acc_iter 57500       Data time: 0.01(0.02)  Forward time: 2.91(3.22)  Batch time: 2.92(3.25)
2025-03-26 14:07:42,460   INFO  Train:   15/30 ( 50%) [3481/3862 ( 90%)]  Loss: -9.563 (-8.90)  LR: 2.812e-03  Time cost: 3:08:31/20:37 [52:45:35/52:37:05]  Acc_iter 57550       Data time: 0.03(0.02)  Forward time: 2.59(3.23)  Batch time: 2.62(3.25)
2025-03-26 14:09:14,734   INFO  Save latest model to /OpenPCDet/output/nuscenes_models/cbgs_voxel01_res3d_centerpoint_uncertainty/shifted_bounded_uncertainty/ckpt/latest_model
2025-03-26 14:10:30,218   INFO  Train:   15/30 ( 50%) [3531/3862 ( 91%)]  Loss: -8.810 (-8.91)  LR: 2.810e-03  Time cost: 3:11:19/17:55 [52:48:23/52:35:50]  Acc_iter 57600       Data time: 0.00(0.02)  Forward time: 3.10(3.23)  Batch time: 3.10(3.25)
2025-03-26 14:10:31,075   INFO  
2025-03-26 14:13:15,930   INFO  Train:   15/30 ( 50%) [3581/3862 ( 93%)]  Loss: -9.793 (-8.91)  LR: 2.808e-03  Time cost: 3:14:04/15:13 [52:51:09/52:34:00]  Acc_iter 57650       Data time: 0.00(0.02)  Forward time: 3.07(3.23)  Batch time: 3.07(3.25)
2025-03-26 14:14:11,506   INFO  Save latest model to /OpenPCDet/output/nuscenes_models/cbgs_voxel01_res3d_centerpoint_uncertainty/shifted_bounded_uncertainty/ckpt/latest_model
2025-03-26 14:15:59,790   INFO  Train:   15/30 ( 50%) [3631/3862 ( 94%)]  Loss: -9.399 (-8.91)  LR: 2.807e-03  Time cost: 3:16:48/12:31 [52:53:52/52:31:39]  Acc_iter 57700       Data time: 0.00(0.02)  Forward time: 3.44(3.23)  Batch time: 3.45(3.25)
2025-03-26 14:18:40,420   INFO  Train:   15/30 ( 50%) [3681/3862 ( 95%)]  Loss: -9.444 (-8.92)  LR: 2.805e-03  Time cost: 3:19:29/09:48 [52:56:33/52:28:25]  Acc_iter 57750       Data time: 0.00(0.02)  Forward time: 3.29(3.23)  Batch time: 3.30(3.25)
2025-03-26 14:18:41,449   INFO  
2025-03-26 14:19:14,259   INFO  Save latest model to /OpenPCDet/output/nuscenes_models/cbgs_voxel01_res3d_centerpoint_uncertainty/shifted_bounded_uncertainty/ckpt/latest_model
2025-03-26 14:21:26,291   INFO  Train:   15/30 ( 50%) [3731/3862 ( 97%)]  Loss: -8.315 (-8.92)  LR: 2.803e-03  Time cost: 3:22:15/07:05 [52:59:19/52:26:35]  Acc_iter 57800       Data time: 0.00(0.02)  Forward time: 3.06(3.23)  Batch time: 3.07(3.25)
2025-03-26 14:24:11,814   INFO  Train:   15/30 ( 50%) [3781/3862 ( 98%)]  Loss: -9.634 (-8.92)  LR: 2.802e-03  Time cost: 3:25:00/04:23 [53:02:04/52:24:37]  Acc_iter 57850       Data time: 0.00(0.02)  Forward time: 3.13(3.23)  Batch time: 3.14(3.25)
2025-03-26 14:24:12,338   INFO  Save latest model to /OpenPCDet/output/nuscenes_models/cbgs_voxel01_res3d_centerpoint_uncertainty/shifted_bounded_uncertainty/ckpt/latest_model
2025-03-26 14:26:52,964   INFO  Train:   15/30 ( 50%) [3831/3862 ( 99%)]  Loss: -10.05 (-8.93)  LR: 2.800e-03  Time cost: 3:27:41/01:40 [53:04:46/52:21:32]  Acc_iter 57900       Data time: 0.00(0.02)  Forward time: 2.73(3.23)  Batch time: 2.73(3.25)
2025-03-26 14:26:53,921   INFO  
2025-03-26 14:28:26,248   INFO  Train:   15/30 ( 50%) [3861/3862 (100%)]  Loss: -9.770 (-8.93)  LR: 2.799e-03  Time cost: 3:29:15/00:03 [53:06:19/52:18:51]  Acc_iter 57930       Data time: 0.00(0.02)  Forward time: 2.34(3.23)  Batch time: 2.35(3.25)
2025-03-26 14:28:54,308   INFO  Train:   16/30 ( 53%) [   0/3862 (  0%)]  Loss: -9.273 (-9.27)  LR: 2.799e-03  Time cost: 00:24/26:44:11 [53:06:47/401:02:45]  Acc_iter 57931       Data time: 21.32(21.32)  Forward time: 3.60(3.60)  Batch time: 24.92(24.92)
2025-03-26 14:30:00,257   INFO  Train:   16/30 ( 53%) [  19/3862 (  0%)]  Loss: -10.12 (-9.36)  LR: 2.798e-03  Time cost: 01:30/4:51:00 [53:07:53/73:05:22]  Acc_iter 57950       Data time: 0.02(1.08)  Forward time: 3.19(3.47)  Batch time: 3.21(4.54)
2025-03-26 14:32:40,859   INFO  Train:   16/30 ( 53%) [  69/3862 (  2%)]  Loss: -9.492 (-8.89)  LR: 2.797e-03  Time cost: 04:11/3:47:06 [53:10:33/57:44:24]  Acc_iter 58000       Data time: 0.00(0.31)  Forward time: 3.33(3.28)  Batch time: 3.33(3.59)
2025-03-26 14:33:30,184   INFO  Save latest model to /OpenPCDet/output/nuscenes_models/cbgs_voxel01_res3d_centerpoint_uncertainty/shifted_bounded_uncertainty/ckpt/latest_model
2025-03-26 14:35:20,831   INFO  Train:   16/30 ( 53%) [ 119/3862 (  3%)]  Loss: -9.359 (-8.92)  LR: 2.795e-03  Time cost: 06:51/3:33:53 [53:13:13/55:03:37]  Acc_iter 58050       Data time: 0.00(0.19)  Forward time: 2.37(3.24)  Batch time: 2.38(3.43)
2025-03-26 14:35:22,274   INFO  
2025-03-26 14:37:58,077   INFO  Train:   16/30 ( 53%) [ 169/3862 (  4%)]  Loss: -9.192 (-8.98)  LR: 2.793e-03  Time cost: 09:28/3:25:53 [53:15:51/53:40:24]  Acc_iter 58100       Data time: 0.00(0.14)  Forward time: 2.99(3.20)  Batch time: 3.00(3.35)
2025-03-26 14:38:32,282   INFO  Save latest model to /OpenPCDet/output/nuscenes_models/cbgs_voxel01_res3d_centerpoint_uncertainty/shifted_bounded_uncertainty/ckpt/latest_model
2025-03-26 14:40:35,184   INFO  Train:   16/30 ( 53%) [ 219/3862 (  6%)]  Loss: -9.266 (-8.90)  LR: 2.792e-03  Time cost: 12:05/3:20:18 [53:18:28/52:53:13]  Acc_iter 58150       Data time: 0.00(0.11)  Forward time: 2.42(3.19)  Batch time: 2.42(3.30)
2025-03-26 14:43:07,531   INFO  Train:   16/30 ( 53%) [ 269/3862 (  7%)]  Loss: -8.973 (-8.94)  LR: 2.790e-03  Time cost: 14:38/3:14:45 [53:21:00/52:05:36]  Acc_iter 58200       Data time: 0.00(0.09)  Forward time: 3.13(3.16)  Batch time: 3.13(3.25)
2025-03-26 14:43:08,611   INFO  
2025-03-26 14:43:29,726   INFO  Save latest model to /OpenPCDet/output/nuscenes_models/cbgs_voxel01_res3d_centerpoint_uncertainty/shifted_bounded_uncertainty/ckpt/latest_model
2025-03-26 14:45:51,125   INFO  Train:   16/30 ( 53%) [ 319/3862 (  8%)]  Loss: -9.153 (-8.99)  LR: 2.788e-03  Time cost: 17:21/3:12:14 [53:23:44/52:05:49]  Acc_iter 58250       Data time: 0.01(0.08)  Forward time: 3.36(3.17)  Batch time: 3.37(3.26)
2025-03-26 14:48:28,462   INFO  Train:   16/30 ( 53%) [ 369/3862 ( 10%)]  Loss: -9.627 (-9.01)  LR: 2.786e-03  Time cost: 19:59/3:08:39 [53:26:21/51:49:00]  Acc_iter 58300       Data time: 0.00(0.07)  Forward time: 2.72(3.17)  Batch time: 2.73(3.24)
2025-03-26 14:48:32,308   INFO  Save latest model to /OpenPCDet/output/nuscenes_models/cbgs_voxel01_res3d_centerpoint_uncertainty/shifted_bounded_uncertainty/ckpt/latest_model
2025-03-26 14:51:15,223   INFO  Train:   16/30 ( 53%) [ 419/3862 ( 11%)]  Loss: -8.589 (-9.04)  LR: 2.785e-03  Time cost: 22:45/3:06:36 [53:29:08/51:57:05]  Acc_iter 58350       Data time: 0.00(0.07)  Forward time: 2.50(3.18)  Batch time: 2.50(3.25)
2025-03-26 14:51:16,308   INFO  
2025-03-26 14:53:31,846   INFO  Save latest model to /OpenPCDet/output/nuscenes_models/cbgs_voxel01_res3d_centerpoint_uncertainty/shifted_bounded_uncertainty/ckpt/latest_model
2025-03-26 14:53:57,750   INFO  Train:   16/30 ( 53%) [ 469/3862 ( 12%)]  Loss: -9.615 (-8.98)  LR: 2.783e-03  Time cost: 25:28/3:03:53 [53:31:50/51:54:13]  Acc_iter 58400       Data time: 0.00(0.07)  Forward time: 3.10(3.19)  Batch time: 3.10(3.25)
2025-03-26 14:56:40,441   INFO  Train:   16/30 ( 53%) [ 519/3862 ( 13%)]  Loss: -9.029 (-9.00)  LR: 2.781e-03  Time cost: 28:11/3:01:11 [53:34:33/51:51:42]  Acc_iter 58450       Data time: 0.01(0.06)  Forward time: 3.16(3.19)  Batch time: 3.16(3.25)
2025-03-26 14:58:32,993   INFO  Save latest model to /OpenPCDet/output/nuscenes_models/cbgs_voxel01_res3d_centerpoint_uncertainty/shifted_bounded_uncertainty/ckpt/latest_model
2025-03-26 14:59:25,160   INFO  Train:   16/30 ( 53%) [ 569/3862 ( 15%)]  Loss: -7.990 (-8.75)  LR: 2.779e-03  Time cost: 30:55/2:58:41 [53:37:18/51:52:32]  Acc_iter 58500       Data time: 0.01(0.06)  Forward time: 3.19(3.20)  Batch time: 3.20(3.26)
2025-03-26 14:59:26,389   INFO  
2025-03-26 15:02:11,288   INFO  Train:   16/30 ( 53%) [ 619/3862 ( 16%)]  Loss: -8.928 (-8.75)  LR: 2.778e-03  Time cost: 33:41/2:56:15 [53:40:04/51:54:58]  Acc_iter 58550       Data time: 0.00(0.05)  Forward time: 3.93(3.21)  Batch time: 3.93(3.26)
2025-03-26 15:03:31,608   INFO  Save latest model to /OpenPCDet/output/nuscenes_models/cbgs_voxel01_res3d_centerpoint_uncertainty/shifted_bounded_uncertainty/ckpt/latest_model
2025-03-26 15:04:55,725   INFO  Train:   16/30 ( 53%) [ 669/3862 ( 17%)]  Loss: -9.004 (-8.78)  LR: 2.776e-03  Time cost: 36:26/2:53:39 [53:42:48/51:54:13]  Acc_iter 58600       Data time: 0.00(0.05)  Forward time: 2.51(3.21)  Batch time: 2.52(3.26)
2025-03-26 15:07:34,435   INFO  Train:   16/30 ( 53%) [ 719/3862 ( 19%)]  Loss: -9.467 (-8.81)  LR: 2.774e-03  Time cost: 39:05/2:50:36 [53:45:27/51:45:37]  Acc_iter 58650       Data time: 0.00(0.05)  Forward time: 3.71(3.21)  Batch time: 3.72(3.26)
2025-03-26 15:07:35,691   INFO  
2025-03-26 15:08:29,913   INFO  Save latest model to /OpenPCDet/output/nuscenes_models/cbgs_voxel01_res3d_centerpoint_uncertainty/shifted_bounded_uncertainty/ckpt/latest_model
2025-03-26 15:10:23,189   INFO  Train:   16/30 ( 53%) [ 769/3862 ( 20%)]  Loss: -8.814 (-8.73)  LR: 2.772e-03  Time cost: 41:53/2:48:17 [53:48:16/51:50:12]  Acc_iter 58700       Data time: 0.00(0.05)  Forward time: 3.57(3.22)  Batch time: 3.57(3.26)
2025-03-26 15:13:12,576   INFO  Train:   16/30 ( 53%) [ 819/3862 ( 21%)]  Loss: -9.691 (-8.74)  LR: 2.770e-03  Time cost: 44:43/2:45:57 [53:51:05/51:54:37]  Acc_iter 58750       Data time: 0.01(0.05)  Forward time: 4.17(3.23)  Batch time: 4.17(3.27)
2025-03-26 15:13:33,673   INFO  Save latest model to /OpenPCDet/output/nuscenes_models/cbgs_voxel01_res3d_centerpoint_uncertainty/shifted_bounded_uncertainty/ckpt/latest_model
2025-03-26 15:15:55,832   INFO  Train:   16/30 ( 53%) [ 869/3862 ( 23%)]  Loss: -8.936 (-8.76)  LR: 2.769e-03  Time cost: 47:26/2:43:12 [53:53:48/51:51:30]  Acc_iter 58800       Data time: 0.00(0.04)  Forward time: 2.74(3.23)  Batch time: 2.74(3.27)
2025-03-26 15:15:56,942   INFO  
2025-03-26 15:18:32,511   INFO  Train:   16/30 ( 53%) [ 919/3862 ( 24%)]  Loss: -9.021 (-8.79)  LR: 2.767e-03  Time cost: 50:03/2:40:06 [53:56:25/51:41:39]  Acc_iter 58850       Data time: 0.00(0.04)  Forward time: 3.84(3.22)  Batch time: 3.85(3.26)
2025-03-26 15:18:32,881   INFO  Save latest model to /OpenPCDet/output/nuscenes_models/cbgs_voxel01_res3d_centerpoint_uncertainty/shifted_bounded_uncertainty/ckpt/latest_model
2025-03-26 15:21:13,498   INFO  Train:   16/30 ( 53%) [ 969/3862 ( 25%)]  Loss: -8.747 (-8.79)  LR: 2.765e-03  Time cost: 52:44/2:37:16 [53:59:06/51:36:45]  Acc_iter 58900       Data time: 0.00(0.04)  Forward time: 3.35(3.22)  Batch time: 3.36(3.26)
2025-03-26 15:23:31,786   INFO  Save latest model to /OpenPCDet/output/nuscenes_models/cbgs_voxel01_res3d_centerpoint_uncertainty/shifted_bounded_uncertainty/ckpt/latest_model
2025-03-26 15:24:02,986   INFO  Train:   16/30 ( 53%) [1019/3862 ( 26%)]  Loss: -9.682 (-8.81)  LR: 2.763e-03  Time cost: 55:33/2:34:51 [54:01:56/51:39:58]  Acc_iter 58950       Data time: 0.00(0.04)  Forward time: 2.55(3.23)  Batch time: 2.55(3.27)
2025-03-26 15:24:04,194   INFO  
2025-03-26 15:26:51,062   INFO  Train:   16/30 ( 53%) [1069/3862 ( 28%)]  Loss: -9.854 (-8.83)  LR: 2.761e-03  Time cost: 58:21/2:32:20 [54:04:44/51:41:22]  Acc_iter 59000       Data time: 0.00(0.04)  Forward time: 2.76(3.23)  Batch time: 2.77(3.27)
2025-03-26 15:28:32,230   INFO  Save latest model to /OpenPCDet/output/nuscenes_models/cbgs_voxel01_res3d_centerpoint_uncertainty/shifted_bounded_uncertainty/ckpt/latest_model
2025-03-26 15:29:39,617   INFO  Train:   16/30 ( 53%) [1119/3862 ( 29%)]  Loss: -9.030 (-8.84)  LR: 2.759e-03  Time cost: 1:01:10/2:29:48 [54:07:32/51:42:49]  Acc_iter 59050       Data time: 0.00(0.04)  Forward time: 3.13(3.24)  Batch time: 3.13(3.28)
2025-03-26 15:32:25,122   INFO  Train:   16/30 ( 53%) [1169/3862 ( 30%)]  Loss: -8.257 (-8.86)  LR: 2.758e-03  Time cost: 1:03:55/2:27:08 [54:10:18/51:41:25]  Acc_iter 59100       Data time: 0.00(0.04)  Forward time: 3.40(3.24)  Batch time: 3.40(3.28)
2025-03-26 15:32:26,255   INFO  
2025-03-26 15:33:30,869   INFO  Save latest model to /OpenPCDet/output/nuscenes_models/cbgs_voxel01_res3d_centerpoint_uncertainty/shifted_bounded_uncertainty/ckpt/latest_model
2025-03-26 15:35:12,733   INFO  Train:   16/30 ( 53%) [1219/3862 ( 32%)]  Loss: -9.872 (-8.87)  LR: 2.756e-03  Time cost: 1:06:43/2:24:32 [54:13:05/51:41:33]  Acc_iter 59150       Data time: 0.01(0.04)  Forward time: 3.56(3.24)  Batch time: 3.57(3.28)
2025-03-26 15:37:54,584   INFO  Train:   16/30 ( 53%) [1269/3862 ( 33%)]  Loss: -9.824 (-8.87)  LR: 2.754e-03  Time cost: 1:09:25/2:21:44 [54:15:47/51:37:10]  Acc_iter 59200       Data time: 0.00(0.04)  Forward time: 3.20(3.24)  Batch time: 3.20(3.28)
2025-03-26 15:38:32,703   INFO  Save latest model to /OpenPCDet/output/nuscenes_models/cbgs_voxel01_res3d_centerpoint_uncertainty/shifted_bounded_uncertainty/ckpt/latest_model
2025-03-26 15:40:34,913   INFO  Train:   16/30 ( 53%) [1319/3862 ( 34%)]  Loss: -9.678 (-8.89)  LR: 2.752e-03  Time cost: 1:12:05/2:18:53 [54:18:28/51:31:49]  Acc_iter 59250       Data time: 0.00(0.04)  Forward time: 2.84(3.24)  Batch time: 2.85(3.28)
2025-03-26 15:40:35,884   INFO  
2025-03-26 15:43:18,148   INFO  Train:   16/30 ( 53%) [1369/3862 ( 35%)]  Loss: -9.260 (-8.90)  LR: 2.750e-03  Time cost: 1:14:48/2:16:08 [54:21:11/51:28:40]  Acc_iter 59300       Data time: 0.00(0.03)  Forward time: 3.43(3.24)  Batch time: 3.43(3.28)
2025-03-26 15:43:32,586   INFO  Save latest model to /OpenPCDet/output/nuscenes_models/cbgs_voxel01_res3d_centerpoint_uncertainty/shifted_bounded_uncertainty/ckpt/latest_model
2025-03-26 15:46:10,041   INFO  Train:   16/30 ( 53%) [1419/3862 ( 37%)]  Loss: -9.858 (-8.91)  LR: 2.748e-03  Time cost: 1:17:40/2:13:38 [54:24:03/51:31:17]  Acc_iter 59350       Data time: 0.00(0.03)  Forward time: 3.30(3.25)  Batch time: 3.30(3.28)
2025-03-26 15:48:30,944   INFO  Save latest model to /OpenPCDet/output/nuscenes_models/cbgs_voxel01_res3d_centerpoint_uncertainty/shifted_bounded_uncertainty/ckpt/latest_model
2025-03-26 15:48:56,653   INFO  Train:   16/30 ( 53%) [1469/3862 ( 38%)]  Loss: -9.923 (-8.93)  LR: 2.746e-03  Time cost: 1:20:27/2:10:58 [54:26:49/51:30:09]  Acc_iter 59400       Data time: 0.00(0.03)  Forward time: 2.84(3.25)  Batch time: 2.84(3.28)
2025-03-26 15:48:57,763   INFO  
2025-03-26 15:51:45,823   INFO  Train:   16/30 ( 53%) [1519/3862 ( 39%)]  Loss: -10.15 (-8.94)  LR: 2.745e-03  Time cost: 1:23:16/2:08:21 [54:29:38/51:30:30]  Acc_iter 59450       Data time: 0.00(0.03)  Forward time: 4.14(3.25)  Batch time: 4.14(3.29)
2025-03-26 15:53:30,087   INFO  Save latest model to /OpenPCDet/output/nuscenes_models/cbgs_voxel01_res3d_centerpoint_uncertainty/shifted_bounded_uncertainty/ckpt/latest_model
2025-03-26 15:54:28,187   INFO  Train:   16/30 ( 53%) [1569/3862 ( 41%)]  Loss: -8.803 (-8.94)  LR: 2.743e-03  Time cost: 1:25:58/2:05:34 [54:32:21/51:26:34]  Acc_iter 59500       Data time: 0.01(0.03)  Forward time: 3.43(3.25)  Batch time: 3.43(3.29)
2025-03-26 15:57:11,624   INFO  Train:   16/30 ( 53%) [1619/3862 ( 42%)]  Loss: -9.090 (-8.95)  LR: 2.741e-03  Time cost: 1:28:42/2:02:49 [54:35:04/51:23:20]  Acc_iter 59550       Data time: 0.00(0.03)  Forward time: 3.55(3.25)  Batch time: 3.56(3.29)
2025-03-26 15:57:12,730   INFO  
2025-03-26 15:58:31,919   INFO  Save latest model to /OpenPCDet/output/nuscenes_models/cbgs_voxel01_res3d_centerpoint_uncertainty/shifted_bounded_uncertainty/ckpt/latest_model
2025-03-26 15:59:56,632   INFO  Train:   16/30 ( 53%) [1669/3862 ( 43%)]  Loss: -9.167 (-8.96)  LR: 2.739e-03  Time cost: 1:31:27/2:00:05 [54:37:49/51:21:01]  Acc_iter 59600       Data time: 0.00(0.03)  Forward time: 4.01(3.25)  Batch time: 4.01(3.29)
2025-03-26 16:02:44,791   INFO  Train:   16/30 ( 53%) [1719/3862 ( 45%)]  Loss: -8.757 (-8.96)  LR: 2.737e-03  Time cost: 1:34:15/1:57:26 [54:40:37/51:20:23]  Acc_iter 59650       Data time: 0.01(0.03)  Forward time: 3.69(3.26)  Batch time: 3.70(3.29)
2025-03-26 16:03:30,560   INFO  Save latest model to /OpenPCDet/output/nuscenes_models/cbgs_voxel01_res3d_centerpoint_uncertainty/shifted_bounded_uncertainty/ckpt/latest_model
2025-03-26 16:05:30,113   INFO  Train:   16/30 ( 53%) [1769/3862 ( 46%)]  Loss: -9.499 (-8.97)  LR: 2.735e-03  Time cost: 1:37:00/1:54:42 [54:43:23/51:18:08]  Acc_iter 59700       Data time: 0.00(0.03)  Forward time: 2.97(3.26)  Batch time: 2.98(3.29)
2025-03-26 16:05:31,461   INFO  
2025-03-26 16:08:09,352   INFO  Train:   16/30 ( 53%) [1819/3862 ( 47%)]  Loss: -8.936 (-8.97)  LR: 2.733e-03  Time cost: 1:39:39/1:51:52 [54:46:02/51:12:43]  Acc_iter 59750       Data time: 0.00(0.03)  Forward time: 2.70(3.26)  Batch time: 2.71(3.29)
2025-03-26 16:08:31,295   INFO  Save latest model to /OpenPCDet/output/nuscenes_models/cbgs_voxel01_res3d_centerpoint_uncertainty/shifted_bounded_uncertainty/ckpt/latest_model
2025-03-26 16:10:44,871   INFO  Train:   16/30 ( 53%) [1869/3862 ( 48%)]  Loss: -9.593 (-8.98)  LR: 2.731e-03  Time cost: 1:42:15/1:48:59 [54:48:37/51:05:36]  Acc_iter 59800       Data time: 0.00(0.03)  Forward time: 3.48(3.25)  Batch time: 3.48(3.28)
2025-03-26 16:13:26,050   INFO  Train:   16/30 ( 53%) [1919/3862 ( 50%)]  Loss: -9.549 (-8.99)  LR: 2.729e-03  Time cost: 1:44:56/1:46:12 [54:51:19/51:01:28]  Acc_iter 59850       Data time: 0.00(0.03)  Forward time: 3.44(3.25)  Batch time: 3.44(3.28)
2025-03-26 16:13:27,026   INFO  
2025-03-26 16:13:31,405   INFO  Save latest model to /OpenPCDet/output/nuscenes_models/cbgs_voxel01_res3d_centerpoint_uncertainty/shifted_bounded_uncertainty/ckpt/latest_model
2025-03-26 16:15:58,293   INFO  Train:   16/30 ( 53%) [1969/3862 ( 51%)]  Loss: -9.224 (-9.00)  LR: 2.727e-03  Time cost: 1:47:28/1:43:16 [54:53:51/50:53:11]  Acc_iter 59900       Data time: 0.00(0.03)  Forward time: 3.02(3.24)  Batch time: 3.02(3.27)
2025-03-26 16:18:30,439   INFO  Train:   16/30 ( 53%) [2019/3862 ( 52%)]  Loss: -8.333 (-9.00)  LR: 2.725e-03  Time cost: 1:50:01/1:40:22 [54:56:23/50:45:08]  Acc_iter 59950       Data time: 0.00(0.03)  Forward time: 2.87(3.24)  Batch time: 2.88(3.27)
2025-03-26 16:18:30,812   INFO  Save latest model to /OpenPCDet/output/nuscenes_models/cbgs_voxel01_res3d_centerpoint_uncertainty/shifted_bounded_uncertainty/ckpt/latest_model
2025-03-26 16:21:03,132   INFO  Train:   16/30 ( 53%) [2069/3862 ( 54%)]  Loss: -9.253 (-9.01)  LR: 2.723e-03  Time cost: 1:52:33/1:37:29 [54:58:56/50:37:36]  Acc_iter 60000       Data time: 0.00(0.03)  Forward time: 3.73(3.23)  Batch time: 3.73(3.26)
2025-03-26 16:21:04,424   INFO  
2025-03-26 16:23:31,417   INFO  Save latest model to /OpenPCDet/output/nuscenes_models/cbgs_voxel01_res3d_centerpoint_uncertainty/shifted_bounded_uncertainty/ckpt/latest_model
2025-03-26 16:23:44,961   INFO  Train:   16/30 ( 53%) [2119/3862 ( 55%)]  Loss: -8.953 (-9.01)  LR: 2.721e-03  Time cost: 1:55:15/1:34:45 [55:01:38/50:34:19]  Acc_iter 60050       Data time: 0.01(0.03)  Forward time: 3.71(3.23)  Batch time: 3.71(3.26)
2025-03-26 16:26:24,826   INFO  Train:   16/30 ( 53%) [2169/3862 ( 56%)]  Loss: -9.487 (-9.02)  LR: 2.719e-03  Time cost: 1:57:55/1:32:00 [55:04:17/50:30:12]  Acc_iter 60100       Data time: 0.01(0.03)  Forward time: 3.76(3.23)  Batch time: 3.77(3.26)
2025-03-26 16:28:31,485   INFO  Save latest model to /OpenPCDet/output/nuscenes_models/cbgs_voxel01_res3d_centerpoint_uncertainty/shifted_bounded_uncertainty/ckpt/latest_model
2025-03-26 16:29:15,458   INFO  Train:   16/30 ( 53%) [2219/3862 ( 57%)]  Loss: -9.809 (-9.02)  LR: 2.717e-03  Time cost: 2:00:46/1:29:22 [55:07:08/50:30:40]  Acc_iter 60150       Data time: 0.00(0.03)  Forward time: 2.86(3.24)  Batch time: 2.86(3.26)
2025-03-26 16:29:16,653   INFO  
2025-03-26 16:32:05,546   INFO  Train:   16/30 ( 53%) [2269/3862 ( 59%)]  Loss: -9.474 (-9.02)  LR: 2.715e-03  Time cost: 2:03:36/1:26:44 [55:09:58/50:30:46]  Acc_iter 60200       Data time: 0.01(0.03)  Forward time: 3.68(3.24)  Batch time: 3.68(3.27)
2025-03-26 16:33:30,037   INFO  Save latest model to /OpenPCDet/output/nuscenes_models/cbgs_voxel01_res3d_centerpoint_uncertainty/shifted_bounded_uncertainty/ckpt/latest_model
2025-03-26 16:34:50,252   INFO  Train:   16/30 ( 53%) [2319/3862 ( 60%)]  Loss: -8.778 (-9.03)  LR: 2.713e-03  Time cost: 2:06:20/1:24:01 [55:12:43/50:28:35]  Acc_iter 60250       Data time: 0.01(0.03)  Forward time: 3.55(3.24)  Batch time: 3.55(3.27)
2025-03-26 16:37:38,660   INFO  Train:   16/30 ( 53%) [2369/3862 ( 61%)]  Loss: -9.646 (-9.03)  LR: 2.711e-03  Time cost: 2:09:09/1:21:21 [55:15:31/50:27:49]  Acc_iter 60300       Data time: 0.01(0.03)  Forward time: 3.65(3.24)  Batch time: 3.66(3.27)
2025-03-26 16:37:39,735   INFO  
2025-03-26 16:38:32,440   INFO  Save latest model to /OpenPCDet/output/nuscenes_models/cbgs_voxel01_res3d_centerpoint_uncertainty/shifted_bounded_uncertainty/ckpt/latest_model
2025-03-26 16:40:19,982   INFO  Train:   16/30 ( 53%) [2419/3862 ( 63%)]  Loss: -9.474 (-9.04)  LR: 2.709e-03  Time cost: 2:11:50/1:18:36 [55:18:13/50:24:16]  Acc_iter 60350       Data time: 0.01(0.03)  Forward time: 2.50(3.24)  Batch time: 2.51(3.27)
2025-03-26 16:42:57,308   INFO  Train:   16/30 ( 53%) [2469/3862 ( 64%)]  Loss: -8.908 (-9.04)  LR: 2.707e-03  Time cost: 2:14:27/1:15:50 [55:20:50/50:19:15]  Acc_iter 60400       Data time: 0.00(0.03)  Forward time: 3.08(3.24)  Batch time: 3.09(3.27)
2025-03-26 16:43:31,080   INFO  Save latest model to /OpenPCDet/output/nuscenes_models/cbgs_voxel01_res3d_centerpoint_uncertainty/shifted_bounded_uncertainty/ckpt/latest_model
2025-03-26 16:45:34,984   INFO  Train:   16/30 ( 53%) [2519/3862 ( 65%)]  Loss: -8.973 (-9.05)  LR: 2.705e-03  Time cost: 2:17:05/1:13:03 [55:23:28/50:14:28]  Acc_iter 60450       Data time: 0.00(0.03)  Forward time: 2.96(3.24)  Batch time: 2.97(3.26)
2025-03-26 16:45:35,943   INFO  
2025-03-26 16:48:17,256   INFO  Train:   16/30 ( 53%) [2569/3862 ( 67%)]  Loss: -9.301 (-9.05)  LR: 2.703e-03  Time cost: 2:19:47/1:10:20 [55:26:10/50:11:25]  Acc_iter 60500       Data time: 0.00(0.03)  Forward time: 3.13(3.24)  Batch time: 3.13(3.26)
2025-03-26 16:48:30,354   INFO  Save latest model to /OpenPCDet/output/nuscenes_models/cbgs_voxel01_res3d_centerpoint_uncertainty/shifted_bounded_uncertainty/ckpt/latest_model
2025-03-26 16:50:59,497   INFO  Train:   16/30 ( 53%) [2619/3862 ( 68%)]  Loss: -10.07 (-9.06)  LR: 2.701e-03  Time cost: 2:22:30/1:07:36 [55:28:52/50:08:21]  Acc_iter 60550       Data time: 0.01(0.03)  Forward time: 3.50(3.24)  Batch time: 3.50(3.26)
2025-03-26 16:53:30,636   INFO  Save latest model to /OpenPCDet/output/nuscenes_models/cbgs_voxel01_res3d_centerpoint_uncertainty/shifted_bounded_uncertainty/ckpt/latest_model
2025-03-26 16:53:33,759   INFO  Train:   16/30 ( 53%) [2669/3862 ( 69%)]  Loss: -8.639 (-9.06)  LR: 2.699e-03  Time cost: 2:25:04/1:04:49 [55:31:26/50:02:34]  Acc_iter 60600       Data time: 0.40(0.03)  Forward time: 3.12(3.23)  Batch time: 3.52(3.26)
2025-03-26 16:53:34,861   INFO  
2025-03-26 16:56:06,330   INFO  Train:   16/30 ( 53%) [2719/3862 ( 70%)]  Loss: -9.008 (-9.06)  LR: 2.697e-03  Time cost: 2:27:36/1:02:01 [55:33:59/49:56:19]  Acc_iter 60650       Data time: 0.01(0.03)  Forward time: 3.19(3.23)  Batch time: 3.20(3.26)
2025-03-26 16:58:30,696   INFO  Save latest model to /OpenPCDet/output/nuscenes_models/cbgs_voxel01_res3d_centerpoint_uncertainty/shifted_bounded_uncertainty/ckpt/latest_model
2025-03-26 16:58:42,314   INFO  Train:   16/30 ( 53%) [2769/3862 ( 72%)]  Loss: -9.200 (-9.07)  LR: 2.695e-03  Time cost: 2:30:12/59:16 [55:36:35/49:51:20]  Acc_iter 60700       Data time: 0.00(0.03)  Forward time: 2.60(3.23)  Batch time: 2.60(3.25)
2025-03-26 17:01:14,281   INFO  Train:   16/30 ( 53%) [2819/3862 ( 73%)]  Loss: -9.695 (-9.07)  LR: 2.693e-03  Time cost: 2:32:44/56:29 [55:39:07/49:45:08]  Acc_iter 60750       Data time: 0.00(0.03)  Forward time: 3.27(3.22)  Batch time: 3.27(3.25)
2025-03-26 17:01:15,416   INFO  
2025-03-26 17:03:31,005   INFO  Save latest model to /OpenPCDet/output/nuscenes_models/cbgs_voxel01_res3d_centerpoint_uncertainty/shifted_bounded_uncertainty/ckpt/latest_model
2025-03-26 17:03:53,503   INFO  Train:   16/30 ( 53%) [2869/3862 ( 74%)]  Loss: -9.072 (-9.07)  LR: 2.691e-03  Time cost: 2:35:24/53:46 [55:41:46/49:41:23]  Acc_iter 60800       Data time: 0.00(0.03)  Forward time: 3.24(3.22)  Batch time: 3.25(3.25)
2025-03-26 17:06:29,834   INFO  Train:   16/30 ( 53%) [2919/3862 ( 76%)]  Loss: -9.313 (-9.08)  LR: 2.689e-03  Time cost: 2:38:00/51:01 [55:44:22/49:36:45]  Acc_iter 60850       Data time: 0.00(0.03)  Forward time: 3.50(3.22)  Batch time: 3.50(3.25)
2025-03-26 17:08:31,294   INFO  Save latest model to /OpenPCDet/output/nuscenes_models/cbgs_voxel01_res3d_centerpoint_uncertainty/shifted_bounded_uncertainty/ckpt/latest_model
2025-03-26 17:09:09,635   INFO  Train:   16/30 ( 53%) [2969/3862 ( 77%)]  Loss: -8.731 (-9.08)  LR: 2.687e-03  Time cost: 2:40:40/48:18 [55:47:02/49:33:16]  Acc_iter 60900       Data time: 0.00(0.03)  Forward time: 2.68(3.22)  Batch time: 2.69(3.25)
2025-03-26 17:09:10,922   INFO  
2025-03-26 17:11:55,924   INFO  Train:   16/30 ( 53%) [3019/3862 ( 78%)]  Loss: -8.904 (-9.08)  LR: 2.685e-03  Time cost: 2:43:26/45:37 [55:49:49/49:31:46]  Acc_iter 60950       Data time: 0.01(0.03)  Forward time: 3.49(3.22)  Batch time: 3.49(3.25)
2025-03-26 17:13:31,317   INFO  Save latest model to /OpenPCDet/output/nuscenes_models/cbgs_voxel01_res3d_centerpoint_uncertainty/shifted_bounded_uncertainty/ckpt/latest_model
2025-03-26 17:14:30,180   INFO  Train:   16/30 ( 53%) [3069/3862 ( 79%)]  Loss: -8.764 (-9.09)  LR: 2.683e-03  Time cost: 2:46:00/42:52 [55:52:23/49:26:39]  Acc_iter 61000       Data time: 0.00(0.02)  Forward time: 3.09(3.22)  Batch time: 3.10(3.24)
2025-03-26 17:17:01,656   INFO  Train:   16/30 ( 53%) [3119/3862 ( 81%)]  Loss: -9.832 (-9.09)  LR: 2.681e-03  Time cost: 2:48:32/40:08 [55:54:54/49:20:48]  Acc_iter 61050       Data time: 0.00(0.02)  Forward time: 3.34(3.22)  Batch time: 3.34(3.24)
2025-03-26 17:17:02,572   INFO  
2025-03-26 17:18:31,617   INFO  Save latest model to /OpenPCDet/output/nuscenes_models/cbgs_voxel01_res3d_centerpoint_uncertainty/shifted_bounded_uncertainty/ckpt/latest_model
2025-03-26 17:19:42,361   INFO  Train:   16/30 ( 53%) [3169/3862 ( 82%)]  Loss: -9.159 (-9.09)  LR: 2.679e-03  Time cost: 2:51:12/37:25 [55:57:35/49:17:43]  Acc_iter 61100       Data time: 0.00(0.02)  Forward time: 3.18(3.22)  Batch time: 3.18(3.24)
2025-03-26 17:22:23,954   INFO  Train:   16/30 ( 53%) [3219/3862 ( 83%)]  Loss: -9.114 (-9.09)  LR: 2.677e-03  Time cost: 2:53:54/34:43 [56:00:17/49:14:53]  Acc_iter 61150       Data time: 0.00(0.02)  Forward time: 3.14(3.22)  Batch time: 3.15(3.24)
2025-03-26 17:23:30,873   INFO  Save latest model to /OpenPCDet/output/nuscenes_models/cbgs_voxel01_res3d_centerpoint_uncertainty/shifted_bounded_uncertainty/ckpt/latest_model
2025-03-26 17:25:01,683   INFO  Train:   16/30 ( 53%) [3269/3862 ( 85%)]  Loss: -9.632 (-9.09)  LR: 2.674e-03  Time cost: 2:56:32/32:00 [56:02:54/49:10:59]  Acc_iter 61200       Data time: 0.00(0.02)  Forward time: 3.41(3.21)  Batch time: 3.41(3.24)
2025-03-26 17:25:02,813   INFO  
2025-03-26 17:27:44,204   INFO  Train:   16/30 ( 53%) [3319/3862 ( 86%)]  Loss: -10.22 (-9.09)  LR: 2.672e-03  Time cost: 2:59:14/29:18 [56:05:37/49:08:27]  Acc_iter 61250       Data time: 0.00(0.02)  Forward time: 3.37(3.21)  Batch time: 3.37(3.24)
2025-03-26 17:28:30,647   INFO  Save latest model to /OpenPCDet/output/nuscenes_models/cbgs_voxel01_res3d_centerpoint_uncertainty/shifted_bounded_uncertainty/ckpt/latest_model
2025-03-26 17:30:31,755   INFO  Train:   16/30 ( 53%) [3369/3862 ( 87%)]  Loss: -9.226 (-9.10)  LR: 2.670e-03  Time cost: 3:02:02/26:37 [56:08:24/49:07:15]  Acc_iter 61300       Data time: 0.01(0.02)  Forward time: 3.71(3.22)  Batch time: 3.72(3.24)
2025-03-26 17:33:14,652   INFO  Train:   16/30 ( 53%) [3419/3862 ( 89%)]  Loss: -9.462 (-9.10)  LR: 2.668e-03  Time cost: 3:04:45/23:55 [56:11:07/49:04:46]  Acc_iter 61350       Data time: 0.00(0.02)  Forward time: 3.02(3.22)  Batch time: 3.03(3.24)
2025-03-26 17:33:15,830   INFO  
2025-03-26 17:33:30,077   INFO  Save latest model to /OpenPCDet/output/nuscenes_models/cbgs_voxel01_res3d_centerpoint_uncertainty/shifted_bounded_uncertainty/ckpt/latest_model
2025-03-26 17:36:07,384   INFO  Train:   16/30 ( 53%) [3469/3862 ( 90%)]  Loss: -8.792 (-9.10)  LR: 2.666e-03  Time cost: 3:07:37/21:15 [56:14:00/49:04:52]  Acc_iter 61400       Data time: 0.00(0.02)  Forward time: 3.85(3.22)  Batch time: 3.85(3.24)
2025-03-26 17:38:31,490   INFO  Save latest model to /OpenPCDet/output/nuscenes_models/cbgs_voxel01_res3d_centerpoint_uncertainty/shifted_bounded_uncertainty/ckpt/latest_model
2025-03-26 17:38:54,271   INFO  Train:   16/30 ( 53%) [3519/3862 ( 91%)]  Loss: -8.947 (-9.10)  LR: 2.664e-03  Time cost: 3:10:24/18:33 [56:16:47/49:03:22]  Acc_iter 61450       Data time: 0.00(0.02)  Forward time: 3.33(3.22)  Batch time: 3.34(3.25)
2025-03-26 17:41:40,693   INFO  Train:   16/30 ( 53%) [3569/3862 ( 92%)]  Loss: -9.717 (-9.11)  LR: 2.662e-03  Time cost: 3:13:11/15:51 [56:19:33/49:01:42]  Acc_iter 61500       Data time: 0.00(0.02)  Forward time: 3.26(3.22)  Batch time: 3.26(3.25)
2025-03-26 17:41:41,840   INFO  
2025-03-26 17:43:32,460   INFO  Save latest model to /OpenPCDet/output/nuscenes_models/cbgs_voxel01_res3d_centerpoint_uncertainty/shifted_bounded_uncertainty/ckpt/latest_model
2025-03-26 17:44:35,232   INFO  Train:   16/30 ( 53%) [3619/3862 ( 94%)]  Loss: -8.997 (-9.11)  LR: 2.660e-03  Time cost: 3:16:05/13:09 [56:22:28/49:02:03]  Acc_iter 61550       Data time: 0.00(0.02)  Forward time: 3.35(3.23)  Batch time: 3.36(3.25)
2025-03-26 17:47:19,193   INFO  Train:   16/30 ( 53%) [3669/3862 ( 95%)]  Loss: -9.779 (-9.11)  LR: 2.657e-03  Time cost: 3:18:49/10:27 [56:25:12/48:59:42]  Acc_iter 61600       Data time: 0.00(0.02)  Forward time: 3.68(3.23)  Batch time: 3.68(3.25)
2025-03-26 17:48:30,557   INFO  Save latest model to /OpenPCDet/output/nuscenes_models/cbgs_voxel01_res3d_centerpoint_uncertainty/shifted_bounded_uncertainty/ckpt/latest_model
2025-03-26 17:49:58,683   INFO  Train:   16/30 ( 53%) [3719/3862 ( 96%)]  Loss: -9.295 (-9.11)  LR: 2.655e-03  Time cost: 3:21:29/07:44 [56:27:51/48:56:15]  Acc_iter 61650       Data time: 0.00(0.02)  Forward time: 3.25(3.23)  Batch time: 3.25(3.25)
2025-03-26 17:49:59,625   INFO  
2025-03-26 17:52:42,302   INFO  Train:   16/30 ( 53%) [3769/3862 ( 98%)]  Loss: -10.05 (-9.12)  LR: 2.653e-03  Time cost: 3:24:12/05:02 [56:30:35/48:53:49]  Acc_iter 61700       Data time: 0.00(0.02)  Forward time: 2.66(3.23)  Batch time: 2.66(3.25)
2025-03-26 17:53:31,426   INFO  Save latest model to /OpenPCDet/output/nuscenes_models/cbgs_voxel01_res3d_centerpoint_uncertainty/shifted_bounded_uncertainty/ckpt/latest_model
2025-03-26 17:55:33,772   INFO  Train:   16/30 ( 53%) [3819/3862 ( 99%)]  Loss: -9.459 (-9.12)  LR: 2.651e-03  Time cost: 3:27:04/02:19 [56:33:26/48:53:13]  Acc_iter 61750       Data time: 0.01(0.02)  Forward time: 3.30(3.23)  Batch time: 3.30(3.25)
2025-03-26 17:57:48,829   INFO  Train:   16/30 ( 53%) [3861/3862 (100%)]  Loss: -9.162 (-9.12)  LR: 2.649e-03  Time cost: 3:29:19/00:03 [56:35:41/48:50:35]  Acc_iter 61792       Data time: 0.00(0.02)  Forward time: 2.46(3.23)  Batch time: 2.46(3.25)
2025-03-26 17:58:08,418   INFO  Train:   17/30 ( 57%) [   0/3862 (  0%)]  Loss: -8.891 (-8.89)  LR: 2.649e-03  Time cost: 00:16/17:27:00 [56:36:01/244:18:07]  Acc_iter 61793       Data time: 12.89(12.89)  Forward time: 3.38(3.38)  Batch time: 16.27(16.27)
2025-03-26 17:58:40,013   INFO  Train:   17/30 ( 57%) [   7/3862 (  0%)]  Loss: -9.477 (-9.20)  LR: 2.649e-03  Time cost: 00:47/6:24:22 [56:36:33/89:50:25]  Acc_iter 61800       Data time: 0.00(2.38)  Forward time: 2.90(3.61)  Batch time: 2.90(5.98)
2025-03-26 17:58:41,022   INFO  
2025-03-26 18:01:29,001   INFO  Train:   17/30 ( 57%) [  57/3862 (  1%)]  Loss: -8.990 (-9.20)  LR: 2.647e-03  Time cost: 03:36/3:57:06 [56:39:22/56:05:35]  Acc_iter 61850       Data time: 0.00(0.35)  Forward time: 2.47(3.39)  Batch time: 2.48(3.74)
2025-03-26 18:02:54,188   INFO  Save latest model to /OpenPCDet/output/nuscenes_models/cbgs_voxel01_res3d_centerpoint_uncertainty/shifted_bounded_uncertainty/ckpt/latest_model
2025-03-26 18:04:06,315   INFO  Train:   17/30 ( 57%) [ 107/3862 (  3%)]  Loss: -9.431 (-9.27)  LR: 2.644e-03  Time cost: 06:14/3:36:49 [56:41:59/51:55:46]  Acc_iter 61900       Data time: 0.00(0.20)  Forward time: 2.55(3.27)  Batch time: 2.56(3.46)
2025-03-26 18:06:48,116   INFO  Train:   17/30 ( 57%) [ 157/3862 (  4%)]  Loss: -9.792 (-9.29)  LR: 2.642e-03  Time cost: 08:55/3:29:28 [56:44:41/50:47:55]  Acc_iter 61950       Data time: 0.00(0.14)  Forward time: 2.43(3.26)  Batch time: 2.43(3.39)
2025-03-26 18:06:49,408   INFO  
2025-03-26 18:07:53,762   INFO  Save latest model to /OpenPCDet/output/nuscenes_models/cbgs_voxel01_res3d_centerpoint_uncertainty/shifted_bounded_uncertainty/ckpt/latest_model
2025-03-26 18:09:25,811   INFO  Train:   17/30 ( 57%) [ 207/3862 (  5%)]  Loss: -9.752 (-9.30)  LR: 2.640e-03  Time cost: 11:33/3:23:09 [56:47:18/49:53:41]  Acc_iter 62000       Data time: 0.00(0.11)  Forward time: 3.58(3.22)  Batch time: 3.58(3.33)
2025-03-26 18:12:00,303   INFO  Train:   17/30 ( 57%) [ 257/3862 (  7%)]  Loss: -9.190 (-9.33)  LR: 2.638e-03  Time cost: 14:08/3:17:31 [56:49:53/49:08:18]  Acc_iter 62050       Data time: 0.00(0.09)  Forward time: 3.01(3.20)  Batch time: 3.01(3.29)
2025-03-26 18:12:54,013   INFO  Save latest model to /OpenPCDet/output/nuscenes_models/cbgs_voxel01_res3d_centerpoint_uncertainty/shifted_bounded_uncertainty/ckpt/latest_model
2025-03-26 18:14:39,830   INFO  Train:   17/30 ( 57%) [ 307/3862 (  8%)]  Loss: -9.074 (-9.33)  LR: 2.636e-03  Time cost: 16:47/3:13:50 [56:52:32/48:51:28]  Acc_iter 62100       Data time: 0.00(0.08)  Forward time: 2.66(3.19)  Batch time: 2.66(3.27)
2025-03-26 18:14:40,944   INFO  
2025-03-26 18:17:16,389   INFO  Train:   17/30 ( 57%) [ 357/3862 (  9%)]  Loss: -10.01 (-9.33)  LR: 2.633e-03  Time cost: 19:24/3:09:58 [56:55:09/48:31:11]  Acc_iter 62150       Data time: 0.01(0.07)  Forward time: 2.85(3.18)  Batch time: 2.86(3.25)
2025-03-26 18:17:53,913   INFO  Save latest model to /OpenPCDet/output/nuscenes_models/cbgs_voxel01_res3d_centerpoint_uncertainty/shifted_bounded_uncertainty/ckpt/latest_model
2025-03-26 18:19:47,530   INFO  Train:   17/30 ( 57%) [ 407/3862 ( 11%)]  Loss: -9.311 (-9.33)  LR: 2.631e-03  Time cost: 21:55/3:05:38 [56:57:40/48:03:21]  Acc_iter 62200       Data time: 0.00(0.07)  Forward time: 2.41(3.16)  Batch time: 2.42(3.22)
2025-03-26 18:22:21,740   INFO  Train:   17/30 ( 57%) [ 457/3862 ( 12%)]  Loss: -9.742 (-9.34)  LR: 2.629e-03  Time cost: 24:29/3:02:05 [57:00:14/47:47:01]  Acc_iter 62250       Data time: 0.00(0.06)  Forward time: 2.71(3.15)  Batch time: 2.71(3.21)
2025-03-26 18:22:22,693   INFO  
2025-03-26 18:22:52,744   INFO  Save latest model to /OpenPCDet/output/nuscenes_models/cbgs_voxel01_res3d_centerpoint_uncertainty/shifted_bounded_uncertainty/ckpt/latest_model
2025-03-26 18:24:59,609   INFO  Train:   17/30 ( 57%) [ 507/3862 ( 13%)]  Loss: -9.550 (-9.34)  LR: 2.627e-03  Time cost: 27:07/2:59:08 [57:02:52/47:39:50]  Acc_iter 62300       Data time: 0.00(0.06)  Forward time: 2.60(3.15)  Batch time: 2.60(3.20)
2025-03-26 18:27:39,449   INFO  Train:   17/30 ( 57%) [ 557/3862 ( 14%)]  Loss: -8.625 (-9.34)  LR: 2.624e-03  Time cost: 29:47/2:56:26 [57:05:32/47:36:37]  Acc_iter 62350       Data time: 0.01(0.05)  Forward time: 3.09(3.15)  Batch time: 3.10(3.20)
2025-03-26 18:27:54,090   INFO  Save latest model to /OpenPCDet/output/nuscenes_models/cbgs_voxel01_res3d_centerpoint_uncertainty/shifted_bounded_uncertainty/ckpt/latest_model
2025-03-26 18:30:21,528   INFO  Train:   17/30 ( 57%) [ 607/3862 ( 16%)]  Loss: -8.976 (-9.34)  LR: 2.622e-03  Time cost: 32:29/2:53:56 [57:08:14/47:36:47]  Acc_iter 62400       Data time: 0.00(0.05)  Forward time: 2.94(3.16)  Batch time: 2.95(3.21)
2025-03-26 18:30:22,702   INFO  
2025-03-26 18:32:54,896   INFO  Save latest model to /OpenPCDet/output/nuscenes_models/cbgs_voxel01_res3d_centerpoint_uncertainty/shifted_bounded_uncertainty/ckpt/latest_model
2025-03-26 18:33:11,413   INFO  Train:   17/30 ( 57%) [ 657/3862 ( 17%)]  Loss: -8.999 (-9.34)  LR: 2.620e-03  Time cost: 35:19/2:52:02 [57:11:04/47:47:04]  Acc_iter 62450       Data time: 0.00(0.05)  Forward time: 2.59(3.17)  Batch time: 2.59(3.22)
2025-03-26 18:35:58,977   INFO  Train:   17/30 ( 57%) [ 707/3862 ( 18%)]  Loss: -9.743 (-9.35)  LR: 2.618e-03  Time cost: 38:06/2:49:50 [57:13:52/47:52:34]  Acc_iter 62500       Data time: 0.02(0.04)  Forward time: 2.61(3.19)  Batch time: 2.62(3.23)
2025-03-26 18:37:53,328   INFO  Save latest model to /OpenPCDet/output/nuscenes_models/cbgs_voxel01_res3d_centerpoint_uncertainty/shifted_bounded_uncertainty/ckpt/latest_model
2025-03-26 18:38:45,868   INFO  Train:   17/30 ( 57%) [ 757/3862 ( 20%)]  Loss: -8.939 (-9.35)  LR: 2.615e-03  Time cost: 40:53/2:47:31 [57:16:38/47:56:12]  Acc_iter 62550       Data time: 0.00(0.04)  Forward time: 4.28(3.19)  Batch time: 4.28(3.24)
2025-03-26 18:38:47,241   INFO  
2025-03-26 18:41:35,305   INFO  Train:   17/30 ( 57%) [ 807/3862 ( 21%)]  Loss: -9.051 (-9.35)  LR: 2.613e-03  Time cost: 43:43/2:45:17 [57:19:28/48:01:50]  Acc_iter 62600       Data time: 0.00(0.04)  Forward time: 2.92(3.20)  Batch time: 2.92(3.25)
2025-03-26 18:42:53,996   INFO  Save latest model to /OpenPCDet/output/nuscenes_models/cbgs_voxel01_res3d_centerpoint_uncertainty/shifted_bounded_uncertainty/ckpt/latest_model
2025-03-26 18:44:22,923   INFO  Train:   17/30 ( 57%) [ 857/3862 ( 22%)]  Loss: -8.273 (-9.35)  LR: 2.611e-03  Time cost: 46:30/2:42:54 [57:22:16/48:04:36]  Acc_iter 62650       Data time: 0.00(0.04)  Forward time: 2.44(3.21)  Batch time: 2.44(3.25)
2025-03-26 18:47:07,639   INFO  Train:   17/30 ( 57%) [ 907/3862 ( 23%)]  Loss: -9.293 (-9.36)  LR: 2.609e-03  Time cost: 49:15/2:40:18 [57:25:00/48:03:55]  Acc_iter 62700       Data time: 0.00(0.04)  Forward time: 3.40(3.22)  Batch time: 3.41(3.25)
2025-03-26 18:47:08,692   INFO  
2025-03-26 18:47:52,718   INFO  Save latest model to /OpenPCDet/output/nuscenes_models/cbgs_voxel01_res3d_centerpoint_uncertainty/shifted_bounded_uncertainty/ckpt/latest_model
2025-03-26 18:49:44,413   INFO  Train:   17/30 ( 57%) [ 957/3862 ( 25%)]  Loss: -9.055 (-9.36)  LR: 2.606e-03  Time cost: 51:52/2:37:17 [57:27:37/47:55:42]  Acc_iter 62750       Data time: 0.00(0.04)  Forward time: 3.29(3.21)  Batch time: 3.30(3.25)
2025-03-26 18:52:27,889   INFO  Train:   17/30 ( 57%) [1007/3862 ( 26%)]  Loss: -9.334 (-9.36)  LR: 2.604e-03  Time cost: 54:35/2:34:38 [57:30:21/47:53:54]  Acc_iter 62800       Data time: 0.00(0.04)  Forward time: 2.72(3.21)  Batch time: 2.73(3.25)
2025-03-26 18:52:54,839   INFO  Save latest model to /OpenPCDet/output/nuscenes_models/cbgs_voxel01_res3d_centerpoint_uncertainty/shifted_bounded_uncertainty/ckpt/latest_model
2025-03-26 18:55:09,889   INFO  Train:   17/30 ( 57%) [1057/3862 ( 27%)]  Loss: -9.154 (-9.36)  LR: 2.602e-03  Time cost: 57:17/2:31:54 [57:33:03/47:50:47]  Acc_iter 62850       Data time: 0.00(0.04)  Forward time: 2.50(3.21)  Batch time: 2.51(3.25)
2025-03-26 18:55:11,069   INFO  
2025-03-26 18:57:54,766   INFO  Save latest model to /OpenPCDet/output/nuscenes_models/cbgs_voxel01_res3d_centerpoint_uncertainty/shifted_bounded_uncertainty/ckpt/latest_model
2025-03-26 18:57:58,563   INFO  Train:   17/30 ( 57%) [1107/3862 ( 29%)]  Loss: -9.124 (-9.36)  LR: 2.599e-03  Time cost: 1:00:06/2:29:27 [57:35:51/47:53:01]  Acc_iter 62900       Data time: 0.32(0.04)  Forward time: 3.79(3.22)  Batch time: 4.12(3.25)
2025-03-26 19:00:45,752   INFO  Train:   17/30 ( 57%) [1157/3862 ( 30%)]  Loss: -9.102 (-9.36)  LR: 2.597e-03  Time cost: 1:02:53/2:26:54 [57:38:38/47:53:42]  Acc_iter 62950       Data time: 0.00(0.03)  Forward time: 2.99(3.22)  Batch time: 3.00(3.26)
2025-03-26 19:02:53,691   INFO  Save latest model to /OpenPCDet/output/nuscenes_models/cbgs_voxel01_res3d_centerpoint_uncertainty/shifted_bounded_uncertainty/ckpt/latest_model
2025-03-26 19:03:38,260   INFO  Train:   17/30 ( 57%) [1207/3862 ( 31%)]  Loss: -9.757 (-9.36)  LR: 2.595e-03  Time cost: 1:05:46/2:24:32 [57:41:31/47:57:58]  Acc_iter 63000       Data time: 0.00(0.03)  Forward time: 3.15(3.23)  Batch time: 3.16(3.27)
2025-03-26 19:03:39,463   INFO  
2025-03-26 19:06:23,127   INFO  Train:   17/30 ( 57%) [1257/3862 ( 33%)]  Loss: -9.381 (-9.36)  LR: 2.592e-03  Time cost: 1:08:30/2:21:52 [57:44:16/47:56:19]  Acc_iter 63050       Data time: 0.00(0.03)  Forward time: 2.81(3.23)  Batch time: 2.82(3.27)
2025-03-26 19:07:53,599   INFO  Save latest model to /OpenPCDet/output/nuscenes_models/cbgs_voxel01_res3d_centerpoint_uncertainty/shifted_bounded_uncertainty/ckpt/latest_model
2025-03-26 19:09:10,345   INFO  Train:   17/30 ( 57%) [1307/3862 ( 34%)]  Loss: -10.13 (-9.36)  LR: 2.590e-03  Time cost: 1:11:18/2:19:16 [57:47:03/47:56:10]  Acc_iter 63100       Data time: 0.00(0.03)  Forward time: 2.51(3.24)  Batch time: 2.52(3.27)
2025-03-26 19:12:00,263   INFO  Train:   17/30 ( 57%) [1357/3862 ( 35%)]  Loss: -9.070 (-9.36)  LR: 2.588e-03  Time cost: 1:14:08/2:16:45 [57:49:53/47:57:34]  Acc_iter 63150       Data time: 0.00(0.03)  Forward time: 3.20(3.24)  Batch time: 3.21(3.28)
2025-03-26 19:12:01,444   INFO  
2025-03-26 19:12:54,227   INFO  Save latest model to /OpenPCDet/output/nuscenes_models/cbgs_voxel01_res3d_centerpoint_uncertainty/shifted_bounded_uncertainty/ckpt/latest_model
2025-03-26 19:14:47,060   INFO  Train:   17/30 ( 57%) [1407/3862 ( 36%)]  Loss: -9.526 (-9.36)  LR: 2.585e-03  Time cost: 1:16:54/2:14:06 [57:52:40/47:56:43]  Acc_iter 63200       Data time: 0.62(0.03)  Forward time: 3.17(3.25)  Batch time: 3.79(3.28)
2025-03-26 19:17:30,140   INFO  Train:   17/30 ( 57%) [1457/3862 ( 38%)]  Loss: -9.225 (-9.36)  LR: 2.583e-03  Time cost: 1:19:37/2:11:21 [57:55:23/47:53:30]  Acc_iter 63250       Data time: 0.00(0.03)  Forward time: 3.44(3.25)  Batch time: 3.44(3.28)
2025-03-26 19:17:53,984   INFO  Save latest model to /OpenPCDet/output/nuscenes_models/cbgs_voxel01_res3d_centerpoint_uncertainty/shifted_bounded_uncertainty/ckpt/latest_model
2025-03-26 19:20:08,553   INFO  Train:   17/30 ( 57%) [1507/3862 ( 39%)]  Loss: -10.09 (-9.36)  LR: 2.581e-03  Time cost: 1:22:16/2:08:29 [57:58:01/47:47:37]  Acc_iter 63300       Data time: 0.00(0.03)  Forward time: 3.10(3.24)  Batch time: 3.10(3.27)
2025-03-26 19:20:09,630   INFO  
2025-03-26 19:22:49,558   INFO  Train:   17/30 ( 57%) [1557/3862 ( 40%)]  Loss: -8.814 (-9.37)  LR: 2.578e-03  Time cost: 1:24:57/2:05:41 [58:00:42/47:43:23]  Acc_iter 63350       Data time: 0.00(0.03)  Forward time: 3.81(3.24)  Batch time: 3.82(3.27)
2025-03-26 19:22:53,717   INFO  Save latest model to /OpenPCDet/output/nuscenes_models/cbgs_voxel01_res3d_centerpoint_uncertainty/shifted_bounded_uncertainty/ckpt/latest_model
2025-03-26 19:25:32,815   INFO  Train:   17/30 ( 57%) [1607/3862 ( 42%)]  Loss: -10.38 (-9.37)  LR: 2.576e-03  Time cost: 1:27:40/2:02:57 [58:03:25/47:40:29]  Acc_iter 63400       Data time: 0.00(0.03)  Forward time: 3.09(3.24)  Batch time: 3.10(3.27)
2025-03-26 19:27:56,248   INFO  Save latest model to /OpenPCDet/output/nuscenes_models/cbgs_voxel01_res3d_centerpoint_uncertainty/shifted_bounded_uncertainty/ckpt/latest_model
2025-03-26 19:28:15,461   INFO  Train:   17/30 ( 57%) [1657/3862 ( 43%)]  Loss: -9.797 (-9.37)  LR: 2.574e-03  Time cost: 1:30:23/2:00:12 [58:06:08/47:37:16]  Acc_iter 63450       Data time: 0.00(0.03)  Forward time: 3.40(3.24)  Batch time: 3.40(3.27)
2025-03-26 19:28:16,355   INFO  
2025-03-26 19:30:56,763   INFO  Train:   17/30 ( 57%) [1707/3862 ( 44%)]  Loss: -9.100 (-9.37)  LR: 2.571e-03  Time cost: 1:33:04/1:57:26 [58:08:49/47:33:23]  Acc_iter 63500       Data time: 0.00(0.03)  Forward time: 3.28(3.24)  Batch time: 3.28(3.27)
2025-03-26 19:32:56,311   INFO  Save latest model to /OpenPCDet/output/nuscenes_models/cbgs_voxel01_res3d_centerpoint_uncertainty/shifted_bounded_uncertainty/ckpt/latest_model
2025-03-26 19:33:36,643   INFO  Train:   17/30 ( 57%) [1757/3862 ( 45%)]  Loss: -9.562 (-9.37)  LR: 2.569e-03  Time cost: 1:35:44/1:54:38 [58:11:29/47:28:52]  Acc_iter 63550       Data time: 0.00(0.03)  Forward time: 2.78(3.24)  Batch time: 2.78(3.27)
2025-03-26 19:36:16,372   INFO  Train:   17/30 ( 57%) [1807/3862 ( 47%)]  Loss: -9.958 (-9.37)  LR: 2.567e-03  Time cost: 1:38:24/1:51:50 [58:14:09/47:24:23]  Acc_iter 63600       Data time: 0.00(0.03)  Forward time: 3.44(3.24)  Batch time: 3.44(3.27)
2025-03-26 19:36:17,364   INFO  
2025-03-26 19:37:53,771   INFO  Save latest model to /OpenPCDet/output/nuscenes_models/cbgs_voxel01_res3d_centerpoint_uncertainty/shifted_bounded_uncertainty/ckpt/latest_model
2025-03-26 19:38:55,423   INFO  Train:   17/30 ( 57%) [1857/3862 ( 48%)]  Loss: -10.04 (-9.37)  LR: 2.564e-03  Time cost: 1:41:03/1:49:02 [58:16:48/47:19:41]  Acc_iter 63650       Data time: 0.01(0.03)  Forward time: 2.77(3.24)  Batch time: 2.78(3.26)
2025-03-26 19:41:33,042   INFO  Train:   17/30 ( 57%) [1907/3862 ( 49%)]  Loss: -9.905 (-9.37)  LR: 2.562e-03  Time cost: 1:43:40/1:46:14 [58:19:26/47:14:27]  Acc_iter 63700       Data time: 0.00(0.03)  Forward time: 3.55(3.23)  Batch time: 3.56(3.26)
2025-03-26 19:42:53,646   INFO  Save latest model to /OpenPCDet/output/nuscenes_models/cbgs_voxel01_res3d_centerpoint_uncertainty/shifted_bounded_uncertainty/ckpt/latest_model
2025-03-26 19:44:07,334   INFO  Train:   17/30 ( 57%) [1957/3862 ( 51%)]  Loss: -9.045 (-9.37)  LR: 2.559e-03  Time cost: 1:46:15/1:43:22 [58:22:00/47:07:51]  Acc_iter 63750       Data time: 0.00(0.03)  Forward time: 3.54(3.23)  Batch time: 3.54(3.26)
2025-03-26 19:44:08,196   INFO  
2025-03-26 19:46:45,750   INFO  Train:   17/30 ( 57%) [2007/3862 ( 52%)]  Loss: -8.627 (-9.37)  LR: 2.557e-03  Time cost: 1:48:53/1:40:35 [58:24:38/47:03:15]  Acc_iter 63800       Data time: 0.00(0.03)  Forward time: 2.88(3.23)  Batch time: 2.88(3.25)
2025-03-26 19:47:52,906   INFO  Save latest model to /OpenPCDet/output/nuscenes_models/cbgs_voxel01_res3d_centerpoint_uncertainty/shifted_bounded_uncertainty/ckpt/latest_model
2025-03-26 19:49:19,434   INFO  Train:   17/30 ( 57%) [2057/3862 ( 53%)]  Loss: -9.373 (-9.38)  LR: 2.555e-03  Time cost: 1:51:27/1:37:45 [58:27:12/46:56:44]  Acc_iter 63850       Data time: 0.00(0.03)  Forward time: 3.32(3.22)  Batch time: 3.32(3.25)
2025-03-26 19:51:59,194   INFO  Train:   17/30 ( 57%) [2107/3862 ( 55%)]  Loss: -9.806 (-9.38)  LR: 2.552e-03  Time cost: 1:54:07/1:35:00 [58:29:52/46:52:55]  Acc_iter 63900       Data time: 0.01(0.03)  Forward time: 3.53(3.22)  Batch time: 3.53(3.25)
2025-03-26 19:52:00,450   INFO  
2025-03-26 19:52:53,843   INFO  Save latest model to /OpenPCDet/output/nuscenes_models/cbgs_voxel01_res3d_centerpoint_uncertainty/shifted_bounded_uncertainty/ckpt/latest_model
2025-03-26 19:54:41,476   INFO  Train:   17/30 ( 57%) [2157/3862 ( 56%)]  Loss: -9.270 (-9.38)  LR: 2.550e-03  Time cost: 1:56:49/1:32:17 [58:32:34/46:50:10]  Acc_iter 63950       Data time: 0.00(0.03)  Forward time: 3.06(3.22)  Batch time: 3.06(3.25)
2025-03-26 19:57:18,353   INFO  Train:   17/30 ( 57%) [2207/3862 ( 57%)]  Loss: -9.293 (-9.38)  LR: 2.547e-03  Time cost: 1:59:26/1:29:31 [58:35:11/46:45:18]  Acc_iter 64000       Data time: 0.00(0.03)  Forward time: 3.70(3.22)  Batch time: 3.70(3.25)
2025-03-26 19:57:54,215   INFO  Save latest model to /OpenPCDet/output/nuscenes_models/cbgs_voxel01_res3d_centerpoint_uncertainty/shifted_bounded_uncertainty/ckpt/latest_model
2025-03-26 20:00:04,213   INFO  Train:   17/30 ( 57%) [2257/3862 ( 58%)]  Loss: -9.963 (-9.38)  LR: 2.545e-03  Time cost: 2:02:12/1:26:51 [58:37:57/46:43:57]  Acc_iter 64050       Data time: 0.00(0.03)  Forward time: 3.06(3.22)  Batch time: 3.07(3.25)
2025-03-26 20:00:05,083   INFO  
2025-03-26 20:02:50,590   INFO  Train:   17/30 ( 57%) [2307/3862 ( 60%)]  Loss: -10.36 (-9.38)  LR: 2.542e-03  Time cost: 2:04:58/1:24:12 [58:40:43/46:42:45]  Acc_iter 64100       Data time: 0.00(0.03)  Forward time: 3.89(3.22)  Batch time: 3.90(3.25)
2025-03-26 20:02:54,149   INFO  Save latest model to /OpenPCDet/output/nuscenes_models/cbgs_voxel01_res3d_centerpoint_uncertainty/shifted_bounded_uncertainty/ckpt/latest_model
2025-03-26 20:05:35,066   INFO  Train:   17/30 ( 57%) [2357/3862 ( 61%)]  Loss: -9.520 (-9.38)  LR: 2.540e-03  Time cost: 2:07:42/1:21:30 [58:43:28/46:40:47]  Acc_iter 64150       Data time: 0.00(0.03)  Forward time: 3.12(3.22)  Batch time: 3.12(3.25)
2025-03-26 20:07:56,240   INFO  Save latest model to /OpenPCDet/output/nuscenes_models/cbgs_voxel01_res3d_centerpoint_uncertainty/shifted_bounded_uncertainty/ckpt/latest_model
2025-03-26 20:08:14,568   INFO  Train:   17/30 ( 57%) [2407/3862 ( 62%)]  Loss: -9.646 (-9.39)  LR: 2.538e-03  Time cost: 2:10:22/1:18:46 [58:46:07/46:37:01]  Acc_iter 64200       Data time: 0.00(0.03)  Forward time: 3.02(3.22)  Batch time: 3.02(3.25)
2025-03-26 20:08:15,853   INFO  
2025-03-26 20:11:06,408   INFO  Train:   17/30 ( 57%) [2457/3862 ( 64%)]  Loss: -8.582 (-9.39)  LR: 2.535e-03  Time cost: 2:13:14/1:16:09 [58:48:59/46:37:36]  Acc_iter 64250       Data time: 0.00(0.03)  Forward time: 3.74(3.23)  Batch time: 3.74(3.25)
2025-03-26 20:12:54,457   INFO  Save latest model to /OpenPCDet/output/nuscenes_models/cbgs_voxel01_res3d_centerpoint_uncertainty/shifted_bounded_uncertainty/ckpt/latest_model
2025-03-26 20:13:51,170   INFO  Train:   17/30 ( 57%) [2507/3862 ( 65%)]  Loss: -9.063 (-9.39)  LR: 2.533e-03  Time cost: 2:15:59/1:13:28 [58:51:44/46:35:38]  Acc_iter 64300       Data time: 0.01(0.03)  Forward time: 3.04(3.23)  Batch time: 3.05(3.25)
2025-03-26 20:16:30,466   INFO  Train:   17/30 ( 57%) [2557/3862 ( 66%)]  Loss: -10.40 (-9.39)  LR: 2.530e-03  Time cost: 2:18:38/1:10:43 [58:54:23/46:31:47]  Acc_iter 64350       Data time: 0.00(0.03)  Forward time: 2.98(3.23)  Batch time: 2.99(3.25)
2025-03-26 20:16:31,524   INFO  
2025-03-26 20:17:54,741   INFO  Save latest model to /OpenPCDet/output/nuscenes_models/cbgs_voxel01_res3d_centerpoint_uncertainty/shifted_bounded_uncertainty/ckpt/latest_model
2025-03-26 20:19:07,578   INFO  Train:   17/30 ( 57%) [2607/3862 ( 68%)]  Loss: -9.672 (-9.39)  LR: 2.528e-03  Time cost: 2:21:15/1:07:58 [58:57:00/46:27:16]  Acc_iter 64400       Data time: 0.00(0.03)  Forward time: 3.23(3.22)  Batch time: 3.23(3.25)
2025-03-26 20:21:45,133   INFO  Train:   17/30 ( 57%) [2657/3862 ( 69%)]  Loss: -9.641 (-9.39)  LR: 2.525e-03  Time cost: 2:23:52/1:05:13 [58:59:38/46:22:58]  Acc_iter 64450       Data time: 0.00(0.02)  Forward time: 3.28(3.22)  Batch time: 3.29(3.25)
2025-03-26 20:22:52,761   INFO  Save latest model to /OpenPCDet/output/nuscenes_models/cbgs_voxel01_res3d_centerpoint_uncertainty/shifted_bounded_uncertainty/ckpt/latest_model
2025-03-26 20:24:27,568   INFO  Train:   17/30 ( 57%) [2707/3862 ( 70%)]  Loss: -8.873 (-9.39)  LR: 2.523e-03  Time cost: 2:26:35/1:02:31 [59:02:20/46:20:17]  Acc_iter 64500       Data time: 0.00(0.02)  Forward time: 3.19(3.22)  Batch time: 3.20(3.25)
2025-03-26 20:24:28,775   INFO  
2025-03-26 20:27:11,479   INFO  Train:   17/30 ( 57%) [2757/3862 ( 71%)]  Loss: -9.552 (-9.39)  LR: 2.520e-03  Time cost: 2:29:19/59:49 [59:05:04/46:18:03]  Acc_iter 64550       Data time: 0.00(0.02)  Forward time: 3.78(3.22)  Batch time: 3.78(3.25)
2025-03-26 20:27:53,686   INFO  Save latest model to /OpenPCDet/output/nuscenes_models/cbgs_voxel01_res3d_centerpoint_uncertainty/shifted_bounded_uncertainty/ckpt/latest_model
2025-03-26 20:29:39,365   INFO  Train:   17/30 ( 57%) [2807/3862 ( 73%)]  Loss: -9.244 (-9.39)  LR: 2.518e-03  Time cost: 2:31:47/57:01 [59:07:32/46:10:55]  Acc_iter 64600       Data time: 0.01(0.02)  Forward time: 2.69(3.22)  Batch time: 2.70(3.24)
2025-03-26 20:32:21,682   INFO  Train:   17/30 ( 57%) [2857/3862 ( 74%)]  Loss: -9.750 (-9.26)  LR: 2.515e-03  Time cost: 2:34:29/54:19 [59:10:14/46:08:15]  Acc_iter 64650       Data time: 0.01(0.02)  Forward time: 4.19(3.22)  Batch time: 4.20(3.24)
2025-03-26 20:32:22,796   INFO  
2025-03-26 20:32:53,642   INFO  Save latest model to /OpenPCDet/output/nuscenes_models/cbgs_voxel01_res3d_centerpoint_uncertainty/shifted_bounded_uncertainty/ckpt/latest_model
2025-03-26 20:35:07,067   INFO  Train:   17/30 ( 57%) [2907/3862 ( 75%)]  Loss: -9.418 (-9.26)  LR: 2.513e-03  Time cost: 2:37:14/51:38 [59:13:00/46:06:30]  Acc_iter 64700       Data time: 0.01(0.02)  Forward time: 3.74(3.22)  Batch time: 3.74(3.24)
2025-03-26 20:37:53,546   INFO  Train:   17/30 ( 57%) [2957/3862 ( 77%)]  Loss: -9.631 (-9.26)  LR: 2.510e-03  Time cost: 2:40:01/48:57 [59:15:46/46:05:01]  Acc_iter 64750       Data time: 0.00(0.02)  Forward time: 2.84(3.22)  Batch time: 2.85(3.25)
2025-03-26 20:37:53,872   INFO  Save latest model to /OpenPCDet/output/nuscenes_models/cbgs_voxel01_res3d_centerpoint_uncertainty/shifted_bounded_uncertainty/ckpt/latest_model
2025-03-26 20:40:32,893   INFO  Train:   17/30 ( 57%) [3007/3862 ( 78%)]  Loss: -9.622 (-9.27)  LR: 2.508e-03  Time cost: 2:42:40/46:14 [59:18:26/46:01:29]  Acc_iter 64800       Data time: 0.00(0.02)  Forward time: 2.58(3.22)  Batch time: 2.59(3.24)
2025-03-26 20:40:34,078   INFO  
2025-03-26 20:42:53,103   INFO  Save latest model to /OpenPCDet/output/nuscenes_models/cbgs_voxel01_res3d_centerpoint_uncertainty/shifted_bounded_uncertainty/ckpt/latest_model
2025-03-26 20:43:09,842   INFO  Train:   17/30 ( 57%) [3057/3862 ( 79%)]  Loss: -9.048 (-9.27)  LR: 2.505e-03  Time cost: 2:45:17/43:30 [59:21:02/45:57:18]  Acc_iter 64850       Data time: 0.00(0.02)  Forward time: 4.33(3.22)  Batch time: 4.33(3.24)
2025-03-26 20:45:37,281   INFO  Train:   17/30 ( 57%) [3107/3862 ( 80%)]  Loss: -8.771 (-9.27)  LR: 2.503e-03  Time cost: 2:47:45/40:45 [59:23:30/45:50:35]  Acc_iter 64900       Data time: 0.01(0.02)  Forward time: 2.44(3.21)  Batch time: 2.45(3.24)
2025-03-26 20:47:53,257   INFO  Save latest model to /OpenPCDet/output/nuscenes_models/cbgs_voxel01_res3d_centerpoint_uncertainty/shifted_bounded_uncertainty/ckpt/latest_model
2025-03-26 20:48:12,807   INFO  Train:   17/30 ( 57%) [3157/3862 ( 82%)]  Loss: -9.365 (-9.28)  LR: 2.500e-03  Time cost: 2:50:20/38:01 [59:26:05/45:46:10]  Acc_iter 64950       Data time: 0.00(0.02)  Forward time: 3.64(3.21)  Batch time: 3.64(3.24)
2025-03-26 20:48:13,892   INFO  
2025-03-26 20:50:57,427   INFO  Train:   17/30 ( 57%) [3207/3862 ( 83%)]  Loss: -9.498 (-9.28)  LR: 2.498e-03  Time cost: 2:53:05/35:20 [59:28:50/45:44:12]  Acc_iter 65000       Data time: 0.01(0.02)  Forward time: 3.18(3.21)  Batch time: 3.18(3.24)
2025-03-26 20:52:55,310   INFO  Save latest model to /OpenPCDet/output/nuscenes_models/cbgs_voxel01_res3d_centerpoint_uncertainty/shifted_bounded_uncertainty/ckpt/latest_model
2025-03-26 20:53:44,834   INFO  Train:   17/30 ( 57%) [3257/3862 ( 84%)]  Loss: -8.886 (-9.29)  LR: 2.495e-03  Time cost: 2:55:52/32:39 [59:31:37/45:42:57]  Acc_iter 65050       Data time: 0.00(0.02)  Forward time: 3.57(3.22)  Batch time: 3.57(3.24)
2025-03-26 20:56:31,643   INFO  Train:   17/30 ( 57%) [3307/3862 ( 86%)]  Loss: -9.496 (-9.29)  LR: 2.493e-03  Time cost: 2:58:39/29:58 [59:34:24/45:41:29]  Acc_iter 65100       Data time: 0.00(0.02)  Forward time: 2.81(3.22)  Batch time: 2.81(3.24)
2025-03-26 20:56:32,826   INFO  
2025-03-26 20:57:53,314   INFO  Save latest model to /OpenPCDet/output/nuscenes_models/cbgs_voxel01_res3d_centerpoint_uncertainty/shifted_bounded_uncertainty/ckpt/latest_model
2025-03-26 20:59:16,761   INFO  Train:   17/30 ( 57%) [3357/3862 ( 87%)]  Loss: -9.567 (-9.29)  LR: 2.490e-03  Time cost: 3:01:24/27:16 [59:37:09/45:39:34]  Acc_iter 65150       Data time: 0.01(0.02)  Forward time: 3.01(3.22)  Batch time: 3.02(3.24)
2025-03-26 21:01:59,863   INFO  Train:   17/30 ( 57%) [3407/3862 ( 88%)]  Loss: -9.675 (-9.29)  LR: 2.488e-03  Time cost: 3:04:07/24:34 [59:39:52/45:37:07]  Acc_iter 65200       Data time: 0.01(0.02)  Forward time: 3.48(3.22)  Batch time: 3.49(3.24)
2025-03-26 21:02:54,467   INFO  Save latest model to /OpenPCDet/output/nuscenes_models/cbgs_voxel01_res3d_centerpoint_uncertainty/shifted_bounded_uncertainty/ckpt/latest_model
2025-03-26 21:04:40,159   INFO  Train:   17/30 ( 57%) [3457/3862 ( 90%)]  Loss: -9.423 (-9.30)  LR: 2.485e-03  Time cost: 3:06:48/21:52 [59:42:33/45:33:59]  Acc_iter 65250       Data time: 0.00(0.02)  Forward time: 2.79(3.22)  Batch time: 2.80(3.24)
2025-03-26 21:04:41,292   INFO  
2025-03-26 21:07:26,565   INFO  Train:   17/30 ( 57%) [3507/3862 ( 91%)]  Loss: -9.299 (-9.30)  LR: 2.482e-03  Time cost: 3:09:34/19:11 [59:45:19/45:32:20]  Acc_iter 65300       Data time: 0.00(0.02)  Forward time: 3.84(3.22)  Batch time: 3.85(3.24)
2025-03-26 21:07:54,555   INFO  Save latest model to /OpenPCDet/output/nuscenes_models/cbgs_voxel01_res3d_centerpoint_uncertainty/shifted_bounded_uncertainty/ckpt/latest_model
2025-03-26 21:10:07,639   INFO  Train:   17/30 ( 57%) [3557/3862 ( 92%)]  Loss: -9.899 (-9.31)  LR: 2.480e-03  Time cost: 3:12:15/16:28 [59:48:00/45:29:23]  Acc_iter 65350       Data time: 0.01(0.02)  Forward time: 5.23(3.22)  Batch time: 5.24(3.24)
2025-03-26 21:12:51,589   INFO  Train:   17/30 ( 57%) [3607/3862 ( 93%)]  Loss: -8.415 (-9.31)  LR: 2.477e-03  Time cost: 3:14:59/13:46 [59:50:44/45:27:06]  Acc_iter 65400       Data time: 0.00(0.02)  Forward time: 2.58(3.22)  Batch time: 2.58(3.24)
2025-03-26 21:12:52,821   INFO  
2025-03-26 21:12:53,132   INFO  Save latest model to /OpenPCDet/output/nuscenes_models/cbgs_voxel01_res3d_centerpoint_uncertainty/shifted_bounded_uncertainty/ckpt/latest_model
2025-03-26 21:15:44,361   INFO  Train:   17/30 ( 57%) [3657/3862 ( 95%)]  Loss: -8.836 (-9.31)  LR: 2.475e-03  Time cost: 3:17:52/11:05 [59:53:37/45:26:51]  Acc_iter 65450       Data time: 0.00(0.02)  Forward time: 3.43(3.22)  Batch time: 3.44(3.25)
2025-03-26 21:17:52,962   INFO  Save latest model to /OpenPCDet/output/nuscenes_models/cbgs_voxel01_res3d_centerpoint_uncertainty/shifted_bounded_uncertainty/ckpt/latest_model
2025-03-26 21:18:29,792   INFO  Train:   17/30 ( 57%) [3707/3862 ( 96%)]  Loss: -9.565 (-9.31)  LR: 2.472e-03  Time cost: 3:20:37/08:23 [59:56:22/45:24:51]  Acc_iter 65500       Data time: 0.00(0.02)  Forward time: 3.64(3.22)  Batch time: 3.64(3.25)
2025-03-26 21:21:13,793   INFO  Train:   17/30 ( 57%) [3757/3862 ( 97%)]  Loss: -8.634 (-9.32)  LR: 2.470e-03  Time cost: 3:23:21/05:40 [59:59:06/45:22:31]  Acc_iter 65550       Data time: 0.00(0.02)  Forward time: 3.63(3.22)  Batch time: 3.64(3.25)
2025-03-26 21:21:15,028   INFO  
2025-03-26 21:22:54,342   INFO  Save latest model to /OpenPCDet/output/nuscenes_models/cbgs_voxel01_res3d_centerpoint_uncertainty/shifted_bounded_uncertainty/ckpt/latest_model
2025-03-26 21:23:51,413   INFO  Train:   17/30 ( 57%) [3807/3862 ( 99%)]  Loss: -9.731 (-9.32)  LR: 2.467e-03  Time cost: 3:25:59/02:58 [60:01:44/45:18:47]  Acc_iter 65600       Data time: 0.00(0.02)  Forward time: 3.05(3.22)  Batch time: 3.06(3.25)
2025-03-26 21:26:30,229   INFO  Train:   17/30 ( 57%) [3857/3862 (100%)]  Loss: -9.579 (-9.32)  LR: 2.464e-03  Time cost: 3:28:38/00:16 [60:04:23/45:15:19]  Acc_iter 65650       Data time: 0.00(0.02)  Forward time: 2.53(3.22)  Batch time: 2.54(3.24)
2025-03-26 21:26:40,492   INFO  Train:   17/30 ( 57%) [3861/3862 (100%)]  Loss: -9.379 (-9.32)  LR: 2.464e-03  Time cost: 3:28:48/00:03 [60:04:33/45:14:31]  Acc_iter 65654       Data time: 0.01(0.02)  Forward time: 2.46(3.22)  Batch time: 2.47(3.24)
2025-03-26 21:27:05,460   INFO  Train:   18/30 ( 60%) [   0/3862 (  0%)]  Loss: -8.966 (-8.97)  LR: 2.464e-03  Time cost: 00:21/23:08:11 [60:04:58/300:46:26]  Acc_iter 65655       Data time: 18.57(18.57)  Forward time: 3.00(3.00)  Batch time: 21.57(21.57)
2025-03-26 21:29:39,088   INFO  Train:   18/30 ( 60%) [  45/3862 (  1%)]  Loss: -9.946 (-9.58)  LR: 2.462e-03  Time cost: 02:55/4:02:17 [60:07:32/53:04:02]  Acc_iter 65700       Data time: 0.00(0.41)  Forward time: 4.65(3.40)  Batch time: 4.65(3.81)
2025-03-26 21:29:40,198   INFO  
2025-03-26 21:31:45,168   INFO  Save latest model to /OpenPCDet/output/nuscenes_models/cbgs_voxel01_res3d_centerpoint_uncertainty/shifted_bounded_uncertainty/ckpt/latest_model
2025-03-26 21:32:33,858   INFO  Train:   18/30 ( 60%) [  95/3862 (  2%)]  Loss: -9.278 (-9.57)  LR: 2.459e-03  Time cost: 05:49/3:48:52 [60:10:26/50:44:38]  Acc_iter 65750       Data time: 0.00(0.21)  Forward time: 3.46(3.43)  Batch time: 3.46(3.65)
2025-03-26 21:35:17,270   INFO  Train:   18/30 ( 60%) [ 145/3862 (  4%)]  Loss: -9.193 (-9.54)  LR: 2.457e-03  Time cost: 08:33/3:37:50 [60:13:10/48:53:48]  Acc_iter 65800       Data time: 0.00(0.14)  Forward time: 2.41(3.37)  Batch time: 2.42(3.52)
2025-03-26 21:36:46,454   INFO  Save latest model to /OpenPCDet/output/nuscenes_models/cbgs_voxel01_res3d_centerpoint_uncertainty/shifted_bounded_uncertainty/ckpt/latest_model
2025-03-26 21:37:51,315   INFO  Train:   18/30 ( 60%) [ 195/3862 (  5%)]  Loss: -9.629 (-9.53)  LR: 2.454e-03  Time cost: 11:07/3:28:06 [60:15:44/47:18:18]  Acc_iter 65850       Data time: 0.00(0.11)  Forward time: 3.18(3.30)  Batch time: 3.19(3.41)
2025-03-26 21:37:52,705   INFO  
2025-03-26 21:40:38,366   INFO  Train:   18/30 ( 60%) [ 245/3862 (  6%)]  Loss: -9.691 (-9.51)  LR: 2.451e-03  Time cost: 13:54/3:24:29 [60:18:31/47:04:36]  Acc_iter 65900       Data time: 0.00(0.09)  Forward time: 3.42(3.30)  Batch time: 3.42(3.39)
2025-03-26 21:41:46,456   INFO  Save latest model to /OpenPCDet/output/nuscenes_models/cbgs_voxel01_res3d_centerpoint_uncertainty/shifted_bounded_uncertainty/ckpt/latest_model
2025-03-26 21:43:19,009   INFO  Train:   18/30 ( 60%) [ 295/3862 (  8%)]  Loss: -9.542 (-9.53)  LR: 2.449e-03  Time cost: 16:35/3:19:51 [60:21:12/46:36:34]  Acc_iter 65950       Data time: 0.01(0.08)  Forward time: 3.75(3.28)  Batch time: 3.76(3.36)
2025-03-26 21:45:59,727   INFO  Train:   18/30 ( 60%) [ 345/3862 (  9%)]  Loss: -10.36 (-9.50)  LR: 2.446e-03  Time cost: 19:15/3:15:48 [60:23:52/46:16:03]  Acc_iter 66000       Data time: 0.00(0.07)  Forward time: 2.36(3.27)  Batch time: 2.36(3.34)
2025-03-26 21:46:00,856   INFO  
2025-03-26 21:46:46,307   INFO  Save latest model to /OpenPCDet/output/nuscenes_models/cbgs_voxel01_res3d_centerpoint_uncertainty/shifted_bounded_uncertainty/ckpt/latest_model
2025-03-26 21:48:35,671   INFO  Train:   18/30 ( 60%) [ 395/3862 ( 10%)]  Loss: -9.272 (-9.51)  LR: 2.444e-03  Time cost: 21:51/3:11:24 [60:26:28/45:50:02]  Acc_iter 66050       Data time: 0.00(0.07)  Forward time: 2.87(3.25)  Batch time: 2.88(3.31)
2025-03-26 21:51:15,536   INFO  Train:   18/30 ( 60%) [ 445/3862 ( 12%)]  Loss: -9.798 (-9.52)  LR: 2.441e-03  Time cost: 24:31/3:07:54 [60:29:08/45:36:33]  Acc_iter 66100       Data time: 0.00(0.06)  Forward time: 3.06(3.24)  Batch time: 3.06(3.30)
2025-03-26 21:51:46,949   INFO  Save latest model to /OpenPCDet/output/nuscenes_models/cbgs_voxel01_res3d_centerpoint_uncertainty/shifted_bounded_uncertainty/ckpt/latest_model
2025-03-26 21:53:58,369   INFO  Train:   18/30 ( 60%) [ 495/3862 ( 13%)]  Loss: -9.701 (-9.53)  LR: 2.438e-03  Time cost: 27:14/3:04:55 [60:31:51/45:30:13]  Acc_iter 66150       Data time: 0.01(0.05)  Forward time: 3.22(3.24)  Batch time: 3.23(3.30)
2025-03-26 21:53:59,554   INFO  
2025-03-26 21:56:34,364   INFO  Train:   18/30 ( 60%) [ 545/3862 ( 14%)]  Loss: -9.979 (-9.53)  LR: 2.436e-03  Time cost: 29:50/3:01:17 [60:34:27/45:14:10]  Acc_iter 66200       Data time: 0.00(0.05)  Forward time: 3.09(3.23)  Batch time: 3.09(3.28)
2025-03-26 21:56:44,489   INFO  Save latest model to /OpenPCDet/output/nuscenes_models/cbgs_voxel01_res3d_centerpoint_uncertainty/shifted_bounded_uncertainty/ckpt/latest_model
2025-03-26 21:59:17,259   INFO  Train:   18/30 ( 60%) [ 595/3862 ( 15%)]  Loss: -8.953 (-9.54)  LR: 2.433e-03  Time cost: 32:33/2:58:27 [60:37:10/45:09:58]  Acc_iter 66250       Data time: 0.00(0.05)  Forward time: 3.69(3.23)  Batch time: 3.70(3.28)
2025-03-26 22:01:48,049   INFO  Save latest model to /OpenPCDet/output/nuscenes_models/cbgs_voxel01_res3d_centerpoint_uncertainty/shifted_bounded_uncertainty/ckpt/latest_model
2025-03-26 22:02:01,324   INFO  Train:   18/30 ( 60%) [ 645/3862 ( 17%)]  Loss: -9.243 (-9.54)  LR: 2.430e-03  Time cost: 35:17/2:55:44 [60:39:54/45:07:28]  Acc_iter 66300       Data time: 0.00(0.05)  Forward time: 3.07(3.23)  Batch time: 3.07(3.28)
2025-03-26 22:02:02,431   INFO  
2025-03-26 22:04:40,878   INFO  Train:   18/30 ( 60%) [ 695/3862 ( 18%)]  Loss: -10.33 (-9.51)  LR: 2.428e-03  Time cost: 37:56/2:52:40 [60:42:34/44:59:36]  Acc_iter 66350       Data time: 0.00(0.05)  Forward time: 3.27(3.23)  Batch time: 3.27(3.27)
2025-03-26 22:06:45,016   INFO  Save latest model to /OpenPCDet/output/nuscenes_models/cbgs_voxel01_res3d_centerpoint_uncertainty/shifted_bounded_uncertainty/ckpt/latest_model
2025-03-26 22:07:19,009   INFO  Train:   18/30 ( 60%) [ 745/3862 ( 19%)]  Loss: -9.295 (-9.51)  LR: 2.425e-03  Time cost: 40:35/2:49:34 [60:45:12/44:50:52]  Acc_iter 66400       Data time: 0.00(0.04)  Forward time: 2.48(3.22)  Batch time: 2.48(3.26)
2025-03-26 22:10:02,631   INFO  Train:   18/30 ( 60%) [ 795/3862 ( 21%)]  Loss: -10.32 (-9.52)  LR: 2.422e-03  Time cost: 43:18/2:46:52 [60:47:55/44:48:34]  Acc_iter 66450       Data time: 0.00(0.04)  Forward time: 3.64(3.22)  Batch time: 3.64(3.26)
2025-03-26 22:10:03,694   INFO  
2025-03-26 22:11:44,693   INFO  Save latest model to /OpenPCDet/output/nuscenes_models/cbgs_voxel01_res3d_centerpoint_uncertainty/shifted_bounded_uncertainty/ckpt/latest_model
2025-03-26 22:12:51,130   INFO  Train:   18/30 ( 60%) [ 845/3862 ( 22%)]  Loss: -9.882 (-9.53)  LR: 2.420e-03  Time cost: 46:07/2:44:28 [60:50:44/44:50:58]  Acc_iter 66500       Data time: 0.00(0.04)  Forward time: 3.41(3.23)  Batch time: 3.41(3.27)
2025-03-26 22:15:35,531   INFO  Train:   18/30 ( 60%) [ 895/3862 ( 23%)]  Loss: -9.715 (-9.53)  LR: 2.417e-03  Time cost: 48:51/2:41:47 [60:53:28/44:49:01]  Acc_iter 66550       Data time: 0.00(0.04)  Forward time: 3.08(3.23)  Batch time: 3.09(3.27)
2025-03-26 22:16:45,389   INFO  Save latest model to /OpenPCDet/output/nuscenes_models/cbgs_voxel01_res3d_centerpoint_uncertainty/shifted_bounded_uncertainty/ckpt/latest_model
2025-03-26 22:18:21,772   INFO  Train:   18/30 ( 60%) [ 945/3862 ( 24%)]  Loss: -9.719 (-9.53)  LR: 2.414e-03  Time cost: 51:37/2:39:12 [60:56:14/44:48:35]  Acc_iter 66600       Data time: 0.00(0.04)  Forward time: 3.02(3.24)  Batch time: 3.02(3.27)
2025-03-26 22:18:22,802   INFO  
2025-03-26 22:21:13,035   INFO  Train:   18/30 ( 60%) [ 995/3862 ( 26%)]  Loss: -9.482 (-9.53)  LR: 2.412e-03  Time cost: 54:29/2:36:50 [60:59:06/44:52:03]  Acc_iter 66650       Data time: 0.00(0.04)  Forward time: 3.18(3.25)  Batch time: 3.18(3.28)
2025-03-26 22:21:47,583   INFO  Save latest model to /OpenPCDet/output/nuscenes_models/cbgs_voxel01_res3d_centerpoint_uncertainty/shifted_bounded_uncertainty/ckpt/latest_model
2025-03-26 22:23:58,934   INFO  Train:   18/30 ( 60%) [1045/3862 ( 27%)]  Loss: -9.720 (-9.54)  LR: 2.409e-03  Time cost: 57:15/2:34:10 [61:01:52/44:50:43]  Acc_iter 66700       Data time: 0.00(0.04)  Forward time: 2.90(3.25)  Batch time: 2.91(3.28)
2025-03-26 22:26:31,805   INFO  Train:   18/30 ( 60%) [1095/3862 ( 28%)]  Loss: -8.993 (-9.54)  LR: 2.406e-03  Time cost: 59:47/2:30:58 [61:04:24/44:39:31]  Acc_iter 66750       Data time: 0.00(0.03)  Forward time: 3.91(3.24)  Batch time: 3.92(3.27)
2025-03-26 22:26:32,932   INFO  
2025-03-26 22:26:46,296   INFO  Save latest model to /OpenPCDet/output/nuscenes_models/cbgs_voxel01_res3d_centerpoint_uncertainty/shifted_bounded_uncertainty/ckpt/latest_model
2025-03-26 22:29:17,564   INFO  Train:   18/30 ( 60%) [1145/3862 ( 30%)]  Loss: -9.269 (-9.54)  LR: 2.403e-03  Time cost: 1:02:33/2:28:19 [61:07:10/44:38:17]  Acc_iter 66800       Data time: 0.01(0.03)  Forward time: 3.52(3.24)  Batch time: 3.53(3.28)
2025-03-26 22:31:45,168   INFO  Save latest model to /OpenPCDet/output/nuscenes_models/cbgs_voxel01_res3d_centerpoint_uncertainty/shifted_bounded_uncertainty/ckpt/latest_model
2025-03-26 22:32:04,118   INFO  Train:   18/30 ( 60%) [1195/3862 ( 31%)]  Loss: -10.11 (-9.54)  LR: 2.401e-03  Time cost: 1:05:20/2:25:41 [61:09:57/44:37:27]  Acc_iter 66850       Data time: 0.00(0.03)  Forward time: 2.75(3.24)  Batch time: 2.75(3.28)
2025-03-26 22:34:45,120   INFO  Train:   18/30 ( 60%) [1245/3862 ( 32%)]  Loss: -9.712 (-9.54)  LR: 2.398e-03  Time cost: 1:08:01/2:22:51 [61:12:38/44:32:49]  Acc_iter 66900       Data time: 0.00(0.03)  Forward time: 3.15(3.24)  Batch time: 3.16(3.28)
2025-03-26 22:34:46,253   INFO  
2025-03-26 22:36:44,803   INFO  Save latest model to /OpenPCDet/output/nuscenes_models/cbgs_voxel01_res3d_centerpoint_uncertainty/shifted_bounded_uncertainty/ckpt/latest_model
2025-03-26 22:37:27,719   INFO  Train:   18/30 ( 60%) [1295/3862 ( 34%)]  Loss: -10.37 (-9.55)  LR: 2.395e-03  Time cost: 1:10:43/2:20:05 [61:15:20/44:29:21]  Acc_iter 66950       Data time: 0.00(0.03)  Forward time: 3.18(3.24)  Batch time: 3.19(3.27)
2025-03-26 22:40:15,045   INFO  Train:   18/30 ( 60%) [1345/3862 ( 35%)]  Loss: -9.574 (-9.54)  LR: 2.393e-03  Time cost: 1:13:31/2:17:28 [61:18:08/44:28:48]  Acc_iter 67000       Data time: 0.00(0.03)  Forward time: 3.65(3.25)  Batch time: 3.65(3.28)
2025-03-26 22:41:45,290   INFO  Save latest model to /OpenPCDet/output/nuscenes_models/cbgs_voxel01_res3d_centerpoint_uncertainty/shifted_bounded_uncertainty/ckpt/latest_model
2025-03-26 22:42:55,564   INFO  Train:   18/30 ( 60%) [1395/3862 ( 36%)]  Loss: -9.207 (-9.54)  LR: 2.390e-03  Time cost: 1:16:11/2:14:39 [61:20:48/44:24:08]  Acc_iter 67050       Data time: 0.00(0.03)  Forward time: 3.49(3.24)  Batch time: 3.50(3.27)
2025-03-26 22:42:56,606   INFO  
2025-03-26 22:45:40,208   INFO  Train:   18/30 ( 60%) [1445/3862 ( 37%)]  Loss: -9.977 (-9.54)  LR: 2.387e-03  Time cost: 1:18:56/2:11:56 [61:23:33/44:21:54]  Acc_iter 67100       Data time: 0.00(0.03)  Forward time: 2.93(3.25)  Batch time: 2.93(3.28)
2025-03-26 22:46:44,627   INFO  Save latest model to /OpenPCDet/output/nuscenes_models/cbgs_voxel01_res3d_centerpoint_uncertainty/shifted_bounded_uncertainty/ckpt/latest_model
2025-03-26 22:48:19,443   INFO  Train:   18/30 ( 60%) [1495/3862 ( 39%)]  Loss: -9.696 (-9.54)  LR: 2.384e-03  Time cost: 1:21:35/2:09:05 [61:26:12/44:16:43]  Acc_iter 67150       Data time: 0.00(0.03)  Forward time: 2.65(3.24)  Batch time: 2.66(3.27)
2025-03-26 22:51:00,538   INFO  Train:   18/30 ( 60%) [1545/3862 ( 40%)]  Loss: -9.360 (-9.55)  LR: 2.382e-03  Time cost: 1:24:16/2:06:18 [61:28:53/44:12:40]  Acc_iter 67200       Data time: 0.00(0.03)  Forward time: 3.42(3.24)  Batch time: 3.42(3.27)
2025-03-26 22:51:01,717   INFO  
2025-03-26 22:51:44,405   INFO  Save latest model to /OpenPCDet/output/nuscenes_models/cbgs_voxel01_res3d_centerpoint_uncertainty/shifted_bounded_uncertainty/ckpt/latest_model
2025-03-26 22:53:50,839   INFO  Train:   18/30 ( 60%) [1595/3862 ( 41%)]  Loss: -10.12 (-9.26)  LR: 2.379e-03  Time cost: 1:27:06/2:03:44 [61:31:43/44:13:22]  Acc_iter 67250       Data time: 0.00(0.03)  Forward time: 3.72(3.25)  Batch time: 3.73(3.28)
2025-03-26 22:56:40,412   INFO  Train:   18/30 ( 60%) [1645/3862 ( 43%)]  Loss: -9.650 (-9.27)  LR: 2.376e-03  Time cost: 1:29:56/2:01:08 [61:34:33/44:13:30]  Acc_iter 67300       Data time: 0.00(0.03)  Forward time: 3.38(3.25)  Batch time: 3.39(3.28)
2025-03-26 22:56:46,865   INFO  Save latest model to /OpenPCDet/output/nuscenes_models/cbgs_voxel01_res3d_centerpoint_uncertainty/shifted_bounded_uncertainty/ckpt/latest_model
2025-03-26 22:59:16,681   INFO  Train:   18/30 ( 60%) [1695/3862 ( 44%)]  Loss: -9.476 (-9.28)  LR: 2.373e-03  Time cost: 1:32:32/1:58:14 [61:37:09/44:07:07]  Acc_iter 67350       Data time: 0.00(0.03)  Forward time: 4.48(3.25)  Batch time: 4.48(3.27)
2025-03-26 22:59:17,893   INFO  
2025-03-26 23:01:46,293   INFO  Save latest model to /OpenPCDet/output/nuscenes_models/cbgs_voxel01_res3d_centerpoint_uncertainty/shifted_bounded_uncertainty/ckpt/latest_model
2025-03-26 23:01:49,137   INFO  Train:   18/30 ( 60%) [1745/3862 ( 45%)]  Loss: -9.511 (-9.29)  LR: 2.371e-03  Time cost: 1:35:05/1:55:17 [61:39:42/43:59:11]  Acc_iter 67400       Data time: 0.32(0.03)  Forward time: 2.84(3.24)  Batch time: 3.17(3.27)
2025-03-26 23:04:18,956   INFO  Train:   18/30 ( 60%) [1795/3862 ( 46%)]  Loss: -9.436 (-9.30)  LR: 2.368e-03  Time cost: 1:37:35/1:52:18 [61:42:12/43:50:22]  Acc_iter 67450       Data time: 0.00(0.03)  Forward time: 2.40(3.23)  Batch time: 2.40(3.26)
2025-03-26 23:06:46,527   INFO  Save latest model to /OpenPCDet/output/nuscenes_models/cbgs_voxel01_res3d_centerpoint_uncertainty/shifted_bounded_uncertainty/ckpt/latest_model
2025-03-26 23:06:55,917   INFO  Train:   18/30 ( 60%) [1845/3862 ( 48%)]  Loss: -9.808 (-9.31)  LR: 2.365e-03  Time cost: 1:40:12/1:49:28 [61:44:49/43:45:01]  Acc_iter 67500       Data time: 0.02(0.03)  Forward time: 3.25(3.23)  Batch time: 3.27(3.26)
2025-03-26 23:06:56,912   INFO  
2025-03-26 23:09:34,129   INFO  Train:   18/30 ( 60%) [1895/3862 ( 49%)]  Loss: -9.755 (-9.32)  LR: 2.362e-03  Time cost: 1:42:50/1:46:41 [61:47:27/43:40:20]  Acc_iter 67550       Data time: 0.00(0.03)  Forward time: 3.13(3.23)  Batch time: 3.13(3.25)
2025-03-26 23:11:45,567   INFO  Save latest model to /OpenPCDet/output/nuscenes_models/cbgs_voxel01_res3d_centerpoint_uncertainty/shifted_bounded_uncertainty/ckpt/latest_model
2025-03-26 23:12:17,111   INFO  Train:   18/30 ( 60%) [1945/3862 ( 50%)]  Loss: -10.25 (-9.33)  LR: 2.360e-03  Time cost: 1:45:33/1:43:58 [61:50:10/43:37:44]  Acc_iter 67600       Data time: 0.00(0.03)  Forward time: 2.78(3.23)  Batch time: 2.78(3.25)
2025-03-26 23:15:01,112   INFO  Train:   18/30 ( 60%) [1995/3862 ( 52%)]  Loss: -9.880 (-9.34)  LR: 2.357e-03  Time cost: 1:48:17/1:41:17 [61:52:54/43:35:32]  Acc_iter 67650       Data time: 0.00(0.03)  Forward time: 3.10(3.23)  Batch time: 3.11(3.26)
2025-03-26 23:15:02,317   INFO  
2025-03-26 23:16:45,479   INFO  Save latest model to /OpenPCDet/output/nuscenes_models/cbgs_voxel01_res3d_centerpoint_uncertainty/shifted_bounded_uncertainty/ckpt/latest_model
2025-03-26 23:17:45,099   INFO  Train:   18/30 ( 60%) [2045/3862 ( 53%)]  Loss: -9.866 (-9.35)  LR: 2.354e-03  Time cost: 1:51:01/1:38:35 [61:55:38/43:33:18]  Acc_iter 67700       Data time: 0.00(0.03)  Forward time: 3.51(3.23)  Batch time: 3.51(3.26)
2025-03-26 23:20:18,018   INFO  Train:   18/30 ( 60%) [2095/3862 ( 54%)]  Loss: -9.539 (-9.35)  LR: 2.351e-03  Time cost: 1:53:34/1:35:44 [61:58:11/43:26:49]  Acc_iter 67750       Data time: 0.01(0.03)  Forward time: 2.91(3.23)  Batch time: 2.92(3.25)
2025-03-26 23:21:47,463   INFO  Save latest model to /OpenPCDet/output/nuscenes_models/cbgs_voxel01_res3d_centerpoint_uncertainty/shifted_bounded_uncertainty/ckpt/latest_model
2025-03-26 23:22:57,635   INFO  Train:   18/30 ( 60%) [2145/3862 ( 56%)]  Loss: -8.795 (-9.36)  LR: 2.348e-03  Time cost: 1:56:13/1:32:59 [62:00:50/43:23:01]  Acc_iter 67800       Data time: 0.00(0.03)  Forward time: 2.72(3.22)  Batch time: 2.72(3.25)
2025-03-26 23:22:58,902   INFO  
2025-03-26 23:25:46,915   INFO  Train:   18/30 ( 60%) [2195/3862 ( 57%)]  Loss: -9.354 (-9.36)  LR: 2.346e-03  Time cost: 1:59:03/1:30:22 [62:03:40/43:22:47]  Acc_iter 67850       Data time: 0.00(0.03)  Forward time: 3.07(3.23)  Batch time: 3.08(3.25)
2025-03-26 23:26:44,834   INFO  Save latest model to /OpenPCDet/output/nuscenes_models/cbgs_voxel01_res3d_centerpoint_uncertainty/shifted_bounded_uncertainty/ckpt/latest_model
2025-03-26 23:28:23,443   INFO  Train:   18/30 ( 60%) [2245/3862 ( 58%)]  Loss: -9.506 (-9.37)  LR: 2.343e-03  Time cost: 2:01:39/1:27:35 [62:06:16/43:17:54]  Acc_iter 67900       Data time: 0.00(0.03)  Forward time: 2.58(3.22)  Batch time: 2.58(3.25)
2025-03-26 23:31:02,872   INFO  Train:   18/30 ( 60%) [2295/3862 ( 59%)]  Loss: -10.05 (-9.35)  LR: 2.340e-03  Time cost: 2:04:18/1:24:50 [62:08:55/43:14:07]  Acc_iter 67950       Data time: 0.00(0.03)  Forward time: 3.79(3.22)  Batch time: 3.79(3.25)
2025-03-26 23:31:03,985   INFO  
2025-03-26 23:31:46,111   INFO  Save latest model to /OpenPCDet/output/nuscenes_models/cbgs_voxel01_res3d_centerpoint_uncertainty/shifted_bounded_uncertainty/ckpt/latest_model
2025-03-26 23:33:41,798   INFO  Train:   18/30 ( 60%) [2345/3862 ( 61%)]  Loss: -9.788 (-9.36)  LR: 2.337e-03  Time cost: 2:06:57/1:22:05 [62:11:34/43:10:13]  Acc_iter 68000       Data time: 0.01(0.03)  Forward time: 3.21(3.22)  Batch time: 3.22(3.25)
2025-03-26 23:36:21,164   INFO  Train:   18/30 ( 60%) [2395/3862 ( 62%)]  Loss: -9.091 (-9.36)  LR: 2.334e-03  Time cost: 2:09:37/1:19:21 [62:14:14/43:06:31]  Acc_iter 68050       Data time: 0.04(0.03)  Forward time: 3.21(3.22)  Batch time: 3.25(3.25)
2025-03-26 23:36:44,755   INFO  Save latest model to /OpenPCDet/output/nuscenes_models/cbgs_voxel01_res3d_centerpoint_uncertainty/shifted_bounded_uncertainty/ckpt/latest_model
2025-03-26 23:39:07,379   INFO  Train:   18/30 ( 60%) [2445/3862 ( 63%)]  Loss: -10.02 (-9.37)  LR: 2.332e-03  Time cost: 2:12:23/1:16:41 [62:17:00/43:05:05]  Acc_iter 68100       Data time: 0.00(0.02)  Forward time: 3.42(3.22)  Batch time: 3.43(3.25)
2025-03-26 23:39:08,475   INFO  
2025-03-26 23:41:47,046   INFO  Save latest model to /OpenPCDet/output/nuscenes_models/cbgs_voxel01_res3d_centerpoint_uncertainty/shifted_bounded_uncertainty/ckpt/latest_model
2025-03-26 23:41:50,201   INFO  Train:   18/30 ( 60%) [2495/3862 ( 65%)]  Loss: -10.00 (-9.38)  LR: 2.329e-03  Time cost: 2:15:06/1:13:59 [62:19:43/43:02:31]  Acc_iter 68150       Data time: 0.37(0.03)  Forward time: 3.15(3.22)  Batch time: 3.52(3.25)
2025-03-26 23:44:25,066   INFO  Train:   18/30 ( 60%) [2545/3862 ( 66%)]  Loss: -9.578 (-9.38)  LR: 2.326e-03  Time cost: 2:17:41/1:11:13 [62:22:18/42:57:28]  Acc_iter 68200       Data time: 0.00(0.02)  Forward time: 3.18(3.22)  Batch time: 3.19(3.24)
2025-03-26 23:46:44,459   INFO  Save latest model to /OpenPCDet/output/nuscenes_models/cbgs_voxel01_res3d_centerpoint_uncertainty/shifted_bounded_uncertainty/ckpt/latest_model
2025-03-26 23:47:07,777   INFO  Train:   18/30 ( 60%) [2595/3862 ( 67%)]  Loss: -9.645 (-9.39)  LR: 2.323e-03  Time cost: 2:20:23/1:08:31 [62:25:00/42:54:55]  Acc_iter 68250       Data time: 0.00(0.02)  Forward time: 3.10(3.22)  Batch time: 3.10(3.24)
2025-03-26 23:47:09,276   INFO  
2025-03-26 23:49:42,717   INFO  Train:   18/30 ( 60%) [2645/3862 ( 68%)]  Loss: -9.582 (-9.40)  LR: 2.320e-03  Time cost: 2:22:58/1:05:45 [62:27:35/42:50:01]  Acc_iter 68300       Data time: 0.00(0.02)  Forward time: 2.61(3.22)  Batch time: 2.62(3.24)
2025-03-26 23:51:45,661   INFO  Save latest model to /OpenPCDet/output/nuscenes_models/cbgs_voxel01_res3d_centerpoint_uncertainty/shifted_bounded_uncertainty/ckpt/latest_model
2025-03-26 23:52:13,430   INFO  Train:   18/30 ( 60%) [2695/3862 ( 70%)]  Loss: -10.16 (-9.40)  LR: 2.317e-03  Time cost: 2:25:29/1:02:58 [62:30:06/42:43:58]  Acc_iter 68350       Data time: 0.01(0.02)  Forward time: 3.05(3.21)  Batch time: 3.05(3.24)
2025-03-26 23:54:47,258   INFO  Train:   18/30 ( 60%) [2745/3862 ( 71%)]  Loss: -9.535 (-9.40)  LR: 2.315e-03  Time cost: 2:28:03/1:00:13 [62:32:40/42:38:57]  Acc_iter 68400       Data time: 0.00(0.02)  Forward time: 2.56(3.21)  Batch time: 2.56(3.24)
2025-03-26 23:54:48,306   INFO  
2025-03-26 23:56:45,332   INFO  Save latest model to /OpenPCDet/output/nuscenes_models/cbgs_voxel01_res3d_centerpoint_uncertainty/shifted_bounded_uncertainty/ckpt/latest_model
2025-03-26 23:57:31,174   INFO  Train:   18/30 ( 60%) [2795/3862 ( 72%)]  Loss: -8.803 (-9.41)  LR: 2.312e-03  Time cost: 2:30:47/57:32 [62:35:24/42:36:52]  Acc_iter 68450       Data time: 0.02(0.02)  Forward time: 2.88(3.21)  Batch time: 2.91(3.24)
2025-03-27 00:00:15,748   INFO  Train:   18/30 ( 60%) [2845/3862 ( 74%)]  Loss: -10.08 (-9.42)  LR: 2.309e-03  Time cost: 2:33:31/54:51 [62:38:08/42:34:56]  Acc_iter 68500       Data time: 0.00(0.02)  Forward time: 3.62(3.21)  Batch time: 3.63(3.24)
2025-03-27 00:01:44,467   INFO  Save latest model to /OpenPCDet/output/nuscenes_models/cbgs_voxel01_res3d_centerpoint_uncertainty/shifted_bounded_uncertainty/ckpt/latest_model
2025-03-27 00:03:05,821   INFO  Train:   18/30 ( 60%) [2895/3862 ( 75%)]  Loss: -10.09 (-9.42)  LR: 2.306e-03  Time cost: 2:36:21/52:12 [62:40:58/42:34:29]  Acc_iter 68550       Data time: 0.01(0.02)  Forward time: 2.73(3.22)  Batch time: 2.74(3.24)
2025-03-27 00:03:07,045   INFO  
2025-03-27 00:05:49,814   INFO  Train:   18/30 ( 60%) [2945/3862 ( 76%)]  Loss: -9.278 (-9.42)  LR: 2.303e-03  Time cost: 2:39:05/49:31 [62:43:42/42:32:19]  Acc_iter 68600       Data time: 0.01(0.02)  Forward time: 3.35(3.22)  Batch time: 3.35(3.24)
2025-03-27 00:06:44,851   INFO  Save latest model to /OpenPCDet/output/nuscenes_models/cbgs_voxel01_res3d_centerpoint_uncertainty/shifted_bounded_uncertainty/ckpt/latest_model
2025-03-27 00:08:32,664   INFO  Train:   18/30 ( 60%) [2995/3862 ( 78%)]  Loss: -9.087 (-9.42)  LR: 2.300e-03  Time cost: 2:41:48/46:49 [62:46:25/42:29:50]  Acc_iter 68650       Data time: 0.00(0.02)  Forward time: 3.05(3.22)  Batch time: 3.05(3.24)
2025-03-27 00:11:07,959   INFO  Train:   18/30 ( 60%) [3045/3862 ( 79%)]  Loss: -9.576 (-9.43)  LR: 2.297e-03  Time cost: 2:44:24/44:05 [62:49:01/42:25:24]  Acc_iter 68700       Data time: 0.01(0.02)  Forward time: 3.58(3.21)  Batch time: 3.59(3.24)
2025-03-27 00:11:08,991   INFO  
2025-03-27 00:11:47,843   INFO  Save latest model to /OpenPCDet/output/nuscenes_models/cbgs_voxel01_res3d_centerpoint_uncertainty/shifted_bounded_uncertainty/ckpt/latest_model
2025-03-27 00:13:55,262   INFO  Train:   18/30 ( 60%) [3095/3862 ( 80%)]  Loss: -9.654 (-9.43)  LR: 2.295e-03  Time cost: 2:47:11/41:25 [62:51:48/42:24:04]  Acc_iter 68750       Data time: 0.00(0.02)  Forward time: 3.35(3.22)  Batch time: 3.35(3.24)
2025-03-27 00:16:44,587   INFO  Train:   18/30 ( 60%) [3145/3862 ( 81%)]  Loss: -9.476 (-9.43)  LR: 2.292e-03  Time cost: 2:50:00/38:44 [62:54:37/42:23:12]  Acc_iter 68800       Data time: 0.00(0.02)  Forward time: 3.31(3.22)  Batch time: 3.31(3.24)
2025-03-27 00:16:44,905   INFO  Save latest model to /OpenPCDet/output/nuscenes_models/cbgs_voxel01_res3d_centerpoint_uncertainty/shifted_bounded_uncertainty/ckpt/latest_model
2025-03-27 00:19:29,246   INFO  Train:   18/30 ( 60%) [3195/3862 ( 83%)]  Loss: -10.54 (-9.43)  LR: 2.289e-03  Time cost: 2:52:45/36:03 [62:57:22/42:21:07]  Acc_iter 68850       Data time: 0.01(0.02)  Forward time: 3.66(3.22)  Batch time: 3.67(3.24)
2025-03-27 00:19:30,429   INFO  
2025-03-27 00:21:46,685   INFO  Save latest model to /OpenPCDet/output/nuscenes_models/cbgs_voxel01_res3d_centerpoint_uncertainty/shifted_bounded_uncertainty/ckpt/latest_model
2025-03-27 00:22:16,611   INFO  Train:   18/30 ( 60%) [3245/3862 ( 84%)]  Loss: -9.552 (-9.44)  LR: 2.286e-03  Time cost: 2:55:32/33:22 [63:00:09/42:19:40]  Acc_iter 68900       Data time: 0.01(0.02)  Forward time: 3.17(3.22)  Batch time: 3.18(3.24)
2025-03-27 00:24:57,556   INFO  Train:   18/30 ( 60%) [3295/3862 ( 85%)]  Loss: -9.363 (-9.44)  LR: 2.283e-03  Time cost: 2:58:13/30:39 [63:02:50/42:16:39]  Acc_iter 68950       Data time: 0.00(0.02)  Forward time: 3.53(3.22)  Batch time: 3.53(3.24)
2025-03-27 00:26:45,765   INFO  Save latest model to /OpenPCDet/output/nuscenes_models/cbgs_voxel01_res3d_centerpoint_uncertainty/shifted_bounded_uncertainty/ckpt/latest_model
2025-03-27 00:27:38,095   INFO  Train:   18/30 ( 60%) [3345/3862 ( 87%)]  Loss: -9.277 (-9.45)  LR: 2.280e-03  Time cost: 3:00:54/27:57 [63:05:31/42:13:33]  Acc_iter 69000       Data time: 0.00(0.02)  Forward time: 2.91(3.22)  Batch time: 2.91(3.24)
2025-03-27 00:27:39,307   INFO  
2025-03-27 00:30:23,603   INFO  Train:   18/30 ( 60%) [3395/3862 ( 88%)]  Loss: -9.304 (-9.45)  LR: 2.277e-03  Time cost: 3:03:39/25:15 [63:08:16/42:11:37]  Acc_iter 69050       Data time: 0.00(0.02)  Forward time: 3.52(3.22)  Batch time: 3.52(3.24)
2025-03-27 00:31:44,804   INFO  Save latest model to /OpenPCDet/output/nuscenes_models/cbgs_voxel01_res3d_centerpoint_uncertainty/shifted_bounded_uncertainty/ckpt/latest_model
2025-03-27 00:33:00,112   INFO  Train:   18/30 ( 60%) [3445/3862 ( 89%)]  Loss: -9.525 (-9.45)  LR: 2.274e-03  Time cost: 3:06:16/22:32 [63:10:53/42:07:37]  Acc_iter 69100       Data time: 0.00(0.02)  Forward time: 3.00(3.22)  Batch time: 3.00(3.24)
2025-03-27 00:35:37,414   INFO  Train:   18/30 ( 60%) [3495/3862 ( 90%)]  Loss: -9.554 (-9.46)  LR: 2.271e-03  Time cost: 3:08:53/19:49 [63:13:30/42:03:50]  Acc_iter 69150       Data time: 0.00(0.02)  Forward time: 2.79(3.22)  Batch time: 2.80(3.24)
2025-03-27 00:35:38,471   INFO  
2025-03-27 00:36:45,097   INFO  Save latest model to /OpenPCDet/output/nuscenes_models/cbgs_voxel01_res3d_centerpoint_uncertainty/shifted_bounded_uncertainty/ckpt/latest_model
2025-03-27 00:38:28,579   INFO  Train:   18/30 ( 60%) [3545/3862 ( 92%)]  Loss: -9.464 (-9.46)  LR: 2.269e-03  Time cost: 3:11:44/17:08 [63:16:21/42:03:07]  Acc_iter 69200       Data time: 0.00(0.02)  Forward time: 3.11(3.22)  Batch time: 3.12(3.24)
2025-03-27 00:41:13,715   INFO  Train:   18/30 ( 60%) [3595/3862 ( 93%)]  Loss: -9.697 (-9.47)  LR: 2.266e-03  Time cost: 3:14:29/14:26 [63:19:06/42:01:03]  Acc_iter 69250       Data time: 0.00(0.02)  Forward time: 3.56(3.22)  Batch time: 3.57(3.25)
2025-03-27 00:41:46,291   INFO  Save latest model to /OpenPCDet/output/nuscenes_models/cbgs_voxel01_res3d_centerpoint_uncertainty/shifted_bounded_uncertainty/ckpt/latest_model
2025-03-27 00:43:47,021   INFO  Train:   18/30 ( 60%) [3645/3862 ( 94%)]  Loss: -9.438 (-9.47)  LR: 2.263e-03  Time cost: 3:17:03/11:43 [63:21:40/41:56:26]  Acc_iter 69300       Data time: 0.00(0.02)  Forward time: 2.65(3.22)  Batch time: 2.65(3.24)
2025-03-27 00:43:48,100   INFO  
2025-03-27 00:46:27,948   INFO  Train:   18/30 ( 60%) [3695/3862 ( 96%)]  Loss: -9.342 (-9.47)  LR: 2.260e-03  Time cost: 3:19:44/09:01 [63:24:21/41:53:29]  Acc_iter 69350       Data time: 0.00(0.02)  Forward time: 3.42(3.22)  Batch time: 3.43(3.24)
2025-03-27 00:46:44,858   INFO  Save latest model to /OpenPCDet/output/nuscenes_models/cbgs_voxel01_res3d_centerpoint_uncertainty/shifted_bounded_uncertainty/ckpt/latest_model
2025-03-27 00:49:07,689   INFO  Train:   18/30 ( 60%) [3745/3862 ( 97%)]  Loss: -9.629 (-9.32)  LR: 2.257e-03  Time cost: 3:22:23/06:19 [63:27:00/41:50:17]  Acc_iter 69400       Data time: 0.01(0.02)  Forward time: 3.16(3.22)  Batch time: 3.17(3.24)
2025-03-27 00:51:44,814   INFO  Train:   18/30 ( 60%) [3795/3862 ( 98%)]  Loss: -9.624 (-9.33)  LR: 2.254e-03  Time cost: 3:25:00/03:37 [63:29:37/41:46:34]  Acc_iter 69450       Data time: 0.00(0.02)  Forward time: 2.54(3.22)  Batch time: 2.55(3.24)
2025-03-27 00:51:45,855   INFO  
2025-03-27 00:51:46,197   INFO  Save latest model to /OpenPCDet/output/nuscenes_models/cbgs_voxel01_res3d_centerpoint_uncertainty/shifted_bounded_uncertainty/ckpt/latest_model
2025-03-27 00:54:16,019   INFO  Train:   18/30 ( 60%) [3845/3862 (100%)]  Loss: -9.787 (-9.33)  LR: 2.251e-03  Time cost: 3:27:32/00:55 [63:32:09/41:41:42]  Acc_iter 69500       Data time: 0.00(0.02)  Forward time: 2.56(3.22)  Batch time: 2.57(3.24)
2025-03-27 00:55:01,685   INFO  Train:   18/30 ( 60%) [3861/3862 (100%)]  Loss: -9.187 (-9.34)  LR: 2.250e-03  Time cost: 3:28:17/00:03 [63:32:54/41:39:36]  Acc_iter 69516       Data time: 0.00(0.02)  Forward time: 2.04(3.21)  Batch time: 2.04(3.24)
2025-03-27 00:55:27,484   INFO  Train:   19/30 ( 63%) [   0/3862 (  0%)]  Loss: -10.17 (-10.2)  LR: 2.250e-03  Time cost: 00:22/24:39:09 [63:33:20/295:49:55]  Acc_iter 69517       Data time: 19.45(19.45)  Forward time: 3.53(3.53)  Batch time: 22.98(22.98)
2025-03-27 00:57:21,078   INFO  Train:   19/30 ( 63%) [  33/3862 (  1%)]  Loss: -9.475 (-9.78)  LR: 2.248e-03  Time cost: 02:16/4:16:20 [63:35:14/51:40:25]  Acc_iter 69550       Data time: 0.00(0.59)  Forward time: 3.11(3.43)  Batch time: 3.11(4.02)
2025-03-27 01:00:08,004   INFO  Train:   19/30 ( 63%) [  83/3862 (  2%)]  Loss: -9.915 (-9.79)  LR: 2.245e-03  Time cost: 05:03/3:47:33 [63:38:01/46:25:45]  Acc_iter 69600       Data time: 0.00(0.24)  Forward time: 4.21(3.37)  Batch time: 4.22(3.61)
2025-03-27 01:00:09,201   INFO  
2025-03-27 01:00:09,596   INFO  Save latest model to /OpenPCDet/output/nuscenes_models/cbgs_voxel01_res3d_centerpoint_uncertainty/shifted_bounded_uncertainty/ckpt/latest_model
2025-03-27 01:02:48,270   INFO  Train:   19/30 ( 63%) [ 133/3862 (  3%)]  Loss: -9.885 (-9.81)  LR: 2.242e-03  Time cost: 07:43/3:35:05 [63:40:41/44:25:33]  Acc_iter 69650       Data time: 0.00(0.17)  Forward time: 3.88(3.30)  Batch time: 3.89(3.46)
2025-03-27 01:05:07,547   INFO  Save latest model to /OpenPCDet/output/nuscenes_models/cbgs_voxel01_res3d_centerpoint_uncertainty/shifted_bounded_uncertainty/ckpt/latest_model
2025-03-27 01:05:22,992   INFO  Train:   19/30 ( 63%) [ 183/3862 (  5%)]  Loss: -10.05 (-9.80)  LR: 2.239e-03  Time cost: 10:18/3:26:06 [63:43:16/43:06:03]  Acc_iter 69700       Data time: 0.00(0.12)  Forward time: 3.45(3.24)  Batch time: 3.46(3.36)
2025-03-27 01:07:55,373   INFO  Train:   19/30 ( 63%) [ 233/3862 (  6%)]  Loss: -10.02 (-9.77)  LR: 2.236e-03  Time cost: 12:50/3:19:15 [63:45:48/42:11:44]  Acc_iter 69750       Data time: 0.01(0.10)  Forward time: 2.41(3.20)  Batch time: 2.42(3.29)
2025-03-27 01:07:56,483   INFO  
2025-03-27 01:10:06,456   INFO  Save latest model to /OpenPCDet/output/nuscenes_models/cbgs_voxel01_res3d_centerpoint_uncertainty/shifted_bounded_uncertainty/ckpt/latest_model
2025-03-27 01:10:33,645   INFO  Train:   19/30 ( 63%) [ 283/3862 (  7%)]  Loss: -9.102 (-9.75)  LR: 2.233e-03  Time cost: 15:29/3:15:09 [63:48:26/41:51:34]  Acc_iter 69800       Data time: 0.00(0.09)  Forward time: 3.08(3.18)  Batch time: 3.08(3.27)
2025-03-27 01:13:16,371   INFO  Train:   19/30 ( 63%) [ 333/3862 (  9%)]  Loss: -10.21 (-9.74)  LR: 2.230e-03  Time cost: 18:11/3:12:16 [63:51:09/41:46:52]  Acc_iter 69850       Data time: 0.00(0.07)  Forward time: 2.70(3.19)  Batch time: 2.71(3.27)
2025-03-27 01:15:05,855   INFO  Save latest model to /OpenPCDet/output/nuscenes_models/cbgs_voxel01_res3d_centerpoint_uncertainty/shifted_bounded_uncertainty/ckpt/latest_model
2025-03-27 01:15:52,499   INFO  Train:   19/30 ( 63%) [ 383/3862 ( 10%)]  Loss: -9.744 (-9.73)  LR: 2.227e-03  Time cost: 20:47/3:08:26 [63:53:45/41:29:32]  Acc_iter 69900       Data time: 0.00(0.07)  Forward time: 3.01(3.18)  Batch time: 3.02(3.25)
2025-03-27 01:15:53,960   INFO  
2025-03-27 01:18:34,917   INFO  Train:   19/30 ( 63%) [ 433/3862 ( 11%)]  Loss: -9.674 (-9.75)  LR: 2.224e-03  Time cost: 23:30/3:05:43 [63:56:28/41:26:41]  Acc_iter 69950       Data time: 0.00(0.06)  Forward time: 3.45(3.19)  Batch time: 3.45(3.25)
2025-03-27 01:20:06,012   INFO  Save latest model to /OpenPCDet/output/nuscenes_models/cbgs_voxel01_res3d_centerpoint_uncertainty/shifted_bounded_uncertainty/ckpt/latest_model
2025-03-27 01:21:18,330   INFO  Train:   19/30 ( 63%) [ 483/3862 ( 13%)]  Loss: -9.654 (-9.74)  LR: 2.221e-03  Time cost: 26:13/3:03:07 [63:59:11/41:25:26]  Acc_iter 70000       Data time: 0.00(0.06)  Forward time: 3.15(3.19)  Batch time: 3.16(3.25)
2025-03-27 01:23:54,932   INFO  Train:   19/30 ( 63%) [ 533/3862 ( 14%)]  Loss: -10.37 (-9.75)  LR: 2.219e-03  Time cost: 28:50/2:59:47 [64:01:48/41:14:10]  Acc_iter 70050       Data time: 0.00(0.05)  Forward time: 2.75(3.19)  Batch time: 2.76(3.24)
2025-03-27 01:23:55,867   INFO  
2025-03-27 01:25:07,064   INFO  Save latest model to /OpenPCDet/output/nuscenes_models/cbgs_voxel01_res3d_centerpoint_uncertainty/shifted_bounded_uncertainty/ckpt/latest_model
2025-03-27 01:26:32,340   INFO  Train:   19/30 ( 63%) [ 583/3862 ( 15%)]  Loss: -9.501 (-9.77)  LR: 2.216e-03  Time cost: 31:27/2:56:39 [64:04:25/41:05:26]  Acc_iter 70100       Data time: 0.01(0.05)  Forward time: 3.53(3.18)  Batch time: 3.54(3.23)
2025-03-27 01:29:01,701   INFO  Train:   19/30 ( 63%) [ 633/3862 ( 16%)]  Loss: -9.701 (-9.77)  LR: 2.213e-03  Time cost: 33:57/2:52:55 [64:06:54/40:48:00]  Acc_iter 70150       Data time: 0.00(0.05)  Forward time: 2.83(3.17)  Batch time: 2.84(3.21)
2025-03-27 01:30:06,658   INFO  Save latest model to /OpenPCDet/output/nuscenes_models/cbgs_voxel01_res3d_centerpoint_uncertainty/shifted_bounded_uncertainty/ckpt/latest_model
2025-03-27 01:31:37,669   INFO  Train:   19/30 ( 63%) [ 683/3862 ( 18%)]  Loss: -10.04 (-9.54)  LR: 2.210e-03  Time cost: 36:33/2:49:53 [64:09:30/40:40:06]  Acc_iter 70200       Data time: 0.42(0.05)  Forward time: 2.47(3.16)  Batch time: 2.89(3.21)
2025-03-27 01:31:38,762   INFO  
2025-03-27 01:34:20,908   INFO  Train:   19/30 ( 63%) [ 733/3862 ( 19%)]  Loss: -9.809 (-9.55)  LR: 2.207e-03  Time cost: 39:16/2:47:25 [64:12:14/40:40:27]  Acc_iter 70250       Data time: 0.01(0.04)  Forward time: 3.45(3.17)  Batch time: 3.46(3.21)
2025-03-27 01:35:05,842   INFO  Save latest model to /OpenPCDet/output/nuscenes_models/cbgs_voxel01_res3d_centerpoint_uncertainty/shifted_bounded_uncertainty/ckpt/latest_model
2025-03-27 01:36:56,950   INFO  Train:   19/30 ( 63%) [ 783/3862 ( 20%)]  Loss: -9.944 (-9.56)  LR: 2.204e-03  Time cost: 41:52/2:44:27 [64:14:50/40:33:27]  Acc_iter 70300       Data time: 0.00(0.04)  Forward time: 3.33(3.16)  Batch time: 3.33(3.20)
2025-03-27 01:39:35,991   INFO  Train:   19/30 ( 63%) [ 833/3862 ( 22%)]  Loss: -9.567 (-9.57)  LR: 2.201e-03  Time cost: 44:31/2:41:42 [64:17:29/40:29:41]  Acc_iter 70350       Data time: 0.00(0.04)  Forward time: 3.22(3.16)  Batch time: 3.23(3.20)
2025-03-27 01:39:37,162   INFO  
2025-03-27 01:40:07,044   INFO  Save latest model to /OpenPCDet/output/nuscenes_models/cbgs_voxel01_res3d_centerpoint_uncertainty/shifted_bounded_uncertainty/ckpt/latest_model
2025-03-27 01:42:27,633   INFO  Train:   19/30 ( 63%) [ 883/3862 ( 23%)]  Loss: -9.825 (-9.58)  LR: 2.198e-03  Time cost: 47:23/2:39:41 [64:20:20/40:36:52]  Acc_iter 70400       Data time: 0.01(0.04)  Forward time: 4.12(3.18)  Batch time: 4.12(3.22)
2025-03-27 01:45:08,061   INFO  Save latest model to /OpenPCDet/output/nuscenes_models/cbgs_voxel01_res3d_centerpoint_uncertainty/shifted_bounded_uncertainty/ckpt/latest_model
2025-03-27 01:45:18,039   INFO  Train:   19/30 ( 63%) [ 933/3862 ( 24%)]  Loss: -10.05 (-9.60)  LR: 2.195e-03  Time cost: 50:13/2:37:30 [64:23:11/40:41:57]  Acc_iter 70450       Data time: 0.00(0.04)  Forward time: 3.71(3.19)  Batch time: 3.71(3.23)
2025-03-27 01:48:04,793   INFO  Train:   19/30 ( 63%) [ 983/3862 ( 25%)]  Loss: -10.45 (-9.61)  LR: 2.192e-03  Time cost: 53:00/2:35:04 [64:25:57/40:43:26]  Acc_iter 70500       Data time: 0.00(0.04)  Forward time: 3.50(3.20)  Batch time: 3.51(3.23)
2025-03-27 01:48:05,949   INFO  
2025-03-27 01:50:08,417   INFO  Save latest model to /OpenPCDet/output/nuscenes_models/cbgs_voxel01_res3d_centerpoint_uncertainty/shifted_bounded_uncertainty/ckpt/latest_model
2025-03-27 01:50:55,539   INFO  Train:   19/30 ( 63%) [1033/3862 ( 27%)]  Loss: -10.27 (-9.62)  LR: 2.189e-03  Time cost: 55:51/2:32:48 [64:28:48/40:47:26]  Acc_iter 70550       Data time: 0.00(0.04)  Forward time: 2.66(3.20)  Batch time: 2.66(3.24)
2025-03-27 01:53:38,385   INFO  Train:   19/30 ( 63%) [1083/3862 ( 28%)]  Loss: -10.15 (-9.62)  LR: 2.186e-03  Time cost: 58:33/2:30:08 [64:31:31/40:45:17]  Acc_iter 70600       Data time: 0.00(0.04)  Forward time: 3.22(3.21)  Batch time: 3.22(3.24)
2025-03-27 01:55:04,987   INFO  Save latest model to /OpenPCDet/output/nuscenes_models/cbgs_voxel01_res3d_centerpoint_uncertainty/shifted_bounded_uncertainty/ckpt/latest_model
2025-03-27 01:56:26,716   INFO  Train:   19/30 ( 63%) [1133/3862 ( 29%)]  Loss: -9.345 (-9.63)  LR: 2.183e-03  Time cost: 1:01:22/2:27:41 [64:34:19/40:46:44]  Acc_iter 70650       Data time: 0.00(0.03)  Forward time: 2.98(3.21)  Batch time: 2.99(3.25)
2025-03-27 01:56:27,819   INFO  
2025-03-27 01:59:20,058   INFO  Train:   19/30 ( 63%) [1183/3862 ( 31%)]  Loss: -9.241 (-9.64)  LR: 2.180e-03  Time cost: 1:04:15/2:25:23 [64:37:13/40:51:01]  Acc_iter 70700       Data time: 0.01(0.03)  Forward time: 4.73(3.22)  Batch time: 4.74(3.26)
2025-03-27 02:00:05,608   INFO  Save latest model to /OpenPCDet/output/nuscenes_models/cbgs_voxel01_res3d_centerpoint_uncertainty/shifted_bounded_uncertainty/ckpt/latest_model
2025-03-27 02:02:04,547   INFO  Train:   19/30 ( 63%) [1233/3862 ( 32%)]  Loss: -9.704 (-9.65)  LR: 2.176e-03  Time cost: 1:07:00/2:22:44 [64:39:57/40:49:19]  Acc_iter 70750       Data time: 0.01(0.03)  Forward time: 2.63(3.22)  Batch time: 2.63(3.26)
2025-03-27 02:04:53,178   INFO  Train:   19/30 ( 63%) [1283/3862 ( 33%)]  Loss: -10.16 (-9.66)  LR: 2.173e-03  Time cost: 1:09:48/2:20:13 [64:42:46/40:49:58]  Acc_iter 70800       Data time: 0.00(0.03)  Forward time: 3.05(3.23)  Batch time: 3.05(3.26)
2025-03-27 02:04:54,220   INFO  
2025-03-27 02:05:07,746   INFO  Save latest model to /OpenPCDet/output/nuscenes_models/cbgs_voxel01_res3d_centerpoint_uncertainty/shifted_bounded_uncertainty/ckpt/latest_model
2025-03-27 02:07:35,426   INFO  Train:   19/30 ( 63%) [1333/3862 ( 35%)]  Loss: -9.566 (-9.66)  LR: 2.170e-03  Time cost: 1:12:30/2:17:28 [64:45:28/40:46:46]  Acc_iter 70850       Data time: 0.00(0.03)  Forward time: 2.93(3.23)  Batch time: 2.93(3.26)
2025-03-27 02:10:08,137   INFO  Save latest model to /OpenPCDet/output/nuscenes_models/cbgs_voxel01_res3d_centerpoint_uncertainty/shifted_bounded_uncertainty/ckpt/latest_model
2025-03-27 02:10:14,353   INFO  Train:   19/30 ( 63%) [1383/3862 ( 36%)]  Loss: -9.592 (-9.67)  LR: 2.167e-03  Time cost: 1:15:09/2:14:37 [64:48:07/40:41:48]  Acc_iter 70900       Data time: 0.00(0.03)  Forward time: 2.64(3.23)  Batch time: 2.64(3.26)
2025-03-27 02:12:52,222   INFO  Train:   19/30 ( 63%) [1433/3862 ( 37%)]  Loss: -9.701 (-9.67)  LR: 2.164e-03  Time cost: 1:17:47/2:11:46 [64:50:45/40:36:26]  Acc_iter 70950       Data time: 0.00(0.03)  Forward time: 3.46(3.22)  Batch time: 3.47(3.26)
2025-03-27 02:12:53,493   INFO  
2025-03-27 02:15:05,773   INFO  Save latest model to /OpenPCDet/output/nuscenes_models/cbgs_voxel01_res3d_centerpoint_uncertainty/shifted_bounded_uncertainty/ckpt/latest_model
2025-03-27 02:15:31,487   INFO  Train:   19/30 ( 63%) [1483/3862 ( 38%)]  Loss: -9.522 (-9.68)  LR: 2.161e-03  Time cost: 1:20:26/2:08:58 [64:53:24/40:31:58]  Acc_iter 71000       Data time: 0.00(0.03)  Forward time: 3.53(3.22)  Batch time: 3.54(3.25)
2025-03-27 02:18:18,034   INFO  Train:   19/30 ( 63%) [1533/3862 ( 40%)]  Loss: -10.24 (-9.68)  LR: 2.158e-03  Time cost: 1:23:13/2:06:21 [64:56:11/40:31:10]  Acc_iter 71050       Data time: 0.00(0.03)  Forward time: 2.86(3.22)  Batch time: 2.86(3.26)
2025-03-27 02:20:07,093   INFO  Save latest model to /OpenPCDet/output/nuscenes_models/cbgs_voxel01_res3d_centerpoint_uncertainty/shifted_bounded_uncertainty/ckpt/latest_model
2025-03-27 02:21:06,150   INFO  Train:   19/30 ( 63%) [1583/3862 ( 41%)]  Loss: -9.773 (-9.69)  LR: 2.155e-03  Time cost: 1:26:01/2:03:46 [64:58:59/40:30:58]  Acc_iter 71100       Data time: 0.00(0.03)  Forward time: 2.94(3.23)  Batch time: 2.95(3.26)
2025-03-27 02:21:07,740   INFO  
2025-03-27 02:23:52,962   INFO  Train:   19/30 ( 63%) [1633/3862 ( 42%)]  Loss: -9.058 (-9.69)  LR: 2.152e-03  Time cost: 1:28:48/2:01:08 [65:01:46/40:30:02]  Acc_iter 71150       Data time: 0.00(0.03)  Forward time: 3.88(3.23)  Batch time: 3.88(3.26)
2025-03-27 02:25:06,954   INFO  Save latest model to /OpenPCDet/output/nuscenes_models/cbgs_voxel01_res3d_centerpoint_uncertainty/shifted_bounded_uncertainty/ckpt/latest_model
2025-03-27 02:26:33,759   INFO  Train:   19/30 ( 63%) [1683/3862 ( 44%)]  Loss: -9.518 (-9.70)  LR: 2.149e-03  Time cost: 1:31:29/1:58:22 [65:04:26/40:26:19]  Acc_iter 71200       Data time: 0.00(0.03)  Forward time: 3.47(3.23)  Batch time: 3.48(3.26)
2025-03-27 02:29:19,704   INFO  Train:   19/30 ( 63%) [1733/3862 ( 45%)]  Loss: -9.677 (-9.70)  LR: 2.146e-03  Time cost: 1:34:15/1:55:43 [65:07:12/40:24:52]  Acc_iter 71250       Data time: 0.00(0.03)  Forward time: 2.83(3.23)  Batch time: 2.83(3.26)
2025-03-27 02:29:20,923   INFO  
2025-03-27 02:30:06,296   INFO  Save latest model to /OpenPCDet/output/nuscenes_models/cbgs_voxel01_res3d_centerpoint_uncertainty/shifted_bounded_uncertainty/ckpt/latest_model
2025-03-27 02:31:58,533   INFO  Train:   19/30 ( 63%) [1783/3862 ( 46%)]  Loss: -10.50 (-9.71)  LR: 2.143e-03  Time cost: 1:36:54/1:52:55 [65:09:51/40:20:23]  Acc_iter 71300       Data time: 0.00(0.03)  Forward time: 3.10(3.23)  Batch time: 3.10(3.26)
2025-03-27 02:34:32,003   INFO  Train:   19/30 ( 63%) [1833/3862 ( 47%)]  Loss: -9.739 (-9.71)  LR: 2.140e-03  Time cost: 1:39:27/1:50:01 [65:12:25/40:13:50]  Acc_iter 71350       Data time: 0.00(0.03)  Forward time: 3.67(3.23)  Batch time: 3.67(3.25)
2025-03-27 02:35:06,023   INFO  Save latest model to /OpenPCDet/output/nuscenes_models/cbgs_voxel01_res3d_centerpoint_uncertainty/shifted_bounded_uncertainty/ckpt/latest_model
2025-03-27 02:37:16,502   INFO  Train:   19/30 ( 63%) [1883/3862 ( 49%)]  Loss: -9.848 (-9.72)  LR: 2.137e-03  Time cost: 1:42:11/1:47:21 [65:15:09/40:11:50]  Acc_iter 71400       Data time: 0.00(0.03)  Forward time: 2.87(3.23)  Batch time: 2.88(3.25)
2025-03-27 02:37:17,535   INFO  
2025-03-27 02:40:05,591   INFO  Train:   19/30 ( 63%) [1933/3862 ( 50%)]  Loss: -9.580 (-9.72)  LR: 2.134e-03  Time cost: 1:45:01/1:44:44 [65:17:58/40:11:33]  Acc_iter 71450       Data time: 0.01(0.03)  Forward time: 3.15(3.23)  Batch time: 3.16(3.26)
2025-03-27 02:40:05,996   INFO  Save latest model to /OpenPCDet/output/nuscenes_models/cbgs_voxel01_res3d_centerpoint_uncertainty/shifted_bounded_uncertainty/ckpt/latest_model
2025-03-27 02:42:52,716   INFO  Train:   19/30 ( 63%) [1983/3862 ( 51%)]  Loss: -9.935 (-9.72)  LR: 2.131e-03  Time cost: 1:47:48/1:42:05 [65:20:45/40:10:25]  Acc_iter 71500       Data time: 0.00(0.03)  Forward time: 3.46(3.23)  Batch time: 3.47(3.26)
2025-03-27 02:45:05,838   INFO  Save latest model to /OpenPCDet/output/nuscenes_models/cbgs_voxel01_res3d_centerpoint_uncertainty/shifted_bounded_uncertainty/ckpt/latest_model
2025-03-27 02:45:35,369   INFO  Train:   19/30 ( 63%) [2033/3862 ( 53%)]  Loss: -9.946 (-9.72)  LR: 2.128e-03  Time cost: 1:50:30/1:39:22 [65:23:28/40:07:34]  Acc_iter 71550       Data time: 0.00(0.03)  Forward time: 3.42(3.23)  Batch time: 3.42(3.26)
2025-03-27 02:45:36,308   INFO  
2025-03-27 02:48:26,170   INFO  Train:   19/30 ( 63%) [2083/3862 ( 54%)]  Loss: -10.03 (-9.72)  LR: 2.125e-03  Time cost: 1:53:21/1:36:46 [65:26:19/40:07:37]  Acc_iter 71600       Data time: 0.00(0.03)  Forward time: 2.60(3.24)  Batch time: 2.60(3.26)
2025-03-27 02:50:06,045   INFO  Save latest model to /OpenPCDet/output/nuscenes_models/cbgs_voxel01_res3d_centerpoint_uncertainty/shifted_bounded_uncertainty/ckpt/latest_model
2025-03-27 02:51:16,061   INFO  Train:   19/30 ( 63%) [2133/3862 ( 55%)]  Loss: -9.199 (-9.73)  LR: 2.121e-03  Time cost: 1:56:11/1:34:08 [65:29:09/40:07:12]  Acc_iter 71650       Data time: 0.00(0.03)  Forward time: 3.03(3.24)  Batch time: 3.04(3.27)
2025-03-27 02:54:04,285   INFO  Train:   19/30 ( 63%) [2183/3862 ( 57%)]  Loss: -9.780 (-9.73)  LR: 2.118e-03  Time cost: 1:58:59/1:31:28 [65:31:57/40:06:08]  Acc_iter 71700       Data time: 0.01(0.03)  Forward time: 3.96(3.24)  Batch time: 3.97(3.27)
2025-03-27 02:54:05,341   INFO  
2025-03-27 02:55:07,181   INFO  Save latest model to /OpenPCDet/output/nuscenes_models/cbgs_voxel01_res3d_centerpoint_uncertainty/shifted_bounded_uncertainty/ckpt/latest_model
2025-03-27 02:56:47,222   INFO  Train:   19/30 ( 63%) [2233/3862 ( 58%)]  Loss: -9.911 (-9.73)  LR: 2.115e-03  Time cost: 2:01:42/1:28:45 [65:34:40/40:03:14]  Acc_iter 71750       Data time: 0.00(0.03)  Forward time: 3.14(3.24)  Batch time: 3.15(3.27)
2025-03-27 02:59:21,672   INFO  Train:   19/30 ( 63%) [2283/3862 ( 59%)]  Loss: -9.980 (-9.74)  LR: 2.112e-03  Time cost: 2:04:17/1:25:55 [65:37:14/39:57:37]  Acc_iter 71800       Data time: 0.00(0.03)  Forward time: 2.80(3.24)  Batch time: 2.80(3.26)
2025-03-27 03:00:07,607   INFO  Save latest model to /OpenPCDet/output/nuscenes_models/cbgs_voxel01_res3d_centerpoint_uncertainty/shifted_bounded_uncertainty/ckpt/latest_model
2025-03-27 03:02:00,301   INFO  Train:   19/30 ( 63%) [2333/3862 ( 60%)]  Loss: -10.16 (-9.74)  LR: 2.109e-03  Time cost: 2:06:55/1:23:09 [65:39:53/39:53:27]  Acc_iter 71850       Data time: 0.00(0.03)  Forward time: 3.12(3.24)  Batch time: 3.12(3.26)
2025-03-27 03:02:01,643   INFO  
2025-03-27 03:04:40,270   INFO  Train:   19/30 ( 63%) [2383/3862 ( 62%)]  Loss: -9.808 (-9.75)  LR: 2.106e-03  Time cost: 2:09:35/1:20:23 [65:42:33/39:49:45]  Acc_iter 71900       Data time: 0.00(0.03)  Forward time: 2.61(3.24)  Batch time: 2.61(3.26)
2025-03-27 03:05:07,258   INFO  Save latest model to /OpenPCDet/output/nuscenes_models/cbgs_voxel01_res3d_centerpoint_uncertainty/shifted_bounded_uncertainty/ckpt/latest_model
2025-03-27 03:07:20,786   INFO  Train:   19/30 ( 63%) [2433/3862 ( 63%)]  Loss: -10.67 (-9.75)  LR: 2.103e-03  Time cost: 2:12:16/1:17:39 [65:45:13/39:46:15]  Acc_iter 71950       Data time: 0.00(0.03)  Forward time: 3.73(3.23)  Batch time: 3.73(3.26)
2025-03-27 03:09:58,620   INFO  Train:   19/30 ( 63%) [2483/3862 ( 64%)]  Loss: -9.806 (-9.75)  LR: 2.100e-03  Time cost: 2:14:54/1:14:53 [65:47:51/39:42:01]  Acc_iter 72000       Data time: 0.00(0.03)  Forward time: 3.17(3.23)  Batch time: 3.17(3.26)
2025-03-27 03:09:59,538   INFO  
2025-03-27 03:10:06,041   INFO  Save latest model to /OpenPCDet/output/nuscenes_models/cbgs_voxel01_res3d_centerpoint_uncertainty/shifted_bounded_uncertainty/ckpt/latest_model
2025-03-27 03:12:39,683   INFO  Train:   19/30 ( 63%) [2533/3862 ( 66%)]  Loss: -9.991 (-9.75)  LR: 2.097e-03  Time cost: 2:17:35/1:12:09 [65:50:32/39:38:46]  Acc_iter 72050       Data time: 0.01(0.03)  Forward time: 3.22(3.23)  Batch time: 3.23(3.26)
2025-03-27 03:15:05,328   INFO  Save latest model to /OpenPCDet/output/nuscenes_models/cbgs_voxel01_res3d_centerpoint_uncertainty/shifted_bounded_uncertainty/ckpt/latest_model
2025-03-27 03:15:20,915   INFO  Train:   19/30 ( 63%) [2583/3862 ( 67%)]  Loss: -9.602 (-9.75)  LR: 2.094e-03  Time cost: 2:20:16/1:09:25 [65:53:14/39:35:35]  Acc_iter 72100       Data time: 0.00(0.03)  Forward time: 3.22(3.23)  Batch time: 3.23(3.26)
2025-03-27 03:18:04,913   INFO  Train:   19/30 ( 63%) [2633/3862 ( 68%)]  Loss: -9.594 (-9.76)  LR: 2.090e-03  Time cost: 2:23:00/1:06:43 [65:55:58/39:33:11]  Acc_iter 72150       Data time: 0.01(0.02)  Forward time: 2.96(3.23)  Batch time: 2.96(3.26)
2025-03-27 03:18:05,939   INFO  
2025-03-27 03:20:06,536   INFO  Save latest model to /OpenPCDet/output/nuscenes_models/cbgs_voxel01_res3d_centerpoint_uncertainty/shifted_bounded_uncertainty/ckpt/latest_model
2025-03-27 03:20:41,087   INFO  Train:   19/30 ( 63%) [2683/3862 ( 69%)]  Loss: -9.706 (-9.76)  LR: 2.087e-03  Time cost: 2:25:36/1:03:57 [65:58:34/39:28:39]  Acc_iter 72200       Data time: 0.00(0.02)  Forward time: 3.08(3.23)  Batch time: 3.08(3.26)
2025-03-27 03:23:25,406   INFO  Train:   19/30 ( 63%) [2733/3862 ( 71%)]  Loss: -10.00 (-9.76)  LR: 2.084e-03  Time cost: 2:28:20/1:01:15 [66:01:18/39:26:21]  Acc_iter 72250       Data time: 0.00(0.02)  Forward time: 3.30(3.23)  Batch time: 3.30(3.26)
2025-03-27 03:25:05,583   INFO  Save latest model to /OpenPCDet/output/nuscenes_models/cbgs_voxel01_res3d_centerpoint_uncertainty/shifted_bounded_uncertainty/ckpt/latest_model
2025-03-27 03:26:07,002   INFO  Train:   19/30 ( 63%) [2783/3862 ( 72%)]  Loss: -10.10 (-9.76)  LR: 2.081e-03  Time cost: 2:31:02/58:32 [66:04:00/39:23:20]  Acc_iter 72300       Data time: 0.00(0.02)  Forward time: 3.29(3.23)  Batch time: 3.29(3.26)
2025-03-27 03:26:07,887   INFO  
2025-03-27 03:28:51,814   INFO  Train:   19/30 ( 63%) [2833/3862 ( 73%)]  Loss: -9.163 (-9.76)  LR: 2.078e-03  Time cost: 2:33:47/55:50 [66:06:44/39:21:08]  Acc_iter 72350       Data time: 0.02(0.02)  Forward time: 3.26(3.23)  Batch time: 3.27(3.26)
2025-03-27 03:30:06,391   INFO  Save latest model to /OpenPCDet/output/nuscenes_models/cbgs_voxel01_res3d_centerpoint_uncertainty/shifted_bounded_uncertainty/ckpt/latest_model
2025-03-27 03:31:36,137   INFO  Train:   19/30 ( 63%) [2883/3862 ( 75%)]  Loss: -10.40 (-9.77)  LR: 2.075e-03  Time cost: 2:36:31/53:08 [66:09:29/39:18:49]  Acc_iter 72400       Data time: 0.00(0.02)  Forward time: 3.43(3.23)  Batch time: 3.44(3.26)
2025-03-27 03:34:20,260   INFO  Train:   19/30 ( 63%) [2933/3862 ( 76%)]  Loss: -9.698 (-9.77)  LR: 2.072e-03  Time cost: 2:39:15/50:25 [66:12:13/39:16:25]  Acc_iter 72450       Data time: 0.00(0.02)  Forward time: 2.46(3.23)  Batch time: 2.46(3.26)
2025-03-27 03:34:21,788   INFO  
2025-03-27 03:35:06,160   INFO  Save latest model to /OpenPCDet/output/nuscenes_models/cbgs_voxel01_res3d_centerpoint_uncertainty/shifted_bounded_uncertainty/ckpt/latest_model
2025-03-27 03:36:53,861   INFO  Train:   19/30 ( 63%) [2983/3862 ( 77%)]  Loss: -9.636 (-9.77)  LR: 2.069e-03  Time cost: 2:41:49/47:40 [66:14:46/39:11:28]  Acc_iter 72500       Data time: 0.00(0.02)  Forward time: 2.81(3.23)  Batch time: 2.81(3.25)
2025-03-27 03:39:38,805   INFO  Train:   19/30 ( 63%) [3033/3862 ( 79%)]  Loss: -9.934 (-9.77)  LR: 2.065e-03  Time cost: 2:44:34/44:58 [66:17:31/39:09:17]  Acc_iter 72550       Data time: 0.00(0.02)  Forward time: 2.65(3.23)  Batch time: 2.65(3.25)
2025-03-27 03:40:07,117   INFO  Save latest model to /OpenPCDet/output/nuscenes_models/cbgs_voxel01_res3d_centerpoint_uncertainty/shifted_bounded_uncertainty/ckpt/latest_model
2025-03-27 03:42:16,816   INFO  Train:   19/30 ( 63%) [3083/3862 ( 80%)]  Loss: -9.620 (-9.77)  LR: 2.062e-03  Time cost: 2:47:12/42:14 [66:20:09/39:05:28]  Acc_iter 72600       Data time: 0.00(0.02)  Forward time: 3.45(3.23)  Batch time: 3.46(3.25)
2025-03-27 03:42:17,977   INFO  
2025-03-27 03:45:07,592   INFO  Train:   19/30 ( 63%) [3133/3862 ( 81%)]  Loss: -9.757 (-9.77)  LR: 2.059e-03  Time cost: 2:50:03/39:33 [66:23:00/39:04:38]  Acc_iter 72650       Data time: 0.00(0.02)  Forward time: 3.63(3.23)  Batch time: 3.63(3.26)
2025-03-27 03:45:07,902   INFO  Save latest model to /OpenPCDet/output/nuscenes_models/cbgs_voxel01_res3d_centerpoint_uncertainty/shifted_bounded_uncertainty/ckpt/latest_model
2025-03-27 03:47:45,773   INFO  Train:   19/30 ( 63%) [3183/3862 ( 82%)]  Loss: -8.507 (-9.78)  LR: 2.056e-03  Time cost: 2:52:41/36:49 [66:25:38/39:00:53]  Acc_iter 72700       Data time: 0.01(0.02)  Forward time: 2.99(3.23)  Batch time: 3.00(3.25)
2025-03-27 03:50:05,694   INFO  Save latest model to /OpenPCDet/output/nuscenes_models/cbgs_voxel01_res3d_centerpoint_uncertainty/shifted_bounded_uncertainty/ckpt/latest_model
2025-03-27 03:50:19,720   INFO  Train:   19/30 ( 63%) [3233/3862 ( 84%)]  Loss: -10.49 (-9.78)  LR: 2.053e-03  Time cost: 2:55:15/34:05 [66:28:12/38:56:13]  Acc_iter 72750       Data time: 0.00(0.02)  Forward time: 2.34(3.23)  Batch time: 2.34(3.25)
2025-03-27 03:50:20,733   INFO  
2025-03-27 03:52:54,522   INFO  Train:   19/30 ( 63%) [3283/3862 ( 85%)]  Loss: -9.620 (-9.78)  LR: 2.050e-03  Time cost: 2:57:50/31:21 [66:30:47/38:51:49]  Acc_iter 72800       Data time: 0.01(0.02)  Forward time: 4.11(3.23)  Batch time: 4.12(3.25)
2025-03-27 03:55:06,515   INFO  Save latest model to /OpenPCDet/output/nuscenes_models/cbgs_voxel01_res3d_centerpoint_uncertainty/shifted_bounded_uncertainty/ckpt/latest_model
2025-03-27 03:55:31,433   INFO  Train:   19/30 ( 63%) [3333/3862 ( 86%)]  Loss: -9.661 (-9.78)  LR: 2.047e-03  Time cost: 3:00:26/28:37 [66:33:24/38:47:55]  Acc_iter 72850       Data time: 0.00(0.02)  Forward time: 3.28(3.22)  Batch time: 3.28(3.25)
2025-03-27 03:58:06,720   INFO  Train:   19/30 ( 63%) [3383/3862 ( 88%)]  Loss: -9.957 (-9.79)  LR: 2.043e-03  Time cost: 3:03:02/25:54 [66:35:59/38:43:42]  Acc_iter 72900       Data time: 0.01(0.02)  Forward time: 3.34(3.22)  Batch time: 3.35(3.25)
2025-03-27 03:58:07,861   INFO  
2025-03-27 04:00:06,413   INFO  Save latest model to /OpenPCDet/output/nuscenes_models/cbgs_voxel01_res3d_centerpoint_uncertainty/shifted_bounded_uncertainty/ckpt/latest_model
2025-03-27 04:00:46,347   INFO  Train:   19/30 ( 63%) [3433/3862 ( 89%)]  Loss: -10.99 (-9.79)  LR: 2.040e-03  Time cost: 3:05:41/23:11 [66:38:39/38:40:27]  Acc_iter 72950       Data time: 0.00(0.02)  Forward time: 3.12(3.22)  Batch time: 3.13(3.24)
2025-03-27 04:03:25,506   INFO  Train:   19/30 ( 63%) [3483/3862 ( 90%)]  Loss: -9.790 (-9.79)  LR: 2.037e-03  Time cost: 3:08:21/20:29 [66:41:18/38:37:07]  Acc_iter 73000       Data time: 0.00(0.02)  Forward time: 4.36(3.22)  Batch time: 4.36(3.24)
2025-03-27 04:05:05,459   INFO  Save latest model to /OpenPCDet/output/nuscenes_models/cbgs_voxel01_res3d_centerpoint_uncertainty/shifted_bounded_uncertainty/ckpt/latest_model
2025-03-27 04:06:01,116   INFO  Train:   19/30 ( 63%) [3533/3862 ( 91%)]  Loss: -10.03 (-9.79)  LR: 2.034e-03  Time cost: 3:10:56/17:46 [66:43:54/38:33:05]  Acc_iter 73050       Data time: 0.01(0.02)  Forward time: 3.54(3.22)  Batch time: 3.54(3.24)
2025-03-27 04:06:02,233   INFO  
2025-03-27 04:08:42,975   INFO  Train:   19/30 ( 63%) [3583/3862 ( 93%)]  Loss: -10.03 (-9.80)  LR: 2.031e-03  Time cost: 3:13:38/15:04 [66:46:36/38:30:20]  Acc_iter 73100       Data time: 0.00(0.02)  Forward time: 3.56(3.22)  Batch time: 3.56(3.24)
2025-03-27 04:10:05,875   INFO  Save latest model to /OpenPCDet/output/nuscenes_models/cbgs_voxel01_res3d_centerpoint_uncertainty/shifted_bounded_uncertainty/ckpt/latest_model
2025-03-27 04:11:23,147   INFO  Train:   19/30 ( 63%) [3633/3862 ( 94%)]  Loss: -8.767 (-9.80)  LR: 2.028e-03  Time cost: 3:16:18/12:22 [66:49:16/38:27:16]  Acc_iter 73150       Data time: 0.01(0.02)  Forward time: 2.84(3.22)  Batch time: 2.86(3.24)
2025-03-27 04:14:03,900   INFO  Train:   19/30 ( 63%) [3683/3862 ( 95%)]  Loss: -9.765 (-9.80)  LR: 2.024e-03  Time cost: 3:18:59/09:40 [66:51:57/38:24:19]  Acc_iter 73200       Data time: 0.00(0.02)  Forward time: 3.40(3.22)  Batch time: 3.40(3.24)
2025-03-27 04:14:05,109   INFO  
2025-03-27 04:15:05,798   INFO  Save latest model to /OpenPCDet/output/nuscenes_models/cbgs_voxel01_res3d_centerpoint_uncertainty/shifted_bounded_uncertainty/ckpt/latest_model
2025-03-27 04:16:44,796   INFO  Train:   19/30 ( 63%) [3733/3862 ( 97%)]  Loss: -9.569 (-9.80)  LR: 2.021e-03  Time cost: 3:21:40/06:58 [66:54:37/38:21:23]  Acc_iter 73250       Data time: 0.01(0.02)  Forward time: 4.30(3.22)  Batch time: 4.30(3.24)
2025-03-27 04:19:22,235   INFO  Train:   19/30 ( 63%) [3783/3862 ( 98%)]  Loss: -10.03 (-9.80)  LR: 2.018e-03  Time cost: 3:24:17/04:15 [66:57:15/38:17:50]  Acc_iter 73300       Data time: 0.00(0.02)  Forward time: 2.67(3.22)  Batch time: 2.67(3.24)
2025-03-27 04:20:08,437   INFO  Save latest model to /OpenPCDet/output/nuscenes_models/cbgs_voxel01_res3d_centerpoint_uncertainty/shifted_bounded_uncertainty/ckpt/latest_model
2025-03-27 04:21:59,077   INFO  Train:   19/30 ( 63%) [3833/3862 ( 99%)]  Loss: -9.703 (-9.81)  LR: 2.015e-03  Time cost: 3:26:54/01:33 [66:59:52/38:14:11]  Acc_iter 73350       Data time: 0.00(0.02)  Forward time: 2.50(3.22)  Batch time: 2.50(3.24)
2025-03-27 04:22:00,313   INFO  
2025-03-27 04:23:24,891   INFO  Train:   19/30 ( 63%) [3861/3862 (100%)]  Loss: -9.582 (-9.81)  LR: 2.013e-03  Time cost: 3:28:20/00:03 [67:01:18/38:11:47]  Acc_iter 73378       Data time: 0.00(0.02)  Forward time: 2.32(3.21)  Batch time: 2.32(3.24)
2025-03-27 04:23:48,570   INFO  Train:   20/30 ( 67%) [   0/3862 (  0%)]  Loss: -10.49 (-10.5)  LR: 2.013e-03  Time cost: 00:20/22:09:43 [67:01:41/243:46:58]  Acc_iter 73379       Data time: 16.08(16.08)  Forward time: 4.57(4.57)  Batch time: 20.66(20.66)
2025-03-27 04:24:58,911   INFO  Train:   20/30 ( 67%) [  21/3862 (  1%)]  Loss: -9.715 (-10.0)  LR: 2.012e-03  Time cost: 01:30/4:24:47 [67:02:52/48:47:11]  Acc_iter 73400       Data time: 0.00(0.74)  Forward time: 3.11(3.40)  Batch time: 3.12(4.14)
2025-03-27 04:27:37,444   INFO  Train:   20/30 ( 67%) [  71/3862 (  2%)]  Loss: -10.91 (-10.1)  LR: 2.009e-03  Time cost: 04:09/3:38:58 [67:05:30/40:49:44]  Acc_iter 73450       Data time: 0.00(0.23)  Forward time: 2.46(3.24)  Batch time: 2.47(3.47)
2025-03-27 04:28:30,225   INFO  Save latest model to /OpenPCDet/output/nuscenes_models/cbgs_voxel01_res3d_centerpoint_uncertainty/shifted_bounded_uncertainty/ckpt/latest_model
2025-03-27 04:30:14,429   INFO  Train:   20/30 ( 67%) [ 121/3862 (  3%)]  Loss: -10.37 (-10.1)  LR: 2.005e-03  Time cost: 06:46/3:27:45 [67:08:07/39:12:31]  Acc_iter 73500       Data time: 0.00(0.14)  Forward time: 4.05(3.19)  Batch time: 4.06(3.33)
2025-03-27 04:30:15,799   INFO  
2025-03-27 04:32:51,975   INFO  Train:   20/30 ( 67%) [ 171/3862 (  4%)]  Loss: -10.22 (-10.0)  LR: 2.002e-03  Time cost: 09:24/3:21:44 [67:10:45/38:32:36]  Acc_iter 73550       Data time: 0.01(0.11)  Forward time: 2.59(3.17)  Batch time: 2.60(3.28)
2025-03-27 04:33:28,971   INFO  Save latest model to /OpenPCDet/output/nuscenes_models/cbgs_voxel01_res3d_centerpoint_uncertainty/shifted_bounded_uncertainty/ckpt/latest_model
2025-03-27 04:35:33,057   INFO  Train:   20/30 ( 67%) [ 221/3862 (  6%)]  Loss: -9.749 (-10.0)  LR: 1.999e-03  Time cost: 12:05/3:18:13 [67:13:26/38:20:42]  Acc_iter 73600       Data time: 0.00(0.09)  Forward time: 3.59(3.18)  Batch time: 3.59(3.27)
2025-03-27 04:38:09,875   INFO  Train:   20/30 ( 67%) [ 271/3862 (  7%)]  Loss: -9.846 (-10.0)  LR: 1.996e-03  Time cost: 14:41/3:14:03 [67:16:03/38:01:09]  Acc_iter 73650       Data time: 0.00(0.07)  Forward time: 3.72(3.17)  Batch time: 3.73(3.24)
2025-03-27 04:38:11,202   INFO  
2025-03-27 04:38:29,346   INFO  Save latest model to /OpenPCDet/output/nuscenes_models/cbgs_voxel01_res3d_centerpoint_uncertainty/shifted_bounded_uncertainty/ckpt/latest_model
2025-03-27 04:40:50,806   INFO  Train:   20/30 ( 67%) [ 321/3862 (  8%)]  Loss: -10.33 (-10.0)  LR: 1.993e-03  Time cost: 17:22/3:11:08 [67:18:43/37:55:51]  Acc_iter 73700       Data time: 0.00(0.07)  Forward time: 3.76(3.17)  Batch time: 3.77(3.24)
2025-03-27 04:43:21,685   INFO  Train:   20/30 ( 67%) [ 371/3862 ( 10%)]  Loss: -10.42 (-9.98)  LR: 1.989e-03  Time cost: 19:53/3:06:42 [67:21:14/37:32:17]  Acc_iter 73750       Data time: 0.00(0.06)  Forward time: 3.75(3.15)  Batch time: 3.76(3.21)
2025-03-27 04:43:28,669   INFO  Save latest model to /OpenPCDet/output/nuscenes_models/cbgs_voxel01_res3d_centerpoint_uncertainty/shifted_bounded_uncertainty/ckpt/latest_model
2025-03-27 04:46:01,561   INFO  Train:   20/30 ( 67%) [ 421/3862 ( 11%)]  Loss: -9.973 (-9.95)  LR: 1.986e-03  Time cost: 22:33/3:03:57 [67:23:54/37:28:39]  Acc_iter 73800       Data time: 0.00(0.05)  Forward time: 2.83(3.15)  Batch time: 2.83(3.21)
2025-03-27 04:46:02,510   INFO  
2025-03-27 04:48:29,921   INFO  Save latest model to /OpenPCDet/output/nuscenes_models/cbgs_voxel01_res3d_centerpoint_uncertainty/shifted_bounded_uncertainty/ckpt/latest_model
2025-03-27 04:48:40,018   INFO  Train:   20/30 ( 67%) [ 471/3862 ( 12%)]  Loss: -9.350 (-9.94)  LR: 1.983e-03  Time cost: 25:12/3:01:03 [67:26:33/37:23:07]  Acc_iter 73850       Data time: 0.00(0.05)  Forward time: 2.38(3.15)  Batch time: 2.38(3.20)
2025-03-27 04:51:18,520   INFO  Train:   20/30 ( 67%) [ 521/3862 ( 13%)]  Loss: -10.11 (-8.96)  LR: 1.980e-03  Time cost: 27:50/2:58:12 [67:29:11/37:18:11]  Acc_iter 73900       Data time: 0.00(0.05)  Forward time: 3.38(3.15)  Batch time: 3.38(3.20)
2025-03-27 04:53:29,105   INFO  Save latest model to /OpenPCDet/output/nuscenes_models/cbgs_voxel01_res3d_centerpoint_uncertainty/shifted_bounded_uncertainty/ckpt/latest_model
2025-03-27 04:54:00,838   INFO  Train:   20/30 ( 67%) [ 571/3862 ( 15%)]  Loss: -10.01 (-9.04)  LR: 1.977e-03  Time cost: 30:32/2:55:45 [67:31:53/37:18:20]  Acc_iter 73950       Data time: 0.00(0.04)  Forward time: 3.72(3.16)  Batch time: 3.72(3.20)
2025-03-27 04:54:02,013   INFO  
2025-03-27 04:56:41,302   INFO  Train:   20/30 ( 67%) [ 621/3862 ( 16%)]  Loss: -10.76 (-9.12)  LR: 1.973e-03  Time cost: 33:13/2:53:06 [67:34:34/37:15:56]  Acc_iter 74000       Data time: 0.00(0.04)  Forward time: 3.53(3.16)  Batch time: 3.53(3.20)
2025-03-27 04:58:28,660   INFO  Save latest model to /OpenPCDet/output/nuscenes_models/cbgs_voxel01_res3d_centerpoint_uncertainty/shifted_bounded_uncertainty/ckpt/latest_model
2025-03-27 04:59:23,362   INFO  Train:   20/30 ( 67%) [ 671/3862 ( 17%)]  Loss: -9.943 (-9.19)  LR: 1.970e-03  Time cost: 35:55/2:50:35 [67:37:16/37:15:09]  Acc_iter 74050       Data time: 0.00(0.04)  Forward time: 2.93(3.17)  Batch time: 2.93(3.21)
2025-03-27 05:01:58,606   INFO  Train:   20/30 ( 67%) [ 721/3862 ( 19%)]  Loss: -10.40 (-9.25)  LR: 1.967e-03  Time cost: 38:30/2:47:32 [67:39:51/37:07:32]  Acc_iter 74100       Data time: 0.00(0.04)  Forward time: 3.99(3.16)  Batch time: 3.99(3.20)
2025-03-27 05:01:59,993   INFO  
2025-03-27 05:03:30,664   INFO  Save latest model to /OpenPCDet/output/nuscenes_models/cbgs_voxel01_res3d_centerpoint_uncertainty/shifted_bounded_uncertainty/ckpt/latest_model
2025-03-27 05:04:45,259   INFO  Train:   20/30 ( 67%) [ 771/3862 ( 20%)]  Loss: -9.668 (-9.29)  LR: 1.964e-03  Time cost: 41:17/2:45:19 [67:42:38/37:10:50]  Acc_iter 74150       Data time: 0.00(0.04)  Forward time: 3.20(3.17)  Batch time: 3.20(3.21)
2025-03-27 05:07:25,671   INFO  Train:   20/30 ( 67%) [ 821/3862 ( 21%)]  Loss: -10.48 (-9.33)  LR: 1.960e-03  Time cost: 43:57/2:42:38 [67:45:18/37:08:08]  Acc_iter 74200       Data time: 0.00(0.04)  Forward time: 3.61(3.17)  Batch time: 3.61(3.21)
2025-03-27 05:08:29,441   INFO  Save latest model to /OpenPCDet/output/nuscenes_models/cbgs_voxel01_res3d_centerpoint_uncertainty/shifted_bounded_uncertainty/ckpt/latest_model
2025-03-27 05:10:05,395   INFO  Train:   20/30 ( 67%) [ 871/3862 ( 23%)]  Loss: -9.701 (-9.37)  LR: 1.957e-03  Time cost: 46:37/2:39:55 [67:47:58/37:04:53]  Acc_iter 74250       Data time: 0.00(0.03)  Forward time: 3.18(3.17)  Batch time: 3.18(3.21)
2025-03-27 05:10:06,899   INFO  
2025-03-27 05:12:49,298   INFO  Train:   20/30 ( 67%) [ 921/3862 ( 24%)]  Loss: -9.757 (-9.41)  LR: 1.954e-03  Time cost: 49:21/2:37:26 [67:50:42/37:04:50]  Acc_iter 74300       Data time: 0.08(0.03)  Forward time: 3.21(3.18)  Batch time: 3.29(3.21)
2025-03-27 05:13:29,710   INFO  Save latest model to /OpenPCDet/output/nuscenes_models/cbgs_voxel01_res3d_centerpoint_uncertainty/shifted_bounded_uncertainty/ckpt/latest_model
2025-03-27 05:15:32,570   INFO  Train:   20/30 ( 67%) [ 971/3862 ( 25%)]  Loss: -9.653 (-9.44)  LR: 1.951e-03  Time cost: 52:04/2:34:53 [67:53:25/37:04:04]  Acc_iter 74350       Data time: 0.00(0.03)  Forward time: 2.69(3.18)  Batch time: 2.70(3.21)
2025-03-27 05:18:13,763   INFO  Train:   20/30 ( 67%) [1021/3862 ( 26%)]  Loss: -9.529 (-9.47)  LR: 1.947e-03  Time cost: 54:45/2:32:14 [67:56:06/37:01:42]  Acc_iter 74400       Data time: 0.00(0.03)  Forward time: 3.95(3.18)  Batch time: 3.95(3.22)
2025-03-27 05:18:15,087   INFO  
2025-03-27 05:18:29,146   INFO  Save latest model to /OpenPCDet/output/nuscenes_models/cbgs_voxel01_res3d_centerpoint_uncertainty/shifted_bounded_uncertainty/ckpt/latest_model
2025-03-27 05:21:01,855   INFO  Train:   20/30 ( 67%) [1071/3862 ( 28%)]  Loss: -10.58 (-9.50)  LR: 1.944e-03  Time cost: 57:33/2:29:52 [67:58:54/37:03:44]  Acc_iter 74450       Data time: 0.00(0.03)  Forward time: 3.08(3.19)  Batch time: 3.08(3.22)
2025-03-27 05:23:28,887   INFO  Save latest model to /OpenPCDet/output/nuscenes_models/cbgs_voxel01_res3d_centerpoint_uncertainty/shifted_bounded_uncertainty/ckpt/latest_model
2025-03-27 05:23:38,697   INFO  Train:   20/30 ( 67%) [1121/3862 ( 29%)]  Loss: -10.16 (-9.52)  LR: 1.941e-03  Time cost: 1:00:10/2:27:01 [68:01:31/36:58:26]  Acc_iter 74500       Data time: 0.00(0.03)  Forward time: 3.57(3.19)  Batch time: 3.58(3.22)
2025-03-27 05:26:17,605   INFO  Train:   20/30 ( 67%) [1171/3862 ( 30%)]  Loss: -10.03 (-9.54)  LR: 1.938e-03  Time cost: 1:02:49/2:24:15 [68:04:10/36:54:35]  Acc_iter 74550       Data time: 0.02(0.03)  Forward time: 2.96(3.19)  Batch time: 2.97(3.22)
2025-03-27 05:26:18,525   INFO  
2025-03-27 05:28:29,576   INFO  Save latest model to /OpenPCDet/output/nuscenes_models/cbgs_voxel01_res3d_centerpoint_uncertainty/shifted_bounded_uncertainty/ckpt/latest_model
2025-03-27 05:29:00,315   INFO  Train:   20/30 ( 67%) [1221/3862 ( 32%)]  Loss: -10.35 (-9.56)  LR: 1.935e-03  Time cost: 1:05:32/2:21:38 [68:06:53/36:52:58]  Acc_iter 74600       Data time: 0.00(0.03)  Forward time: 3.08(3.19)  Batch time: 3.08(3.22)
2025-03-27 05:31:41,270   INFO  Train:   20/30 ( 67%) [1271/3862 ( 33%)]  Loss: -9.256 (-9.58)  LR: 1.931e-03  Time cost: 1:08:13/2:18:57 [68:09:34/36:50:18]  Acc_iter 74650       Data time: 0.00(0.03)  Forward time: 2.86(3.19)  Batch time: 2.86(3.22)
2025-03-27 05:33:30,230   INFO  Save latest model to /OpenPCDet/output/nuscenes_models/cbgs_voxel01_res3d_centerpoint_uncertainty/shifted_bounded_uncertainty/ckpt/latest_model
2025-03-27 05:34:25,323   INFO  Train:   20/30 ( 67%) [1321/3862 ( 34%)]  Loss: -9.810 (-9.55)  LR: 1.928e-03  Time cost: 1:10:57/2:16:23 [68:12:18/36:49:16]  Acc_iter 74700       Data time: 0.00(0.03)  Forward time: 2.68(3.19)  Batch time: 2.68(3.22)
2025-03-27 05:34:26,820   INFO  
2025-03-27 05:37:12,034   INFO  Train:   20/30 ( 67%) [1371/3862 ( 35%)]  Loss: -9.252 (-9.57)  LR: 1.925e-03  Time cost: 1:13:44/2:13:52 [68:15:05/36:49:25]  Acc_iter 74750       Data time: 0.01(0.03)  Forward time: 3.30(3.20)  Batch time: 3.31(3.22)
2025-03-27 05:38:28,575   INFO  Save latest model to /OpenPCDet/output/nuscenes_models/cbgs_voxel01_res3d_centerpoint_uncertainty/shifted_bounded_uncertainty/ckpt/latest_model
2025-03-27 05:40:01,336   INFO  Train:   20/30 ( 67%) [1421/3862 ( 37%)]  Loss: -9.747 (-9.58)  LR: 1.922e-03  Time cost: 1:16:33/2:11:25 [68:17:54/36:50:37]  Acc_iter 74800       Data time: 0.00(0.03)  Forward time: 2.73(3.20)  Batch time: 2.73(3.23)
2025-03-27 05:42:51,364   INFO  Train:   20/30 ( 67%) [1471/3862 ( 38%)]  Loss: -10.24 (-9.59)  LR: 1.918e-03  Time cost: 1:19:23/2:08:57 [68:20:44/36:51:53]  Acc_iter 74850       Data time: 0.00(0.03)  Forward time: 3.33(3.21)  Batch time: 3.33(3.24)
2025-03-27 05:42:52,526   INFO  
2025-03-27 05:43:30,235   INFO  Save latest model to /OpenPCDet/output/nuscenes_models/cbgs_voxel01_res3d_centerpoint_uncertainty/shifted_bounded_uncertainty/ckpt/latest_model
2025-03-27 05:45:35,697   INFO  Train:   20/30 ( 67%) [1521/3862 ( 39%)]  Loss: -10.86 (-9.61)  LR: 1.915e-03  Time cost: 1:22:07/2:06:19 [68:23:28/36:50:19]  Acc_iter 74900       Data time: 0.00(0.03)  Forward time: 3.62(3.21)  Batch time: 3.63(3.24)
2025-03-27 05:48:13,904   INFO  Train:   20/30 ( 67%) [1571/3862 ( 41%)]  Loss: -10.32 (-9.63)  LR: 1.912e-03  Time cost: 1:24:45/2:03:32 [68:26:07/36:46:01]  Acc_iter 74950       Data time: 0.00(0.03)  Forward time: 3.29(3.21)  Batch time: 3.29(3.24)
2025-03-27 05:48:31,536   INFO  Save latest model to /OpenPCDet/output/nuscenes_models/cbgs_voxel01_res3d_centerpoint_uncertainty/shifted_bounded_uncertainty/ckpt/latest_model
2025-03-27 05:50:48,343   INFO  Train:   20/30 ( 67%) [1621/3862 ( 42%)]  Loss: -10.38 (-9.64)  LR: 1.908e-03  Time cost: 1:27:20/2:00:40 [68:28:41/36:40:15]  Acc_iter 75000       Data time: 0.00(0.03)  Forward time: 2.91(3.20)  Batch time: 2.91(3.23)
2025-03-27 05:50:49,387   INFO  
2025-03-27 05:53:22,964   INFO  Train:   20/30 ( 67%) [1671/3862 ( 43%)]  Loss: -10.11 (-9.65)  LR: 1.905e-03  Time cost: 1:29:55/1:57:49 [68:31:16/36:34:45]  Acc_iter 75050       Data time: 0.01(0.03)  Forward time: 2.82(3.20)  Batch time: 2.83(3.23)
2025-03-27 05:53:29,039   INFO  Save latest model to /OpenPCDet/output/nuscenes_models/cbgs_voxel01_res3d_centerpoint_uncertainty/shifted_bounded_uncertainty/ckpt/latest_model
2025-03-27 05:55:56,221   INFO  Train:   20/30 ( 67%) [1721/3862 ( 45%)]  Loss: -10.12 (-9.66)  LR: 1.902e-03  Time cost: 1:32:28/1:54:58 [68:33:49/36:28:52]  Acc_iter 75100       Data time: 0.00(0.03)  Forward time: 3.48(3.20)  Batch time: 3.49(3.22)
2025-03-27 05:58:28,686   INFO  Save latest model to /OpenPCDet/output/nuscenes_models/cbgs_voxel01_res3d_centerpoint_uncertainty/shifted_bounded_uncertainty/ckpt/latest_model
2025-03-27 05:58:34,803   INFO  Train:   20/30 ( 67%) [1771/3862 ( 46%)]  Loss: -10.38 (-9.67)  LR: 1.899e-03  Time cost: 1:35:06/1:52:14 [68:36:27/36:25:13]  Acc_iter 75150       Data time: 0.00(0.03)  Forward time: 3.07(3.19)  Batch time: 3.07(3.22)
2025-03-27 05:58:35,849   INFO  
2025-03-27 06:01:23,106   INFO  Train:   20/30 ( 67%) [1821/3862 ( 47%)]  Loss: -10.23 (-9.68)  LR: 1.895e-03  Time cost: 1:37:55/1:49:41 [68:39:16/36:25:14]  Acc_iter 75200       Data time: 0.00(0.03)  Forward time: 3.20(3.20)  Batch time: 3.21(3.22)
2025-03-27 06:03:31,169   INFO  Save latest model to /OpenPCDet/output/nuscenes_models/cbgs_voxel01_res3d_centerpoint_uncertainty/shifted_bounded_uncertainty/ckpt/latest_model
2025-03-27 06:04:08,981   INFO  Train:   20/30 ( 67%) [1871/3862 ( 48%)]  Loss: -9.490 (-9.68)  LR: 1.892e-03  Time cost: 1:40:41/1:47:05 [68:42:02/36:24:14]  Acc_iter 75250       Data time: 0.01(0.03)  Forward time: 3.02(3.20)  Batch time: 3.03(3.23)
2025-03-27 06:06:57,082   INFO  Train:   20/30 ( 67%) [1921/3862 ( 50%)]  Loss: -10.14 (-9.69)  LR: 1.889e-03  Time cost: 1:43:29/1:44:30 [68:44:50/36:23:55]  Acc_iter 75300       Data time: 0.00(0.03)  Forward time: 3.08(3.21)  Batch time: 3.08(3.23)
2025-03-27 06:06:58,148   INFO  
2025-03-27 06:08:30,069   INFO  Save latest model to /OpenPCDet/output/nuscenes_models/cbgs_voxel01_res3d_centerpoint_uncertainty/shifted_bounded_uncertainty/ckpt/latest_model
2025-03-27 06:09:37,937   INFO  Train:   20/30 ( 67%) [1971/3862 ( 51%)]  Loss: -10.23 (-9.70)  LR: 1.886e-03  Time cost: 1:46:10/1:41:48 [68:47:31/36:21:00]  Acc_iter 75350       Data time: 0.00(0.03)  Forward time: 3.30(3.20)  Batch time: 3.31(3.23)
2025-03-27 06:12:18,750   INFO  Train:   20/30 ( 67%) [2021/3862 ( 52%)]  Loss: -9.449 (-9.71)  LR: 1.882e-03  Time cost: 1:48:50/1:39:06 [68:50:11/36:18:04]  Acc_iter 75400       Data time: 0.00(0.02)  Forward time: 3.38(3.20)  Batch time: 3.38(3.23)
2025-03-27 06:13:29,079   INFO  Save latest model to /OpenPCDet/output/nuscenes_models/cbgs_voxel01_res3d_centerpoint_uncertainty/shifted_bounded_uncertainty/ckpt/latest_model
2025-03-27 06:14:56,242   INFO  Train:   20/30 ( 67%) [2071/3862 ( 54%)]  Loss: -10.32 (-9.72)  LR: 1.879e-03  Time cost: 1:51:28/1:36:21 [68:52:49/36:14:05]  Acc_iter 75450       Data time: 0.00(0.02)  Forward time: 3.11(3.20)  Batch time: 3.12(3.23)
2025-03-27 06:14:57,229   INFO  
2025-03-27 06:17:35,882   INFO  Train:   20/30 ( 67%) [2121/3862 ( 55%)]  Loss: -10.26 (-9.73)  LR: 1.876e-03  Time cost: 1:54:07/1:33:38 [68:55:29/36:10:50]  Acc_iter 75500       Data time: 0.00(0.02)  Forward time: 3.47(3.20)  Batch time: 3.47(3.23)
2025-03-27 06:18:30,986   INFO  Save latest model to /OpenPCDet/output/nuscenes_models/cbgs_voxel01_res3d_centerpoint_uncertainty/shifted_bounded_uncertainty/ckpt/latest_model
2025-03-27 06:20:23,214   INFO  Train:   20/30 ( 67%) [2171/3862 ( 56%)]  Loss: -10.71 (-9.74)  LR: 1.873e-03  Time cost: 1:56:55/1:31:01 [68:58:16/36:09:59]  Acc_iter 75550       Data time: 0.00(0.02)  Forward time: 3.45(3.21)  Batch time: 3.45(3.23)
2025-03-27 06:23:06,515   INFO  Train:   20/30 ( 67%) [2221/3862 ( 58%)]  Loss: -9.816 (-9.74)  LR: 1.869e-03  Time cost: 1:59:38/1:28:21 [69:00:59/36:07:50]  Acc_iter 75600       Data time: 0.00(0.02)  Forward time: 3.49(3.21)  Batch time: 3.50(3.23)
2025-03-27 06:23:07,678   INFO  
2025-03-27 06:23:30,363   INFO  Save latest model to /OpenPCDet/output/nuscenes_models/cbgs_voxel01_res3d_centerpoint_uncertainty/shifted_bounded_uncertainty/ckpt/latest_model
2025-03-27 06:25:52,108   INFO  Train:   20/30 ( 67%) [2271/3862 ( 59%)]  Loss: -10.14 (-9.75)  LR: 1.866e-03  Time cost: 2:02:24/1:25:42 [69:03:45/36:06:21]  Acc_iter 75650       Data time: 0.00(0.02)  Forward time: 3.24(3.21)  Batch time: 3.25(3.23)
2025-03-27 06:28:28,302   INFO  Save latest model to /OpenPCDet/output/nuscenes_models/cbgs_voxel01_res3d_centerpoint_uncertainty/shifted_bounded_uncertainty/ckpt/latest_model
2025-03-27 06:28:34,694   INFO  Train:   20/30 ( 67%) [2321/3862 ( 60%)]  Loss: -9.760 (-9.76)  LR: 1.863e-03  Time cost: 2:05:06/1:23:01 [69:06:27/36:03:56]  Acc_iter 75700       Data time: 0.00(0.02)  Forward time: 2.97(3.21)  Batch time: 2.98(3.23)
2025-03-27 06:31:11,809   INFO  Train:   20/30 ( 67%) [2371/3862 ( 61%)]  Loss: -10.94 (-9.77)  LR: 1.859e-03  Time cost: 2:07:43/1:20:17 [69:09:04/35:59:58]  Acc_iter 75750       Data time: 0.01(0.02)  Forward time: 2.52(3.21)  Batch time: 2.53(3.23)
2025-03-27 06:31:12,876   INFO  
2025-03-27 06:33:29,801   INFO  Save latest model to /OpenPCDet/output/nuscenes_models/cbgs_voxel01_res3d_centerpoint_uncertainty/shifted_bounded_uncertainty/ckpt/latest_model
2025-03-27 06:33:57,086   INFO  Train:   20/30 ( 67%) [2421/3862 ( 63%)]  Loss: -10.76 (-9.78)  LR: 1.856e-03  Time cost: 2:10:29/1:17:38 [69:11:50/35:58:18]  Acc_iter 75800       Data time: 0.01(0.02)  Forward time: 3.78(3.21)  Batch time: 3.79(3.23)
2025-03-27 06:36:36,008   INFO  Train:   20/30 ( 67%) [2471/3862 ( 64%)]  Loss: -11.14 (-9.79)  LR: 1.853e-03  Time cost: 2:13:08/1:14:54 [69:14:29/35:54:52]  Acc_iter 75850       Data time: 0.00(0.02)  Forward time: 3.25(3.21)  Batch time: 3.26(3.23)
2025-03-27 06:38:30,031   INFO  Save latest model to /OpenPCDet/output/nuscenes_models/cbgs_voxel01_res3d_centerpoint_uncertainty/shifted_bounded_uncertainty/ckpt/latest_model
2025-03-27 06:39:19,825   INFO  Train:   20/30 ( 67%) [2521/3862 ( 65%)]  Loss: -10.61 (-9.79)  LR: 1.849e-03  Time cost: 2:15:51/1:12:14 [69:17:12/35:52:46]  Acc_iter 75900       Data time: 0.00(0.02)  Forward time: 3.29(3.21)  Batch time: 3.30(3.23)
2025-03-27 06:39:20,957   INFO  
2025-03-27 06:42:01,553   INFO  Train:   20/30 ( 67%) [2571/3862 ( 67%)]  Loss: -10.40 (-9.80)  LR: 1.846e-03  Time cost: 2:18:33/1:09:32 [69:19:54/35:50:06]  Acc_iter 75950       Data time: 0.00(0.02)  Forward time: 2.96(3.21)  Batch time: 2.96(3.23)
2025-03-27 06:43:28,278   INFO  Save latest model to /OpenPCDet/output/nuscenes_models/cbgs_voxel01_res3d_centerpoint_uncertainty/shifted_bounded_uncertainty/ckpt/latest_model
2025-03-27 06:44:44,133   INFO  Train:   20/30 ( 67%) [2621/3862 ( 68%)]  Loss: -9.799 (-9.80)  LR: 1.843e-03  Time cost: 2:21:16/1:06:51 [69:22:37/35:47:39]  Acc_iter 76000       Data time: 0.00(0.02)  Forward time: 3.73(3.21)  Batch time: 3.73(3.23)
2025-03-27 06:47:27,117   INFO  Train:   20/30 ( 67%) [2671/3862 ( 69%)]  Loss: -10.62 (-9.81)  LR: 1.840e-03  Time cost: 2:23:59/1:04:10 [69:25:20/35:45:18]  Acc_iter 76050       Data time: 0.00(0.02)  Forward time: 3.26(3.21)  Batch time: 3.26(3.23)
2025-03-27 06:47:28,089   INFO  
2025-03-27 06:48:29,537   INFO  Save latest model to /OpenPCDet/output/nuscenes_models/cbgs_voxel01_res3d_centerpoint_uncertainty/shifted_bounded_uncertainty/ckpt/latest_model
2025-03-27 06:50:16,228   INFO  Train:   20/30 ( 67%) [2721/3862 ( 70%)]  Loss: -10.48 (-9.82)  LR: 1.836e-03  Time cost: 2:26:48/1:01:32 [69:28:09/35:44:25]  Acc_iter 76100       Data time: 0.00(0.02)  Forward time: 5.04(3.21)  Batch time: 5.04(3.24)
2025-03-27 06:53:02,002   INFO  Train:   20/30 ( 67%) [2771/3862 ( 72%)]  Loss: -10.47 (-9.82)  LR: 1.833e-03  Time cost: 2:29:34/58:52 [69:30:55/35:42:40]  Acc_iter 76150       Data time: 0.00(0.02)  Forward time: 2.82(3.21)  Batch time: 2.83(3.24)
2025-03-27 06:53:29,767   INFO  Save latest model to /OpenPCDet/output/nuscenes_models/cbgs_voxel01_res3d_centerpoint_uncertainty/shifted_bounded_uncertainty/ckpt/latest_model
2025-03-27 06:55:49,127   INFO  Train:   20/30 ( 67%) [2821/3862 ( 73%)]  Loss: -10.28 (-9.83)  LR: 1.830e-03  Time cost: 2:32:21/56:12 [69:33:42/35:41:12]  Acc_iter 76200       Data time: 0.00(0.02)  Forward time: 3.18(3.22)  Batch time: 3.19(3.24)
2025-03-27 06:55:50,327   INFO  
2025-03-27 06:58:28,467   INFO  Save latest model to /OpenPCDet/output/nuscenes_models/cbgs_voxel01_res3d_centerpoint_uncertainty/shifted_bounded_uncertainty/ckpt/latest_model
2025-03-27 06:58:31,610   INFO  Train:   20/30 ( 67%) [2871/3862 ( 74%)]  Loss: -9.637 (-9.84)  LR: 1.826e-03  Time cost: 2:35:03/53:30 [69:36:24/35:38:37]  Acc_iter 76250       Data time: 0.33(0.02)  Forward time: 3.14(3.22)  Batch time: 3.47(3.24)
2025-03-27 07:01:19,706   INFO  Train:   20/30 ( 67%) [2921/3862 ( 76%)]  Loss: -10.07 (-9.84)  LR: 1.823e-03  Time cost: 2:37:51/50:50 [69:39:12/35:37:18]  Acc_iter 76300       Data time: 0.00(0.02)  Forward time: 3.10(3.22)  Batch time: 3.11(3.24)
2025-03-27 07:03:29,974   INFO  Save latest model to /OpenPCDet/output/nuscenes_models/cbgs_voxel01_res3d_centerpoint_uncertainty/shifted_bounded_uncertainty/ckpt/latest_model
2025-03-27 07:04:02,073   INFO  Train:   20/30 ( 67%) [2971/3862 ( 77%)]  Loss: -10.52 (-9.84)  LR: 1.820e-03  Time cost: 2:40:34/48:08 [69:41:55/35:34:40]  Acc_iter 76350       Data time: 0.00(0.02)  Forward time: 2.89(3.22)  Batch time: 2.90(3.24)
2025-03-27 07:04:03,221   INFO  
2025-03-27 07:06:49,186   INFO  Train:   20/30 ( 67%) [3021/3862 ( 78%)]  Loss: -10.30 (-9.85)  LR: 1.816e-03  Time cost: 2:43:21/45:27 [69:44:42/35:33:04]  Acc_iter 76400       Data time: 0.00(0.02)  Forward time: 3.43(3.22)  Batch time: 3.43(3.24)
2025-03-27 07:08:28,404   INFO  Save latest model to /OpenPCDet/output/nuscenes_models/cbgs_voxel01_res3d_centerpoint_uncertainty/shifted_bounded_uncertainty/ckpt/latest_model
2025-03-27 07:09:30,414   INFO  Train:   20/30 ( 67%) [3071/3862 ( 80%)]  Loss: -10.41 (-9.85)  LR: 1.813e-03  Time cost: 2:46:02/42:45 [69:47:23/35:30:09]  Acc_iter 76450       Data time: 0.00(0.02)  Forward time: 2.96(3.22)  Batch time: 2.97(3.24)
2025-03-27 07:12:16,400   INFO  Train:   20/30 ( 67%) [3121/3862 ( 81%)]  Loss: -9.624 (-9.85)  LR: 1.810e-03  Time cost: 2:48:48/40:03 [69:50:09/35:28:16]  Acc_iter 76500       Data time: 0.00(0.02)  Forward time: 3.61(3.22)  Batch time: 3.62(3.24)
2025-03-27 07:12:17,421   INFO  
2025-03-27 07:13:32,058   INFO  Save latest model to /OpenPCDet/output/nuscenes_models/cbgs_voxel01_res3d_centerpoint_uncertainty/shifted_bounded_uncertainty/ckpt/latest_model
2025-03-27 07:15:05,788   INFO  Train:   20/30 ( 67%) [3171/3862 ( 82%)]  Loss: -9.776 (-9.85)  LR: 1.806e-03  Time cost: 2:51:37/37:23 [69:52:58/35:27:02]  Acc_iter 76550       Data time: 0.01(0.02)  Forward time: 3.96(3.22)  Batch time: 3.97(3.25)
2025-03-27 07:17:55,964   INFO  Train:   20/30 ( 67%) [3221/3862 ( 83%)]  Loss: -10.87 (-9.86)  LR: 1.803e-03  Time cost: 2:54:28/34:42 [69:55:49/35:25:56]  Acc_iter 76600       Data time: 0.01(0.02)  Forward time: 4.12(3.23)  Batch time: 4.13(3.25)
2025-03-27 07:18:31,806   INFO  Save latest model to /OpenPCDet/output/nuscenes_models/cbgs_voxel01_res3d_centerpoint_uncertainty/shifted_bounded_uncertainty/ckpt/latest_model
2025-03-27 07:20:40,617   INFO  Train:   20/30 ( 67%) [3271/3862 ( 85%)]  Loss: -10.75 (-9.86)  LR: 1.800e-03  Time cost: 2:57:12/32:00 [69:58:33/35:23:40]  Acc_iter 76650       Data time: 0.00(0.02)  Forward time: 3.70(3.23)  Batch time: 3.70(3.25)
2025-03-27 07:20:41,831   INFO  
2025-03-27 07:23:27,119   INFO  Train:   20/30 ( 67%) [3321/3862 ( 86%)]  Loss: -10.30 (-9.87)  LR: 1.797e-03  Time cost: 2:59:59/29:18 [70:01:20/35:21:45]  Acc_iter 76700       Data time: 0.00(0.02)  Forward time: 3.04(3.23)  Batch time: 3.04(3.25)
2025-03-27 07:23:30,957   INFO  Save latest model to /OpenPCDet/output/nuscenes_models/cbgs_voxel01_res3d_centerpoint_uncertainty/shifted_bounded_uncertainty/ckpt/latest_model
2025-03-27 07:26:11,460   INFO  Train:   20/30 ( 67%) [3371/3862 ( 87%)]  Loss: -10.51 (-9.87)  LR: 1.793e-03  Time cost: 3:02:43/26:36 [70:04:04/35:19:23]  Acc_iter 76750       Data time: 0.00(0.02)  Forward time: 2.72(3.23)  Batch time: 2.72(3.25)
2025-03-27 07:28:31,497   INFO  Save latest model to /OpenPCDet/output/nuscenes_models/cbgs_voxel01_res3d_centerpoint_uncertainty/shifted_bounded_uncertainty/ckpt/latest_model
2025-03-27 07:28:49,676   INFO  Train:   20/30 ( 67%) [3421/3862 ( 89%)]  Loss: -10.20 (-9.88)  LR: 1.790e-03  Time cost: 3:05:21/23:53 [70:06:42/35:15:51]  Acc_iter 76800       Data time: 0.00(0.02)  Forward time: 2.71(3.23)  Batch time: 2.71(3.25)
2025-03-27 07:28:50,646   INFO  
2025-03-27 07:31:32,315   INFO  Train:   20/30 ( 67%) [3471/3862 ( 90%)]  Loss: -10.64 (-9.88)  LR: 1.787e-03  Time cost: 3:08:04/21:10 [70:09:25/35:13:10]  Acc_iter 76850       Data time: 0.00(0.02)  Forward time: 3.33(3.23)  Batch time: 3.34(3.25)
2025-03-27 07:33:30,771   INFO  Save latest model to /OpenPCDet/output/nuscenes_models/cbgs_voxel01_res3d_centerpoint_uncertainty/shifted_bounded_uncertainty/ckpt/latest_model
2025-03-27 07:34:14,902   INFO  Train:   20/30 ( 67%) [3521/3862 ( 91%)]  Loss: -10.30 (-9.88)  LR: 1.783e-03  Time cost: 3:10:46/18:28 [70:12:08/35:10:28]  Acc_iter 76900       Data time: 0.00(0.02)  Forward time: 3.25(3.23)  Batch time: 3.26(3.25)
2025-03-27 07:37:01,604   INFO  Train:   20/30 ( 67%) [3571/3862 ( 92%)]  Loss: -10.16 (-9.89)  LR: 1.780e-03  Time cost: 3:13:33/15:46 [70:14:54/35:08:31]  Acc_iter 76950       Data time: 0.00(0.02)  Forward time: 3.85(3.23)  Batch time: 3.86(3.25)
2025-03-27 07:37:02,744   INFO  
2025-03-27 07:38:28,688   INFO  Save latest model to /OpenPCDet/output/nuscenes_models/cbgs_voxel01_res3d_centerpoint_uncertainty/shifted_bounded_uncertainty/ckpt/latest_model
2025-03-27 07:39:45,763   INFO  Train:   20/30 ( 67%) [3621/3862 ( 94%)]  Loss: -10.73 (-9.89)  LR: 1.777e-03  Time cost: 3:16:17/13:03 [70:17:38/35:06:06]  Acc_iter 77000       Data time: 0.00(0.02)  Forward time: 3.02(3.23)  Batch time: 3.03(3.25)
2025-03-27 07:42:29,526   INFO  Train:   20/30 ( 67%) [3671/3862 ( 95%)]  Loss: -9.896 (-9.89)  LR: 1.773e-03  Time cost: 3:19:01/10:21 [70:20:22/35:03:36]  Acc_iter 77050       Data time: 0.00(0.02)  Forward time: 3.28(3.23)  Batch time: 3.29(3.25)
2025-03-27 07:43:28,234   INFO  Save latest model to /OpenPCDet/output/nuscenes_models/cbgs_voxel01_res3d_centerpoint_uncertainty/shifted_bounded_uncertainty/ckpt/latest_model
2025-03-27 07:45:04,245   INFO  Train:   20/30 ( 67%) [3721/3862 ( 96%)]  Loss: -10.42 (-9.90)  LR: 1.770e-03  Time cost: 3:21:36/07:38 [70:22:57/34:59:31]  Acc_iter 77100       Data time: 0.00(0.02)  Forward time: 3.03(3.23)  Batch time: 3.03(3.25)
2025-03-27 07:45:05,343   INFO  
2025-03-27 07:47:49,856   INFO  Train:   20/30 ( 67%) [3771/3862 ( 98%)]  Loss: -10.46 (-9.90)  LR: 1.767e-03  Time cost: 3:24:21/04:55 [70:25:42/34:57:20]  Acc_iter 77150       Data time: 0.00(0.02)  Forward time: 2.94(3.23)  Batch time: 2.94(3.25)
2025-03-27 07:48:29,324   INFO  Save latest model to /OpenPCDet/output/nuscenes_models/cbgs_voxel01_res3d_centerpoint_uncertainty/shifted_bounded_uncertainty/ckpt/latest_model
2025-03-27 07:50:27,230   INFO  Train:   20/30 ( 67%) [3821/3862 ( 99%)]  Loss: -10.42 (-9.90)  LR: 1.763e-03  Time cost: 3:26:59/02:13 [70:28:20/34:53:46]  Acc_iter 77200       Data time: 0.00(0.02)  Forward time: 2.99(3.23)  Batch time: 2.99(3.25)
2025-03-27 07:52:31,307   INFO  Train:   20/30 ( 67%) [3861/3862 (100%)]  Loss: -10.42 (-9.91)  LR: 1.761e-03  Time cost: 3:29:03/00:03 [70:30:24/34:50:37]  Acc_iter 77240       Data time: 0.00(0.02)  Forward time: 2.47(3.23)  Batch time: 2.47(3.25)
2025-03-27 07:52:57,419   INFO  Train:   21/30 ( 70%) [   0/3862 (  0%)]  Loss: -10.71 (-10.7)  LR: 1.760e-03  Time cost: 00:23/24:44:16 [70:30:50/247:22:40]  Acc_iter 77241       Data time: 18.94(18.94)  Forward time: 4.12(4.12)  Batch time: 23.06(23.06)
2025-03-27 07:53:31,032   INFO  Train:   21/30 ( 70%) [   9/3862 (  0%)]  Loss: -10.20 (-10.3)  LR: 1.760e-03  Time cost: 00:56/6:03:55 [70:31:24/60:46:55]  Acc_iter 77250       Data time: 0.02(1.90)  Forward time: 4.43(3.77)  Batch time: 4.45(5.67)
2025-03-27 07:53:32,153   INFO  
2025-03-27 07:56:32,295   INFO  Train:   21/30 ( 70%) [  59/3862 (  2%)]  Loss: -9.993 (-10.2)  LR: 1.757e-03  Time cost: 03:57/4:11:21 [70:34:25/42:28:36]  Acc_iter 77300       Data time: 0.00(0.34)  Forward time: 3.78(3.62)  Batch time: 3.79(3.97)
2025-03-27 07:57:38,213   INFO  Save latest model to /OpenPCDet/output/nuscenes_models/cbgs_voxel01_res3d_centerpoint_uncertainty/shifted_bounded_uncertainty/ckpt/latest_model
2025-03-27 07:59:24,258   INFO  Train:   21/30 ( 70%) [ 109/3862 (  3%)]  Loss: -10.57 (-10.2)  LR: 1.753e-03  Time cost: 06:49/3:53:04 [70:37:17/39:51:45]  Acc_iter 77350       Data time: 0.00(0.19)  Forward time: 4.24(3.53)  Batch time: 4.24(3.73)
2025-03-27 08:02:07,981   INFO  Train:   21/30 ( 70%) [ 159/3862 (  4%)]  Loss: -9.665 (-10.2)  LR: 1.750e-03  Time cost: 09:33/3:41:15 [70:40:01/38:18:07]  Acc_iter 77400       Data time: 0.00(0.13)  Forward time: 3.60(3.45)  Batch time: 3.61(3.59)
2025-03-27 08:02:09,201   INFO  
2025-03-27 08:02:34,990   INFO  Save latest model to /OpenPCDet/output/nuscenes_models/cbgs_voxel01_res3d_centerpoint_uncertainty/shifted_bounded_uncertainty/ckpt/latest_model
2025-03-27 08:04:49,307   INFO  Train:   21/30 ( 70%) [ 209/3862 (  5%)]  Loss: -10.30 (-10.2)  LR: 1.747e-03  Time cost: 12:14/3:33:04 [70:42:42/37:20:28]  Acc_iter 77450       Data time: 0.00(0.11)  Forward time: 2.54(3.39)  Batch time: 2.55(3.50)
2025-03-27 08:07:23,332   INFO  Train:   21/30 ( 70%) [ 259/3862 (  7%)]  Loss: -9.877 (-10.2)  LR: 1.743e-03  Time cost: 14:48/3:25:19 [70:45:16/36:26:01]  Acc_iter 77500       Data time: 0.00(0.09)  Forward time: 4.16(3.33)  Batch time: 4.17(3.42)
2025-03-27 08:07:37,331   INFO  Save latest model to /OpenPCDet/output/nuscenes_models/cbgs_voxel01_res3d_centerpoint_uncertainty/shifted_bounded_uncertainty/ckpt/latest_model
2025-03-27 08:10:07,452   INFO  Train:   21/30 ( 70%) [ 309/3862 (  8%)]  Loss: -9.453 (-10.2)  LR: 1.740e-03  Time cost: 17:33/3:21:09 [70:48:00/36:09:05]  Acc_iter 77550       Data time: 0.00(0.08)  Forward time: 2.77(3.32)  Batch time: 2.77(3.40)
2025-03-27 08:10:08,641   INFO  
2025-03-27 08:12:35,904   INFO  Save latest model to /OpenPCDet/output/nuscenes_models/cbgs_voxel01_res3d_centerpoint_uncertainty/shifted_bounded_uncertainty/ckpt/latest_model
2025-03-27 08:12:48,741   INFO  Train:   21/30 ( 70%) [ 359/3862 (  9%)]  Loss: -9.753 (-10.2)  LR: 1.736e-03  Time cost: 20:14/3:16:56 [70:50:41/35:51:05]  Acc_iter 77600       Data time: 0.00(0.07)  Forward time: 2.45(3.30)  Batch time: 2.46(3.37)
2025-03-27 08:15:25,805   INFO  Train:   21/30 ( 70%) [ 409/3862 ( 11%)]  Loss: -9.889 (-10.2)  LR: 1.733e-03  Time cost: 22:51/3:12:30 [70:53:18/35:30:15]  Acc_iter 77650       Data time: 0.00(0.06)  Forward time: 2.85(3.28)  Batch time: 2.86(3.34)
2025-03-27 08:17:35,250   INFO  Save latest model to /OpenPCDet/output/nuscenes_models/cbgs_voxel01_res3d_centerpoint_uncertainty/shifted_bounded_uncertainty/ckpt/latest_model
2025-03-27 08:18:04,272   INFO  Train:   21/30 ( 70%) [ 459/3862 ( 12%)]  Loss: -10.28 (-10.2)  LR: 1.730e-03  Time cost: 25:29/3:08:38 [70:55:57/35:15:19]  Acc_iter 77700       Data time: 0.01(0.06)  Forward time: 4.02(3.27)  Batch time: 4.03(3.33)
2025-03-27 08:18:05,409   INFO  
2025-03-27 08:20:57,279   INFO  Train:   21/30 ( 70%) [ 509/3862 ( 13%)]  Loss: -10.06 (-10.2)  LR: 1.726e-03  Time cost: 28:22/3:06:35 [70:58:50/35:20:54]  Acc_iter 77750       Data time: 0.00(0.06)  Forward time: 3.93(3.28)  Batch time: 3.93(3.34)
2025-03-27 08:22:34,759   INFO  Save latest model to /OpenPCDet/output/nuscenes_models/cbgs_voxel01_res3d_centerpoint_uncertainty/shifted_bounded_uncertainty/ckpt/latest_model
2025-03-27 08:23:39,908   INFO  Train:   21/30 ( 70%) [ 559/3862 ( 14%)]  Loss: -10.46 (-10.2)  LR: 1.723e-03  Time cost: 31:05/3:03:23 [71:01:33/35:13:13]  Acc_iter 77800       Data time: 0.00(0.05)  Forward time: 2.82(3.28)  Batch time: 2.82(3.33)
2025-03-27 08:26:23,352   INFO  Train:   21/30 ( 70%) [ 609/3862 ( 16%)]  Loss: -10.51 (-10.2)  LR: 1.720e-03  Time cost: 33:48/3:00:20 [71:04:16/35:07:12]  Acc_iter 77850       Data time: 0.00(0.05)  Forward time: 2.76(3.28)  Batch time: 2.77(3.33)
2025-03-27 08:26:24,583   INFO  
2025-03-27 08:27:36,241   INFO  Save latest model to /OpenPCDet/output/nuscenes_models/cbgs_voxel01_res3d_centerpoint_uncertainty/shifted_bounded_uncertainty/ckpt/latest_model
2025-03-27 08:29:13,377   INFO  Train:   21/30 ( 70%) [ 659/3862 ( 17%)]  Loss: -10.14 (-10.2)  LR: 1.716e-03  Time cost: 36:39/2:57:51 [71:07:06/35:08:00]  Acc_iter 77900       Data time: 0.00(0.05)  Forward time: 3.46(3.28)  Batch time: 3.46(3.33)
2025-03-27 08:31:54,864   INFO  Train:   21/30 ( 70%) [ 709/3862 ( 18%)]  Loss: -10.30 (-10.2)  LR: 1.713e-03  Time cost: 39:20/2:54:42 [71:09:47/35:00:40]  Acc_iter 77950       Data time: 0.00(0.04)  Forward time: 3.82(3.28)  Batch time: 3.83(3.32)
2025-03-27 08:32:35,882   INFO  Save latest model to /OpenPCDet/output/nuscenes_models/cbgs_voxel01_res3d_centerpoint_uncertainty/shifted_bounded_uncertainty/ckpt/latest_model
2025-03-27 08:34:33,789   INFO  Train:   21/30 ( 70%) [ 759/3862 ( 20%)]  Loss: -10.52 (-10.2)  LR: 1.710e-03  Time cost: 41:59/2:51:26 [71:12:26/34:51:50]  Acc_iter 78000       Data time: 0.00(0.04)  Forward time: 3.48(3.27)  Batch time: 3.48(3.32)
2025-03-27 08:34:34,930   INFO  
2025-03-27 08:37:18,571   INFO  Train:   21/30 ( 70%) [ 809/3862 ( 21%)]  Loss: -10.56 (-10.2)  LR: 1.706e-03  Time cost: 44:44/2:48:37 [71:15:11/34:48:19]  Acc_iter 78050       Data time: 0.00(0.04)  Forward time: 3.08(3.27)  Batch time: 3.08(3.31)
2025-03-27 08:37:36,696   INFO  Save latest model to /OpenPCDet/output/nuscenes_models/cbgs_voxel01_res3d_centerpoint_uncertainty/shifted_bounded_uncertainty/ckpt/latest_model
2025-03-27 08:40:00,304   INFO  Train:   21/30 ( 70%) [ 859/3862 ( 22%)]  Loss: -9.809 (-10.2)  LR: 1.703e-03  Time cost: 47:25/2:45:37 [71:17:53/34:42:40]  Acc_iter 78100       Data time: 0.00(0.04)  Forward time: 3.78(3.27)  Batch time: 3.78(3.31)
2025-03-27 08:42:36,563   INFO  Save latest model to /OpenPCDet/output/nuscenes_models/cbgs_voxel01_res3d_centerpoint_uncertainty/shifted_bounded_uncertainty/ckpt/latest_model
2025-03-27 08:42:45,734   INFO  Train:   21/30 ( 70%) [ 909/3862 ( 24%)]  Loss: -9.802 (-10.2)  LR: 1.700e-03  Time cost: 50:11/2:42:52 [71:20:38/34:39:53]  Acc_iter 78150       Data time: 0.00(0.04)  Forward time: 2.83(3.27)  Batch time: 2.83(3.31)
2025-03-27 08:42:46,690   INFO  
2025-03-27 08:45:29,946   INFO  Train:   21/30 ( 70%) [ 959/3862 ( 25%)]  Loss: -10.23 (-10.2)  LR: 1.696e-03  Time cost: 52:55/2:40:02 [71:23:23/34:36:18]  Acc_iter 78200       Data time: 0.00(0.04)  Forward time: 3.47(3.27)  Batch time: 3.48(3.31)
2025-03-27 08:47:36,853   INFO  Save latest model to /OpenPCDet/output/nuscenes_models/cbgs_voxel01_res3d_centerpoint_uncertainty/shifted_bounded_uncertainty/ckpt/latest_model
2025-03-27 08:48:15,143   INFO  Train:   21/30 ( 70%) [1009/3862 ( 26%)]  Loss: -10.06 (-10.2)  LR: 1.693e-03  Time cost: 55:40/2:37:16 [71:26:08/34:33:26]  Acc_iter 78250       Data time: 0.00(0.04)  Forward time: 3.34(3.27)  Batch time: 3.35(3.31)
2025-03-27 08:50:54,014   INFO  Train:   21/30 ( 70%) [1059/3862 ( 27%)]  Loss: -9.678 (-10.2)  LR: 1.690e-03  Time cost: 58:19/2:34:14 [71:28:47/34:26:49]  Acc_iter 78300       Data time: 0.00(0.04)  Forward time: 3.42(3.27)  Batch time: 3.42(3.30)
2025-03-27 08:50:55,131   INFO  
2025-03-27 08:52:35,353   INFO  Save latest model to /OpenPCDet/output/nuscenes_models/cbgs_voxel01_res3d_centerpoint_uncertainty/shifted_bounded_uncertainty/ckpt/latest_model
2025-03-27 08:53:36,058   INFO  Train:   21/30 ( 70%) [1109/3862 ( 29%)]  Loss: -10.32 (-10.2)  LR: 1.686e-03  Time cost: 1:01:01/2:31:21 [71:31:29/34:22:22]  Acc_iter 78350       Data time: 0.00(0.04)  Forward time: 3.07(3.26)  Batch time: 3.07(3.30)
2025-03-27 08:56:19,929   INFO  Train:   21/30 ( 70%) [1159/3862 ( 30%)]  Loss: -10.02 (-10.2)  LR: 1.683e-03  Time cost: 1:03:45/2:28:34 [71:34:13/34:19:02]  Acc_iter 78400       Data time: 0.00(0.03)  Forward time: 3.64(3.26)  Batch time: 3.65(3.30)
2025-03-27 08:57:37,672   INFO  Save latest model to /OpenPCDet/output/nuscenes_models/cbgs_voxel01_res3d_centerpoint_uncertainty/shifted_bounded_uncertainty/ckpt/latest_model
2025-03-27 08:59:11,758   INFO  Train:   21/30 ( 70%) [1209/3862 ( 31%)]  Loss: -9.626 (-10.2)  LR: 1.679e-03  Time cost: 1:06:37/2:26:04 [71:37:04/34:19:52]  Acc_iter 78450       Data time: 0.00(0.03)  Forward time: 2.76(3.27)  Batch time: 2.76(3.30)
2025-03-27 08:59:13,004   INFO  
2025-03-27 09:01:58,335   INFO  Train:   21/30 ( 70%) [1259/3862 ( 33%)]  Loss: -10.52 (-10.2)  LR: 1.676e-03  Time cost: 1:09:23/2:23:22 [71:39:51/34:17:48]  Acc_iter 78500       Data time: 0.00(0.03)  Forward time: 3.49(3.27)  Batch time: 3.50(3.30)
2025-03-27 09:02:36,933   INFO  Save latest model to /OpenPCDet/output/nuscenes_models/cbgs_voxel01_res3d_centerpoint_uncertainty/shifted_bounded_uncertainty/ckpt/latest_model
2025-03-27 09:04:38,343   INFO  Train:   21/30 ( 70%) [1309/3862 ( 34%)]  Loss: -10.26 (-10.2)  LR: 1.673e-03  Time cost: 1:12:03/2:20:26 [71:42:31/34:12:34]  Acc_iter 78550       Data time: 0.01(0.03)  Forward time: 3.38(3.27)  Batch time: 3.39(3.30)
2025-03-27 09:07:22,857   INFO  Train:   21/30 ( 70%) [1359/3862 ( 35%)]  Loss: -9.804 (-10.2)  LR: 1.669e-03  Time cost: 1:14:48/2:17:40 [71:45:15/34:09:34]  Acc_iter 78600       Data time: 0.00(0.03)  Forward time: 3.81(3.27)  Batch time: 3.82(3.30)
2025-03-27 09:07:24,085   INFO  
2025-03-27 09:07:35,350   INFO  Save latest model to /OpenPCDet/output/nuscenes_models/cbgs_voxel01_res3d_centerpoint_uncertainty/shifted_bounded_uncertainty/ckpt/latest_model
2025-03-27 09:10:04,905   INFO  Train:   21/30 ( 70%) [1409/3862 ( 36%)]  Loss: -10.58 (-8.99)  LR: 1.666e-03  Time cost: 1:17:30/2:14:50 [71:47:58/34:05:31]  Acc_iter 78650       Data time: 0.00(0.03)  Forward time: 4.16(3.27)  Batch time: 4.16(3.30)
2025-03-27 09:12:36,182   INFO  Save latest model to /OpenPCDet/output/nuscenes_models/cbgs_voxel01_res3d_centerpoint_uncertainty/shifted_bounded_uncertainty/ckpt/latest_model
2025-03-27 09:12:38,665   INFO  Train:   21/30 ( 70%) [1459/3862 ( 38%)]  Loss: -10.45 (-9.03)  LR: 1.663e-03  Time cost: 1:20:04/2:11:47 [71:50:31/33:58:02]  Acc_iter 78700       Data time: 0.47(0.03)  Forward time: 2.48(3.26)  Batch time: 2.95(3.29)
2025-03-27 09:15:16,306   INFO  Train:   21/30 ( 70%) [1509/3862 ( 39%)]  Loss: -10.92 (-9.07)  LR: 1.659e-03  Time cost: 1:22:41/2:08:52 [71:53:09/33:52:28]  Acc_iter 78750       Data time: 0.00(0.03)  Forward time: 2.98(3.26)  Batch time: 2.98(3.29)
2025-03-27 09:15:17,411   INFO  
2025-03-27 09:17:35,372   INFO  Save latest model to /OpenPCDet/output/nuscenes_models/cbgs_voxel01_res3d_centerpoint_uncertainty/shifted_bounded_uncertainty/ckpt/latest_model
2025-03-27 09:17:56,979   INFO  Train:   21/30 ( 70%) [1559/3862 ( 40%)]  Loss: -10.70 (-9.09)  LR: 1.656e-03  Time cost: 1:25:22/2:06:02 [71:55:50/33:48:18]  Acc_iter 78800       Data time: 0.00(0.03)  Forward time: 3.02(3.25)  Batch time: 3.02(3.28)
2025-03-27 09:20:37,373   INFO  Train:   21/30 ( 70%) [1609/3862 ( 42%)]  Loss: -10.47 (-9.13)  LR: 1.652e-03  Time cost: 1:28:03/2:03:12 [71:58:30/33:44:06]  Acc_iter 78850       Data time: 0.00(0.03)  Forward time: 3.48(3.25)  Batch time: 3.48(3.28)
2025-03-27 09:22:34,745   INFO  Save latest model to /OpenPCDet/output/nuscenes_models/cbgs_voxel01_res3d_centerpoint_uncertainty/shifted_bounded_uncertainty/ckpt/latest_model
2025-03-27 09:23:23,404   INFO  Train:   21/30 ( 70%) [1659/3862 ( 43%)]  Loss: -10.43 (-9.16)  LR: 1.649e-03  Time cost: 1:30:49/2:00:31 [72:01:16/33:42:06]  Acc_iter 78900       Data time: 0.00(0.03)  Forward time: 3.40(3.25)  Batch time: 3.40(3.28)
2025-03-27 09:23:25,068   INFO  
2025-03-27 09:26:13,847   INFO  Train:   21/30 ( 70%) [1709/3862 ( 44%)]  Loss: -9.824 (-9.19)  LR: 1.646e-03  Time cost: 1:33:39/1:57:55 [72:04:06/33:41:38]  Acc_iter 78950       Data time: 0.00(0.03)  Forward time: 3.47(3.26)  Batch time: 3.47(3.29)
2025-03-27 09:27:36,744   INFO  Save latest model to /OpenPCDet/output/nuscenes_models/cbgs_voxel01_res3d_centerpoint_uncertainty/shifted_bounded_uncertainty/ckpt/latest_model
2025-03-27 09:28:56,068   INFO  Train:   21/30 ( 70%) [1759/3862 ( 46%)]  Loss: -10.52 (-9.22)  LR: 1.642e-03  Time cost: 1:36:21/1:55:08 [72:06:49/33:38:10]  Acc_iter 79000       Data time: 0.01(0.03)  Forward time: 2.57(3.26)  Batch time: 2.58(3.29)
2025-03-27 09:31:36,791   INFO  Train:   21/30 ( 70%) [1809/3862 ( 47%)]  Loss: -10.62 (-9.25)  LR: 1.639e-03  Time cost: 1:39:02/1:52:20 [72:09:29/33:34:14]  Acc_iter 79050       Data time: 0.00(0.03)  Forward time: 3.12(3.26)  Batch time: 3.12(3.28)
2025-03-27 09:31:37,738   INFO  
2025-03-27 09:32:35,995   INFO  Save latest model to /OpenPCDet/output/nuscenes_models/cbgs_voxel01_res3d_centerpoint_uncertainty/shifted_bounded_uncertainty/ckpt/latest_model
2025-03-27 09:34:21,816   INFO  Train:   21/30 ( 70%) [1859/3862 ( 48%)]  Loss: -10.53 (-9.29)  LR: 1.636e-03  Time cost: 1:41:47/1:49:37 [72:12:14/33:31:47]  Acc_iter 79100       Data time: 0.01(0.03)  Forward time: 3.54(3.26)  Batch time: 3.54(3.28)
2025-03-27 09:37:12,622   INFO  Train:   21/30 ( 70%) [1909/3862 ( 49%)]  Loss: -9.588 (-9.31)  LR: 1.632e-03  Time cost: 1:44:38/1:46:59 [72:15:05/33:31:10]  Acc_iter 79150       Data time: 0.00(0.03)  Forward time: 3.84(3.26)  Batch time: 3.84(3.29)
2025-03-27 09:37:35,445   INFO  Save latest model to /OpenPCDet/output/nuscenes_models/cbgs_voxel01_res3d_centerpoint_uncertainty/shifted_bounded_uncertainty/ckpt/latest_model
2025-03-27 09:40:01,683   INFO  Train:   21/30 ( 70%) [1959/3862 ( 51%)]  Loss: -9.114 (-9.33)  LR: 1.629e-03  Time cost: 1:47:27/1:44:19 [72:17:54/33:29:54]  Acc_iter 79200       Data time: 0.00(0.03)  Forward time: 3.15(3.26)  Batch time: 3.15(3.29)
2025-03-27 09:40:02,772   INFO  
2025-03-27 09:42:36,865   INFO  Save latest model to /OpenPCDet/output/nuscenes_models/cbgs_voxel01_res3d_centerpoint_uncertainty/shifted_bounded_uncertainty/ckpt/latest_model
2025-03-27 09:42:43,242   INFO  Train:   21/30 ( 70%) [2009/3862 ( 52%)]  Loss: -10.16 (-9.36)  LR: 1.625e-03  Time cost: 1:50:08/1:41:32 [72:20:36/33:26:17]  Acc_iter 79250       Data time: 0.00(0.03)  Forward time: 3.63(3.26)  Batch time: 3.63(3.29)
2025-03-27 09:45:29,409   INFO  Train:   21/30 ( 70%) [2059/3862 ( 53%)]  Loss: -10.27 (-9.38)  LR: 1.622e-03  Time cost: 1:52:55/1:38:49 [72:23:22/33:24:03]  Acc_iter 79300       Data time: 0.01(0.03)  Forward time: 3.55(3.26)  Batch time: 3.55(3.29)
2025-03-27 09:47:36,065   INFO  Save latest model to /OpenPCDet/output/nuscenes_models/cbgs_voxel01_res3d_centerpoint_uncertainty/shifted_bounded_uncertainty/ckpt/latest_model
2025-03-27 09:48:14,693   INFO  Train:   21/30 ( 70%) [2109/3862 ( 55%)]  Loss: -10.60 (-9.41)  LR: 1.619e-03  Time cost: 1:55:40/1:36:06 [72:26:07/33:21:34]  Acc_iter 79350       Data time: 0.00(0.03)  Forward time: 3.53(3.26)  Batch time: 3.54(3.29)
2025-03-27 09:48:15,884   INFO  
2025-03-27 09:51:04,359   INFO  Train:   21/30 ( 70%) [2159/3862 ( 56%)]  Loss: -10.36 (-9.43)  LR: 1.615e-03  Time cost: 1:58:29/1:33:25 [72:28:57/33:20:17]  Acc_iter 79400       Data time: 0.00(0.03)  Forward time: 3.44(3.27)  Batch time: 3.45(3.29)
2025-03-27 09:52:34,850   INFO  Save latest model to /OpenPCDet/output/nuscenes_models/cbgs_voxel01_res3d_centerpoint_uncertainty/shifted_bounded_uncertainty/ckpt/latest_model
2025-03-27 09:53:52,356   INFO  Train:   21/30 ( 70%) [2209/3862 ( 57%)]  Loss: -9.964 (-9.45)  LR: 1.612e-03  Time cost: 2:01:17/1:30:43 [72:31:45/33:18:29]  Acc_iter 79450       Data time: 0.00(0.03)  Forward time: 3.84(3.27)  Batch time: 3.84(3.29)
2025-03-27 09:56:42,608   INFO  Train:   21/30 ( 70%) [2259/3862 ( 58%)]  Loss: -9.842 (-9.47)  LR: 1.609e-03  Time cost: 2:04:08/1:28:02 [72:34:35/33:17:14]  Acc_iter 79500       Data time: 0.01(0.03)  Forward time: 3.17(3.27)  Batch time: 3.17(3.30)
2025-03-27 09:56:43,863   INFO  
2025-03-27 09:57:37,187   INFO  Save latest model to /OpenPCDet/output/nuscenes_models/cbgs_voxel01_res3d_centerpoint_uncertainty/shifted_bounded_uncertainty/ckpt/latest_model
2025-03-27 09:59:31,166   INFO  Train:   21/30 ( 70%) [2309/3862 ( 60%)]  Loss: -10.75 (-9.49)  LR: 1.605e-03  Time cost: 2:06:56/1:25:20 [72:37:24/33:15:28]  Acc_iter 79550       Data time: 0.00(0.03)  Forward time: 3.39(3.27)  Batch time: 3.39(3.30)
2025-03-27 10:02:09,820   INFO  Train:   21/30 ( 70%) [2359/3862 ( 61%)]  Loss: -10.78 (-9.51)  LR: 1.602e-03  Time cost: 2:09:35/1:22:31 [72:40:02/33:11:08]  Acc_iter 79600       Data time: 0.00(0.03)  Forward time: 3.53(3.27)  Batch time: 3.53(3.29)
2025-03-27 10:02:36,463   INFO  Save latest model to /OpenPCDet/output/nuscenes_models/cbgs_voxel01_res3d_centerpoint_uncertainty/shifted_bounded_uncertainty/ckpt/latest_model
2025-03-27 10:04:49,848   INFO  Train:   21/30 ( 70%) [2409/3862 ( 62%)]  Loss: -9.537 (-9.52)  LR: 1.598e-03  Time cost: 2:12:15/1:19:44 [72:42:42/33:07:13]  Acc_iter 79650       Data time: 0.00(0.03)  Forward time: 4.07(3.27)  Batch time: 4.08(3.29)
2025-03-27 10:04:50,887   INFO  
2025-03-27 10:07:33,469   INFO  Train:   21/30 ( 70%) [2459/3862 ( 64%)]  Loss: -10.54 (-9.54)  LR: 1.595e-03  Time cost: 2:14:59/1:16:59 [72:45:26/33:04:13]  Acc_iter 79700       Data time: 0.00(0.03)  Forward time: 3.23(3.27)  Batch time: 3.24(3.29)
2025-03-27 10:07:36,808   INFO  Save latest model to /OpenPCDet/output/nuscenes_models/cbgs_voxel01_res3d_centerpoint_uncertainty/shifted_bounded_uncertainty/ckpt/latest_model
2025-03-27 10:10:15,709   INFO  Train:   21/30 ( 70%) [2509/3862 ( 65%)]  Loss: -10.28 (-9.55)  LR: 1.592e-03  Time cost: 2:17:41/1:14:13 [72:48:08/33:00:54]  Acc_iter 79750       Data time: 0.00(0.02)  Forward time: 2.74(3.27)  Batch time: 2.74(3.29)
2025-03-27 10:12:35,140   INFO  Save latest model to /OpenPCDet/output/nuscenes_models/cbgs_voxel01_res3d_centerpoint_uncertainty/shifted_bounded_uncertainty/ckpt/latest_model
2025-03-27 10:12:50,347   INFO  Train:   21/30 ( 70%) [2559/3862 ( 66%)]  Loss: -10.95 (-9.57)  LR: 1.588e-03  Time cost: 2:20:15/1:11:23 [72:50:43/32:55:50]  Acc_iter 79800       Data time: 0.00(0.02)  Forward time: 2.49(3.26)  Batch time: 2.49(3.29)
2025-03-27 10:12:51,573   INFO  
2025-03-27 10:15:34,966   INFO  Train:   21/30 ( 70%) [2609/3862 ( 68%)]  Loss: -10.11 (-9.58)  LR: 1.585e-03  Time cost: 2:23:00/1:08:39 [72:53:28/32:53:09]  Acc_iter 79850       Data time: 0.01(0.02)  Forward time: 3.98(3.26)  Batch time: 3.98(3.29)
2025-03-27 10:17:37,552   INFO  Save latest model to /OpenPCDet/output/nuscenes_models/cbgs_voxel01_res3d_centerpoint_uncertainty/shifted_bounded_uncertainty/ckpt/latest_model
2025-03-27 10:18:19,544   INFO  Train:   21/30 ( 70%) [2659/3862 ( 69%)]  Loss: -10.55 (-9.60)  LR: 1.582e-03  Time cost: 2:25:45/1:05:55 [72:56:12/32:50:27]  Acc_iter 79900       Data time: 0.00(0.02)  Forward time: 3.10(3.26)  Batch time: 3.10(3.29)
2025-03-27 10:21:03,749   INFO  Train:   21/30 ( 70%) [2709/3862 ( 70%)]  Loss: -10.32 (-9.61)  LR: 1.578e-03  Time cost: 2:28:29/1:03:10 [72:58:56/32:47:40]  Acc_iter 79950       Data time: 0.00(0.02)  Forward time: 3.08(3.26)  Batch time: 3.08(3.29)
2025-03-27 10:21:04,843   INFO  
2025-03-27 10:22:35,592   INFO  Save latest model to /OpenPCDet/output/nuscenes_models/cbgs_voxel01_res3d_centerpoint_uncertainty/shifted_bounded_uncertainty/ckpt/latest_model
2025-03-27 10:23:46,455   INFO  Train:   21/30 ( 70%) [2759/3862 ( 71%)]  Loss: -9.966 (-9.62)  LR: 1.575e-03  Time cost: 2:31:12/1:00:25 [73:01:39/32:44:34]  Acc_iter 80000       Data time: 0.00(0.02)  Forward time: 3.70(3.26)  Batch time: 3.70(3.29)
2025-03-27 10:26:30,288   INFO  Train:   21/30 ( 70%) [2809/3862 ( 73%)]  Loss: -10.85 (-9.64)  LR: 1.571e-03  Time cost: 2:33:55/57:41 [73:04:23/32:41:43]  Acc_iter 80050       Data time: 0.00(0.02)  Forward time: 3.03(3.26)  Batch time: 3.03(3.29)
2025-03-27 10:27:35,100   INFO  Save latest model to /OpenPCDet/output/nuscenes_models/cbgs_voxel01_res3d_centerpoint_uncertainty/shifted_bounded_uncertainty/ckpt/latest_model
2025-03-27 10:29:07,811   INFO  Train:   21/30 ( 70%) [2859/3862 ( 74%)]  Loss: -9.866 (-9.65)  LR: 1.568e-03  Time cost: 2:36:33/54:54 [73:07:00/32:37:34]  Acc_iter 80100       Data time: 0.01(0.02)  Forward time: 2.74(3.26)  Batch time: 2.75(3.28)
2025-03-27 10:29:09,144   INFO  
2025-03-27 10:31:58,677   INFO  Train:   21/30 ( 70%) [2909/3862 ( 75%)]  Loss: -10.81 (-9.66)  LR: 1.565e-03  Time cost: 2:39:24/52:12 [73:09:51/32:36:11]  Acc_iter 80150       Data time: 0.01(0.02)  Forward time: 3.20(3.26)  Batch time: 3.20(3.29)
2025-03-27 10:32:38,323   INFO  Save latest model to /OpenPCDet/output/nuscenes_models/cbgs_voxel01_res3d_centerpoint_uncertainty/shifted_bounded_uncertainty/ckpt/latest_model
2025-03-27 10:34:48,216   INFO  Train:   21/30 ( 70%) [2959/3862 ( 77%)]  Loss: -10.87 (-9.67)  LR: 1.561e-03  Time cost: 2:42:13/49:29 [73:12:41/32:34:29]  Acc_iter 80200       Data time: 0.00(0.02)  Forward time: 3.17(3.26)  Batch time: 3.17(3.29)
2025-03-27 10:37:33,173   INFO  Train:   21/30 ( 70%) [3009/3862 ( 78%)]  Loss: -9.915 (-9.69)  LR: 1.558e-03  Time cost: 2:44:58/46:45 [73:15:26/32:31:51]  Acc_iter 80250       Data time: 0.00(0.02)  Forward time: 3.15(3.27)  Batch time: 3.15(3.29)
2025-03-27 10:37:34,578   INFO  
2025-03-27 10:37:34,905   INFO  Save latest model to /OpenPCDet/output/nuscenes_models/cbgs_voxel01_res3d_centerpoint_uncertainty/shifted_bounded_uncertainty/ckpt/latest_model
2025-03-27 10:40:12,079   INFO  Train:   21/30 ( 70%) [3059/3862 ( 79%)]  Loss: -9.865 (-9.70)  LR: 1.554e-03  Time cost: 2:47:37/43:59 [73:18:05/32:28:03]  Acc_iter 80300       Data time: 0.00(0.02)  Forward time: 4.05(3.26)  Batch time: 4.06(3.29)
2025-03-27 10:42:36,863   INFO  Save latest model to /OpenPCDet/output/nuscenes_models/cbgs_voxel01_res3d_centerpoint_uncertainty/shifted_bounded_uncertainty/ckpt/latest_model
2025-03-27 10:42:52,574   INFO  Train:   21/30 ( 70%) [3109/3862 ( 81%)]  Loss: -10.76 (-9.71)  LR: 1.551e-03  Time cost: 2:50:18/41:14 [73:20:45/32:24:34]  Acc_iter 80350       Data time: 0.00(0.02)  Forward time: 3.01(3.26)  Batch time: 3.02(3.29)
2025-03-27 10:45:34,016   INFO  Train:   21/30 ( 70%) [3159/3862 ( 82%)]  Loss: -10.48 (-9.72)  LR: 1.548e-03  Time cost: 2:52:59/38:29 [73:23:27/32:21:18]  Acc_iter 80400       Data time: 0.00(0.02)  Forward time: 2.75(3.26)  Batch time: 2.76(3.28)
2025-03-27 10:45:35,071   INFO  
2025-03-27 10:47:36,412   INFO  Save latest model to /OpenPCDet/output/nuscenes_models/cbgs_voxel01_res3d_centerpoint_uncertainty/shifted_bounded_uncertainty/ckpt/latest_model
2025-03-27 10:48:17,967   INFO  Train:   21/30 ( 70%) [3209/3862 ( 83%)]  Loss: -10.59 (-9.73)  LR: 1.544e-03  Time cost: 2:55:43/35:44 [73:26:11/32:18:31]  Acc_iter 80450       Data time: 0.00(0.02)  Forward time: 3.62(3.26)  Batch time: 3.63(3.28)
2025-03-27 10:51:01,359   INFO  Train:   21/30 ( 70%) [3259/3862 ( 84%)]  Loss: -9.965 (-9.74)  LR: 1.541e-03  Time cost: 2:58:26/33:00 [73:28:54/32:15:38]  Acc_iter 80500       Data time: 0.00(0.02)  Forward time: 2.76(3.26)  Batch time: 2.77(3.28)
2025-03-27 10:52:35,476   INFO  Save latest model to /OpenPCDet/output/nuscenes_models/cbgs_voxel01_res3d_centerpoint_uncertainty/shifted_bounded_uncertainty/ckpt/latest_model
2025-03-27 10:53:47,078   INFO  Train:   21/30 ( 70%) [3309/3862 ( 86%)]  Loss: -10.91 (-9.75)  LR: 1.537e-03  Time cost: 3:01:12/30:16 [73:31:40/32:13:09]  Acc_iter 80550       Data time: 0.00(0.02)  Forward time: 3.28(3.26)  Batch time: 3.28(3.28)
2025-03-27 10:53:48,289   INFO  
2025-03-27 10:56:35,642   INFO  Train:   21/30 ( 70%) [3359/3862 ( 87%)]  Loss: -10.16 (-9.76)  LR: 1.534e-03  Time cost: 3:04:01/27:32 [73:34:28/32:11:11]  Acc_iter 80600       Data time: 0.01(0.02)  Forward time: 3.05(3.26)  Batch time: 3.05(3.29)
2025-03-27 10:57:35,105   INFO  Save latest model to /OpenPCDet/output/nuscenes_models/cbgs_voxel01_res3d_centerpoint_uncertainty/shifted_bounded_uncertainty/ckpt/latest_model
2025-03-27 10:59:27,017   INFO  Train:   21/30 ( 70%) [3409/3862 ( 88%)]  Loss: -10.58 (-9.77)  LR: 1.531e-03  Time cost: 3:06:52/24:49 [73:37:20/32:09:39]  Acc_iter 80650       Data time: 0.00(0.02)  Forward time: 3.11(3.27)  Batch time: 3.12(3.29)
2025-03-27 11:02:18,065   INFO  Train:   21/30 ( 70%) [3459/3862 ( 90%)]  Loss: -10.46 (-9.78)  LR: 1.527e-03  Time cost: 3:09:43/22:05 [73:40:11/32:08:02]  Acc_iter 80700       Data time: 0.00(0.02)  Forward time: 4.16(3.27)  Batch time: 4.17(3.29)
2025-03-27 11:02:19,209   INFO  
2025-03-27 11:02:36,309   INFO  Save latest model to /OpenPCDet/output/nuscenes_models/cbgs_voxel01_res3d_centerpoint_uncertainty/shifted_bounded_uncertainty/ckpt/latest_model
2025-03-27 11:05:10,095   INFO  Train:   21/30 ( 70%) [3509/3862 ( 91%)]  Loss: -10.70 (-9.79)  LR: 1.524e-03  Time cost: 3:12:35/19:22 [73:43:03/32:06:33]  Acc_iter 80750       Data time: 0.00(0.02)  Forward time: 2.49(3.27)  Batch time: 2.49(3.29)
2025-03-27 11:07:35,008   INFO  Save latest model to /OpenPCDet/output/nuscenes_models/cbgs_voxel01_res3d_centerpoint_uncertainty/shifted_bounded_uncertainty/ckpt/latest_model
2025-03-27 11:07:53,921   INFO  Train:   21/30 ( 70%) [3559/3862 ( 92%)]  Loss: -10.03 (-9.80)  LR: 1.521e-03  Time cost: 3:15:19/16:37 [73:45:47/32:03:41]  Acc_iter 80800       Data time: 0.00(0.02)  Forward time: 2.93(3.27)  Batch time: 2.93(3.29)
2025-03-27 11:10:39,327   INFO  Train:   21/30 ( 70%) [3609/3862 ( 93%)]  Loss: -9.548 (-9.81)  LR: 1.517e-03  Time cost: 3:18:04/13:52 [73:48:32/32:01:04]  Acc_iter 80850       Data time: 0.00(0.02)  Forward time: 2.94(3.27)  Batch time: 2.94(3.29)
2025-03-27 11:10:40,412   INFO  
2025-03-27 11:12:35,468   INFO  Save latest model to /OpenPCDet/output/nuscenes_models/cbgs_voxel01_res3d_centerpoint_uncertainty/shifted_bounded_uncertainty/ckpt/latest_model
2025-03-27 11:13:16,559   INFO  Train:   21/30 ( 70%) [3659/3862 ( 95%)]  Loss: -10.10 (-9.81)  LR: 1.514e-03  Time cost: 3:20:42/11:07 [73:51:09/31:57:09]  Acc_iter 80900       Data time: 0.00(0.02)  Forward time: 3.15(3.27)  Batch time: 3.15(3.29)
2025-03-27 11:15:58,357   INFO  Train:   21/30 ( 70%) [3709/3862 ( 96%)]  Loss: -10.59 (-9.82)  LR: 1.510e-03  Time cost: 3:23:23/08:23 [73:53:51/31:53:59]  Acc_iter 80950       Data time: 0.00(0.02)  Forward time: 3.35(3.27)  Batch time: 3.36(3.29)
2025-03-27 11:17:36,868   INFO  Save latest model to /OpenPCDet/output/nuscenes_models/cbgs_voxel01_res3d_centerpoint_uncertainty/shifted_bounded_uncertainty/ckpt/latest_model
2025-03-27 11:18:39,071   INFO  Train:   21/30 ( 70%) [3759/3862 ( 97%)]  Loss: -10.73 (-9.83)  LR: 1.507e-03  Time cost: 3:26:04/05:38 [73:56:32/31:50:39]  Acc_iter 81000       Data time: 0.00(0.02)  Forward time: 3.29(3.27)  Batch time: 3.29(3.29)
2025-03-27 11:18:40,330   INFO  
2025-03-27 11:21:21,254   INFO  Train:   21/30 ( 70%) [3809/3862 ( 99%)]  Loss: -10.62 (-9.84)  LR: 1.504e-03  Time cost: 3:28:46/02:54 [73:59:14/31:47:35]  Acc_iter 81050       Data time: 0.00(0.02)  Forward time: 3.07(3.27)  Batch time: 3.07(3.29)
2025-03-27 11:22:37,654   INFO  Save latest model to /OpenPCDet/output/nuscenes_models/cbgs_voxel01_res3d_centerpoint_uncertainty/shifted_bounded_uncertainty/ckpt/latest_model
2025-03-27 11:24:02,042   INFO  Train:   21/30 ( 70%) [3859/3862 (100%)]  Loss: -10.34 (-9.69)  LR: 1.500e-03  Time cost: 3:31:27/00:09 [74:01:55/31:44:18]  Acc_iter 81100       Data time: 0.00(0.02)  Forward time: 2.57(3.26)  Batch time: 2.58(3.29)
2025-03-27 11:24:06,681   INFO  Train:   21/30 ( 70%) [3861/3862 (100%)]  Loss: -10.55 (-9.69)  LR: 1.500e-03  Time cost: 3:31:32/00:03 [74:01:59/31:43:54]  Acc_iter 81102       Data time: 0.00(0.02)  Forward time: 2.15(3.26)  Batch time: 2.15(3.29)
2025-03-27 11:24:33,632   INFO  Train:   22/30 ( 73%) [   0/3862 (  0%)]  Loss: -10.80 (-10.8)  LR: 1.500e-03  Time cost: 00:23/25:27:31 [74:02:26/229:07:41]  Acc_iter 81103       Data time: 20.36(20.36)  Forward time: 3.38(3.38)  Batch time: 23.73(23.73)
2025-03-27 11:27:11,475   INFO  Train:   22/30 ( 73%) [  47/3862 (  1%)]  Loss: -11.02 (-10.4)  LR: 1.497e-03  Time cost: 03:01/4:00:31 [74:05:04/36:28:25]  Acc_iter 81150       Data time: 0.00(0.43)  Forward time: 3.80(3.35)  Batch time: 3.80(3.78)
2025-03-27 11:27:12,537   INFO  
2025-03-27 11:29:11,541   INFO  Save latest model to /OpenPCDet/output/nuscenes_models/cbgs_voxel01_res3d_centerpoint_uncertainty/shifted_bounded_uncertainty/ckpt/latest_model
2025-03-27 11:30:01,509   INFO  Train:   22/30 ( 73%) [  97/3862 (  3%)]  Loss: -10.22 (-10.4)  LR: 1.493e-03  Time cost: 05:51/3:45:08 [74:07:54/34:32:38]  Acc_iter 81200       Data time: 0.00(0.23)  Forward time: 3.29(3.36)  Batch time: 3.29(3.59)
2025-03-27 11:32:35,357   INFO  Train:   22/30 ( 73%) [ 147/3862 (  4%)]  Loss: -9.768 (-10.4)  LR: 1.490e-03  Time cost: 08:25/3:31:27 [74:10:28/32:50:05]  Acc_iter 81250       Data time: 0.00(0.15)  Forward time: 2.52(3.26)  Batch time: 2.52(3.42)
2025-03-27 11:34:11,138   INFO  Save latest model to /OpenPCDet/output/nuscenes_models/cbgs_voxel01_res3d_centerpoint_uncertainty/shifted_bounded_uncertainty/ckpt/latest_model
2025-03-27 11:35:10,320   INFO  Train:   22/30 ( 73%) [ 197/3862 (  5%)]  Loss: -10.68 (-10.5)  LR: 1.487e-03  Time cost: 11:00/3:23:44 [74:13:03/32:01:16]  Acc_iter 81300       Data time: 0.00(0.12)  Forward time: 3.39(3.22)  Batch time: 3.40(3.34)
2025-03-27 11:35:11,335   INFO  
2025-03-27 11:37:53,467   INFO  Train:   22/30 ( 73%) [ 247/3862 (  6%)]  Loss: -10.87 (-10.5)  LR: 1.483e-03  Time cost: 13:43/3:20:04 [74:15:46/31:50:05]  Acc_iter 81350       Data time: 0.00(0.10)  Forward time: 3.41(3.22)  Batch time: 3.41(3.32)
2025-03-27 11:39:13,490   INFO  Save latest model to /OpenPCDet/output/nuscenes_models/cbgs_voxel01_res3d_centerpoint_uncertainty/shifted_bounded_uncertainty/ckpt/latest_model
2025-03-27 11:40:29,825   INFO  Train:   22/30 ( 73%) [ 297/3862 (  8%)]  Loss: -10.85 (-10.4)  LR: 1.480e-03  Time cost: 16:19/3:15:22 [74:18:22/31:28:39]  Acc_iter 81400       Data time: 0.02(0.09)  Forward time: 3.21(3.20)  Batch time: 3.22(3.29)
2025-03-27 11:43:00,597   INFO  Train:   22/30 ( 73%) [ 347/3862 (  9%)]  Loss: -10.52 (-10.4)  LR: 1.476e-03  Time cost: 18:50/3:10:20 [74:20:53/31:03:25]  Acc_iter 81450       Data time: 0.00(0.07)  Forward time: 3.01(3.17)  Batch time: 3.02(3.25)
2025-03-27 11:43:01,539   INFO  
2025-03-27 11:44:11,861   INFO  Save latest model to /OpenPCDet/output/nuscenes_models/cbgs_voxel01_res3d_centerpoint_uncertainty/shifted_bounded_uncertainty/ckpt/latest_model
2025-03-27 11:45:50,011   INFO  Train:   22/30 ( 73%) [ 397/3862 ( 10%)]  Loss: -10.85 (-10.5)  LR: 1.473e-03  Time cost: 21:40/3:08:38 [74:23:43/31:10:44]  Acc_iter 81500       Data time: 0.00(0.07)  Forward time: 3.34(3.20)  Batch time: 3.34(3.27)
2025-03-27 11:48:39,963   INFO  Train:   22/30 ( 73%) [ 447/3862 ( 12%)]  Loss: -10.93 (-10.5)  LR: 1.470e-03  Time cost: 24:30/3:06:45 [74:26:33/31:16:27]  Acc_iter 81550       Data time: 0.01(0.06)  Forward time: 3.43(3.22)  Batch time: 3.44(3.28)
2025-03-27 11:49:11,370   INFO  Save latest model to /OpenPCDet/output/nuscenes_models/cbgs_voxel01_res3d_centerpoint_uncertainty/shifted_bounded_uncertainty/ckpt/latest_model
2025-03-27 11:51:27,775   INFO  Train:   22/30 ( 73%) [ 497/3862 ( 13%)]  Loss: -10.63 (-10.5)  LR: 1.466e-03  Time cost: 27:17/3:04:27 [74:29:20/31:18:01]  Acc_iter 81600       Data time: 0.00(0.06)  Forward time: 3.30(3.23)  Batch time: 3.31(3.29)
2025-03-27 11:51:28,826   INFO  
2025-03-27 11:54:13,622   INFO  Train:   22/30 ( 73%) [ 547/3862 ( 14%)]  Loss: -10.57 (-10.5)  LR: 1.463e-03  Time cost: 30:03/3:01:51 [74:32:06/31:16:44]  Acc_iter 81650       Data time: 0.02(0.05)  Forward time: 3.74(3.24)  Batch time: 3.76(3.29)
2025-03-27 11:54:14,081   INFO  Save latest model to /OpenPCDet/output/nuscenes_models/cbgs_voxel01_res3d_centerpoint_uncertainty/shifted_bounded_uncertainty/ckpt/latest_model
2025-03-27 11:56:58,036   INFO  Train:   22/30 ( 73%) [ 597/3862 ( 15%)]  Loss: -10.33 (-10.5)  LR: 1.460e-03  Time cost: 32:48/2:59:05 [74:34:51/31:13:50]  Acc_iter 81700       Data time: 0.01(0.05)  Forward time: 4.04(3.24)  Batch time: 4.04(3.29)
2025-03-27 11:59:13,014   INFO  Save latest model to /OpenPCDet/output/nuscenes_models/cbgs_voxel01_res3d_centerpoint_uncertainty/shifted_bounded_uncertainty/ckpt/latest_model
2025-03-27 11:59:34,044   INFO  Train:   22/30 ( 73%) [ 647/3862 ( 17%)]  Loss: -10.14 (-10.5)  LR: 1.456e-03  Time cost: 35:24/2:55:38 [74:37:27/31:03:35]  Acc_iter 81750       Data time: 0.00(0.05)  Forward time: 2.85(3.23)  Batch time: 2.86(3.28)
2025-03-27 11:59:34,985   INFO  
2025-03-27 12:02:15,401   INFO  Train:   22/30 ( 73%) [ 697/3862 ( 18%)]  Loss: -9.915 (-10.5)  LR: 1.453e-03  Time cost: 38:05/2:52:43 [74:40:08/30:58:47]  Acc_iter 81800       Data time: 0.00(0.05)  Forward time: 3.26(3.23)  Batch time: 3.26(3.27)
2025-03-27 12:04:12,929   INFO  Save latest model to /OpenPCDet/output/nuscenes_models/cbgs_voxel01_res3d_centerpoint_uncertainty/shifted_bounded_uncertainty/ckpt/latest_model
2025-03-27 12:04:53,858   INFO  Train:   22/30 ( 73%) [ 747/3862 ( 19%)]  Loss: -10.90 (-10.5)  LR: 1.449e-03  Time cost: 40:43/2:49:37 [74:42:46/30:52:04]  Acc_iter 81850       Data time: 0.00(0.04)  Forward time: 3.66(3.22)  Batch time: 3.66(3.27)
2025-03-27 12:07:39,982   INFO  Train:   22/30 ( 73%) [ 797/3862 ( 21%)]  Loss: -9.731 (-10.5)  LR: 1.446e-03  Time cost: 43:30/2:47:04 [74:45:33/30:51:18]  Acc_iter 81900       Data time: 0.00(0.04)  Forward time: 3.53(3.23)  Batch time: 3.54(3.27)
2025-03-27 12:07:41,207   INFO  
2025-03-27 12:09:10,414   INFO  Save latest model to /OpenPCDet/output/nuscenes_models/cbgs_voxel01_res3d_centerpoint_uncertainty/shifted_bounded_uncertainty/ckpt/latest_model
2025-03-27 12:10:25,240   INFO  Train:   22/30 ( 73%) [ 847/3862 ( 22%)]  Loss: -10.14 (-10.5)  LR: 1.443e-03  Time cost: 46:15/2:44:27 [74:48:18/30:49:44]  Acc_iter 81950       Data time: 0.00(0.04)  Forward time: 3.08(3.23)  Batch time: 3.08(3.27)
2025-03-27 12:13:13,931   INFO  Train:   22/30 ( 73%) [ 897/3862 ( 23%)]  Loss: -10.33 (-10.5)  LR: 1.439e-03  Time cost: 49:04/2:42:00 [74:51:07/30:50:10]  Acc_iter 82000       Data time: 0.00(0.04)  Forward time: 3.38(3.24)  Batch time: 3.39(3.28)
2025-03-27 12:14:11,121   INFO  Save latest model to /OpenPCDet/output/nuscenes_models/cbgs_voxel01_res3d_centerpoint_uncertainty/shifted_bounded_uncertainty/ckpt/latest_model
2025-03-27 12:16:02,712   INFO  Train:   22/30 ( 73%) [ 947/3862 ( 25%)]  Loss: -10.63 (-10.2)  LR: 1.436e-03  Time cost: 51:52/2:39:31 [74:53:55/30:50:20]  Acc_iter 82050       Data time: 0.01(0.04)  Forward time: 3.00(3.25)  Batch time: 3.01(3.28)
2025-03-27 12:16:03,811   INFO  
2025-03-27 12:18:50,411   INFO  Train:   22/30 ( 73%) [ 997/3862 ( 26%)]  Loss: -10.06 (-10.2)  LR: 1.432e-03  Time cost: 54:40/2:36:57 [74:56:43/30:49:35]  Acc_iter 82100       Data time: 0.00(0.04)  Forward time: 3.59(3.25)  Batch time: 3.59(3.29)
2025-03-27 12:19:11,693   INFO  Save latest model to /OpenPCDet/output/nuscenes_models/cbgs_voxel01_res3d_centerpoint_uncertainty/shifted_bounded_uncertainty/ckpt/latest_model
2025-03-27 12:21:39,952   INFO  Train:   22/30 ( 73%) [1047/3862 ( 27%)]  Loss: -10.58 (-10.2)  LR: 1.429e-03  Time cost: 57:30/2:34:27 [74:59:33/30:49:37]  Acc_iter 82150       Data time: 0.01(0.04)  Forward time: 3.82(3.26)  Batch time: 3.83(3.29)
2025-03-27 12:24:10,764   INFO  Save latest model to /OpenPCDet/output/nuscenes_models/cbgs_voxel01_res3d_centerpoint_uncertainty/shifted_bounded_uncertainty/ckpt/latest_model
2025-03-27 12:24:20,390   INFO  Train:   22/30 ( 73%) [1097/3862 ( 28%)]  Loss: -10.47 (-10.2)  LR: 1.426e-03  Time cost: 1:00:10/2:31:31 [75:02:13/30:44:45]  Acc_iter 82200       Data time: 0.00(0.04)  Forward time: 3.35(3.25)  Batch time: 3.36(3.29)
2025-03-27 12:24:21,576   INFO  
2025-03-27 12:27:04,483   INFO  Train:   22/30 ( 73%) [1147/3862 ( 30%)]  Loss: -10.68 (-10.2)  LR: 1.422e-03  Time cost: 1:02:54/2:28:46 [75:04:57/30:41:51]  Acc_iter 82250       Data time: 0.01(0.03)  Forward time: 2.77(3.25)  Batch time: 2.78(3.29)
2025-03-27 12:29:12,262   INFO  Save latest model to /OpenPCDet/output/nuscenes_models/cbgs_voxel01_res3d_centerpoint_uncertainty/shifted_bounded_uncertainty/ckpt/latest_model
2025-03-27 12:29:51,676   INFO  Train:   22/30 ( 73%) [1197/3862 ( 31%)]  Loss: -10.83 (-10.2)  LR: 1.419e-03  Time cost: 1:05:41/2:26:08 [75:07:44/30:40:25]  Acc_iter 82300       Data time: 0.01(0.03)  Forward time: 3.83(3.26)  Batch time: 3.84(3.29)
2025-03-27 12:32:38,067   INFO  Train:   22/30 ( 73%) [1247/3862 ( 32%)]  Loss: -10.53 (-10.2)  LR: 1.416e-03  Time cost: 1:08:28/2:23:28 [75:10:31/30:38:31]  Acc_iter 82350       Data time: 0.00(0.03)  Forward time: 3.09(3.26)  Batch time: 3.09(3.29)
2025-03-27 12:32:39,191   INFO  
2025-03-27 12:34:11,841   INFO  Save latest model to /OpenPCDet/output/nuscenes_models/cbgs_voxel01_res3d_centerpoint_uncertainty/shifted_bounded_uncertainty/ckpt/latest_model
2025-03-27 12:35:24,135   INFO  Train:   22/30 ( 73%) [1297/3862 ( 34%)]  Loss: -10.89 (-10.3)  LR: 1.412e-03  Time cost: 1:11:14/2:20:46 [75:13:17/30:36:25]  Acc_iter 82400       Data time: 0.00(0.03)  Forward time: 3.16(3.26)  Batch time: 3.16(3.29)
2025-03-27 12:38:10,574   INFO  Train:   22/30 ( 73%) [1347/3862 ( 35%)]  Loss: -10.52 (-10.3)  LR: 1.409e-03  Time cost: 1:14:00/2:18:05 [75:16:03/30:34:24]  Acc_iter 82450       Data time: 0.00(0.03)  Forward time: 2.84(3.26)  Batch time: 2.84(3.29)
2025-03-27 12:39:12,495   INFO  Save latest model to /OpenPCDet/output/nuscenes_models/cbgs_voxel01_res3d_centerpoint_uncertainty/shifted_bounded_uncertainty/ckpt/latest_model
2025-03-27 12:40:52,698   INFO  Train:   22/30 ( 73%) [1397/3862 ( 36%)]  Loss: -10.99 (-10.3)  LR: 1.405e-03  Time cost: 1:16:42/2:15:15 [75:18:45/30:30:38]  Acc_iter 82500       Data time: 0.00(0.03)  Forward time: 3.07(3.26)  Batch time: 3.08(3.29)
2025-03-27 12:40:53,758   INFO  
2025-03-27 12:43:35,115   INFO  Train:   22/30 ( 73%) [1447/3862 ( 37%)]  Loss: -10.48 (-10.3)  LR: 1.402e-03  Time cost: 1:19:25/2:12:27 [75:21:28/30:27:02]  Acc_iter 82550       Data time: 0.00(0.03)  Forward time: 3.02(3.26)  Batch time: 3.02(3.29)
2025-03-27 12:44:10,934   INFO  Save latest model to /OpenPCDet/output/nuscenes_models/cbgs_voxel01_res3d_centerpoint_uncertainty/shifted_bounded_uncertainty/ckpt/latest_model
2025-03-27 12:46:06,668   INFO  Train:   22/30 ( 73%) [1497/3862 ( 39%)]  Loss: -10.40 (-10.3)  LR: 1.399e-03  Time cost: 1:21:56/2:09:22 [75:23:59/30:19:29]  Acc_iter 82600       Data time: 0.00(0.03)  Forward time: 3.67(3.25)  Batch time: 3.68(3.28)
2025-03-27 12:48:45,573   INFO  Train:   22/30 ( 73%) [1547/3862 ( 40%)]  Loss: -10.76 (-10.3)  LR: 1.395e-03  Time cost: 1:24:35/2:06:30 [75:26:38/30:14:54]  Acc_iter 82650       Data time: 0.00(0.03)  Forward time: 3.58(3.25)  Batch time: 3.59(3.28)
2025-03-27 12:48:46,780   INFO  
2025-03-27 12:49:10,735   INFO  Save latest model to /OpenPCDet/output/nuscenes_models/cbgs_voxel01_res3d_centerpoint_uncertainty/shifted_bounded_uncertainty/ckpt/latest_model
2025-03-27 12:51:30,827   INFO  Train:   22/30 ( 73%) [1597/3862 ( 41%)]  Loss: -10.42 (-10.3)  LR: 1.392e-03  Time cost: 1:27:20/2:03:48 [75:29:23/30:12:37]  Acc_iter 82700       Data time: 0.03(0.03)  Forward time: 2.92(3.25)  Batch time: 2.95(3.28)
2025-03-27 12:54:13,115   INFO  Save latest model to /OpenPCDet/output/nuscenes_models/cbgs_voxel01_res3d_centerpoint_uncertainty/shifted_bounded_uncertainty/ckpt/latest_model
2025-03-27 12:54:15,844   INFO  Train:   22/30 ( 73%) [1647/3862 ( 43%)]  Loss: -10.39 (-10.3)  LR: 1.388e-03  Time cost: 1:30:05/2:01:05 [75:32:08/30:10:14]  Acc_iter 82750       Data time: 0.50(0.03)  Forward time: 2.73(3.25)  Batch time: 3.23(3.28)
2025-03-27 12:56:56,791   INFO  Train:   22/30 ( 73%) [1697/3862 ( 44%)]  Loss: -10.93 (-10.3)  LR: 1.385e-03  Time cost: 1:32:46/1:58:17 [75:34:49/30:06:30]  Acc_iter 82800       Data time: 0.01(0.03)  Forward time: 3.99(3.25)  Batch time: 4.00(3.28)
2025-03-27 12:56:57,832   INFO  
2025-03-27 12:59:11,472   INFO  Save latest model to /OpenPCDet/output/nuscenes_models/cbgs_voxel01_res3d_centerpoint_uncertainty/shifted_bounded_uncertainty/ckpt/latest_model
2025-03-27 12:59:40,861   INFO  Train:   22/30 ( 73%) [1747/3862 ( 45%)]  Loss: -11.62 (-10.3)  LR: 1.382e-03  Time cost: 1:35:30/1:55:34 [75:37:33/30:03:49]  Acc_iter 82850       Data time: 0.00(0.03)  Forward time: 3.43(3.25)  Batch time: 3.44(3.28)
2025-03-27 13:02:13,912   INFO  Train:   22/30 ( 73%) [1797/3862 ( 47%)]  Loss: -10.82 (-10.3)  LR: 1.378e-03  Time cost: 1:38:04/1:52:37 [75:40:07/29:57:45]  Acc_iter 82900       Data time: 0.00(0.03)  Forward time: 2.41(3.24)  Batch time: 2.42(3.27)
2025-03-27 13:04:12,208   INFO  Save latest model to /OpenPCDet/output/nuscenes_models/cbgs_voxel01_res3d_centerpoint_uncertainty/shifted_bounded_uncertainty/ckpt/latest_model
2025-03-27 13:04:49,764   INFO  Train:   22/30 ( 73%) [1847/3862 ( 48%)]  Loss: -10.35 (-10.3)  LR: 1.375e-03  Time cost: 1:40:39/1:49:45 [75:42:42/29:52:43]  Acc_iter 82950       Data time: 0.00(0.03)  Forward time: 3.92(3.24)  Batch time: 3.93(3.27)
2025-03-27 13:04:50,731   INFO  
2025-03-27 13:07:35,502   INFO  Train:   22/30 ( 73%) [1897/3862 ( 49%)]  Loss: -10.79 (-10.3)  LR: 1.372e-03  Time cost: 1:43:25/1:47:04 [75:45:28/29:50:40]  Acc_iter 83000       Data time: 0.00(0.03)  Forward time: 2.81(3.24)  Batch time: 2.81(3.27)
2025-03-27 13:09:12,748   INFO  Save latest model to /OpenPCDet/output/nuscenes_models/cbgs_voxel01_res3d_centerpoint_uncertainty/shifted_bounded_uncertainty/ckpt/latest_model
2025-03-27 13:10:18,355   INFO  Train:   22/30 ( 73%) [1947/3862 ( 50%)]  Loss: -10.69 (-10.4)  LR: 1.368e-03  Time cost: 1:46:08/1:44:20 [75:48:11/29:47:46]  Acc_iter 83050       Data time: 0.00(0.03)  Forward time: 3.09(3.24)  Batch time: 3.09(3.27)
2025-03-27 13:12:55,653   INFO  Train:   22/30 ( 73%) [1997/3862 ( 52%)]  Loss: -10.67 (-10.4)  LR: 1.365e-03  Time cost: 1:48:45/1:41:31 [75:50:48/29:43:22]  Acc_iter 83100       Data time: 0.01(0.03)  Forward time: 3.59(3.24)  Batch time: 3.60(3.27)
2025-03-27 13:12:56,733   INFO  
2025-03-27 13:14:12,098   INFO  Save latest model to /OpenPCDet/output/nuscenes_models/cbgs_voxel01_res3d_centerpoint_uncertainty/shifted_bounded_uncertainty/ckpt/latest_model
2025-03-27 13:15:41,485   INFO  Train:   22/30 ( 73%) [2047/3862 ( 53%)]  Loss: -11.15 (-10.4)  LR: 1.361e-03  Time cost: 1:51:31/1:38:50 [75:53:34/29:41:19]  Acc_iter 83150       Data time: 0.01(0.03)  Forward time: 3.62(3.24)  Batch time: 3.62(3.27)
2025-03-27 13:18:30,242   INFO  Train:   22/30 ( 73%) [2097/3862 ( 54%)]  Loss: -11.08 (-10.4)  LR: 1.358e-03  Time cost: 1:54:20/1:36:11 [75:56:23/29:39:59]  Acc_iter 83200       Data time: 0.00(0.03)  Forward time: 3.12(3.24)  Batch time: 3.13(3.27)
2025-03-27 13:19:13,538   INFO  Save latest model to /OpenPCDet/output/nuscenes_models/cbgs_voxel01_res3d_centerpoint_uncertainty/shifted_bounded_uncertainty/ckpt/latest_model
2025-03-27 13:21:16,525   INFO  Train:   22/30 ( 73%) [2147/3862 ( 56%)]  Loss: -10.09 (-10.4)  LR: 1.355e-03  Time cost: 1:57:06/1:33:30 [75:59:09/29:37:58]  Acc_iter 83250       Data time: 0.03(0.03)  Forward time: 3.14(3.24)  Batch time: 3.17(3.27)
2025-03-27 13:21:17,611   INFO  
2025-03-27 13:24:00,760   INFO  Train:   22/30 ( 73%) [2197/3862 ( 57%)]  Loss: -11.46 (-10.4)  LR: 1.351e-03  Time cost: 1:59:50/1:30:47 [76:01:53/29:35:24]  Acc_iter 83300       Data time: 0.00(0.03)  Forward time: 3.26(3.24)  Batch time: 3.27(3.27)
2025-03-27 13:24:10,649   INFO  Save latest model to /OpenPCDet/output/nuscenes_models/cbgs_voxel01_res3d_centerpoint_uncertainty/shifted_bounded_uncertainty/ckpt/latest_model
2025-03-27 13:26:46,155   INFO  Train:   22/30 ( 73%) [2247/3862 ( 58%)]  Loss: -10.73 (-10.4)  LR: 1.348e-03  Time cost: 2:02:36/1:28:04 [76:04:39/29:33:07]  Acc_iter 83350       Data time: 0.00(0.03)  Forward time: 3.53(3.25)  Batch time: 3.54(3.27)
2025-03-27 13:29:11,760   INFO  Save latest model to /OpenPCDet/output/nuscenes_models/cbgs_voxel01_res3d_centerpoint_uncertainty/shifted_bounded_uncertainty/ckpt/latest_model
2025-03-27 13:29:32,092   INFO  Train:   22/30 ( 73%) [2297/3862 ( 59%)]  Loss: -10.32 (-10.4)  LR: 1.345e-03  Time cost: 2:05:22/1:25:22 [76:07:25/29:30:56]  Acc_iter 83400       Data time: 0.00(0.03)  Forward time: 3.11(3.25)  Batch time: 3.12(3.27)
2025-03-27 13:29:33,033   INFO  
2025-03-27 13:32:14,739   INFO  Train:   22/30 ( 73%) [2347/3862 ( 61%)]  Loss: -10.11 (-10.4)  LR: 1.341e-03  Time cost: 2:08:04/1:22:38 [76:10:07/29:27:58]  Acc_iter 83450       Data time: 0.00(0.03)  Forward time: 4.09(3.25)  Batch time: 4.09(3.27)
2025-03-27 13:34:11,355   INFO  Save latest model to /OpenPCDet/output/nuscenes_models/cbgs_voxel01_res3d_centerpoint_uncertainty/shifted_bounded_uncertainty/ckpt/latest_model
2025-03-27 13:34:56,863   INFO  Train:   22/30 ( 73%) [2397/3862 ( 62%)]  Loss: -10.95 (-10.4)  LR: 1.338e-03  Time cost: 2:10:46/1:19:53 [76:12:49/29:24:54]  Acc_iter 83500       Data time: 0.00(0.03)  Forward time: 3.32(3.25)  Batch time: 3.33(3.27)
2025-03-27 13:37:42,613   INFO  Train:   22/30 ( 73%) [2447/3862 ( 63%)]  Loss: -10.75 (-10.4)  LR: 1.334e-03  Time cost: 2:13:32/1:17:11 [76:15:35/29:22:39]  Acc_iter 83550       Data time: 0.01(0.03)  Forward time: 2.65(3.25)  Batch time: 2.66(3.27)
2025-03-27 13:37:43,660   INFO  
2025-03-27 13:39:10,831   INFO  Save latest model to /OpenPCDet/output/nuscenes_models/cbgs_voxel01_res3d_centerpoint_uncertainty/shifted_bounded_uncertainty/ckpt/latest_model
2025-03-27 13:40:30,794   INFO  Train:   22/30 ( 73%) [2497/3862 ( 65%)]  Loss: -10.46 (-10.4)  LR: 1.331e-03  Time cost: 2:16:20/1:14:30 [76:18:23/29:20:54]  Acc_iter 83600       Data time: 0.00(0.03)  Forward time: 3.22(3.25)  Batch time: 3.22(3.27)
2025-03-27 13:43:15,392   INFO  Train:   22/30 ( 73%) [2547/3862 ( 66%)]  Loss: -10.56 (-10.4)  LR: 1.328e-03  Time cost: 2:19:05/1:11:47 [76:21:08/29:18:21]  Acc_iter 83650       Data time: 0.00(0.03)  Forward time: 2.44(3.25)  Batch time: 2.44(3.28)
2025-03-27 13:44:12,154   INFO  Save latest model to /OpenPCDet/output/nuscenes_models/cbgs_voxel01_res3d_centerpoint_uncertainty/shifted_bounded_uncertainty/ckpt/latest_model
2025-03-27 13:46:03,992   INFO  Train:   22/30 ( 73%) [2597/3862 ( 67%)]  Loss: -10.51 (-10.4)  LR: 1.324e-03  Time cost: 2:21:54/1:09:05 [76:23:57/29:16:37]  Acc_iter 83700       Data time: 0.00(0.03)  Forward time: 3.04(3.25)  Batch time: 3.04(3.28)
2025-03-27 13:46:04,907   INFO  
2025-03-27 13:48:55,105   INFO  Train:   22/30 ( 73%) [2647/3862 ( 69%)]  Loss: -10.59 (-10.4)  LR: 1.321e-03  Time cost: 2:24:45/1:06:25 [76:26:48/29:15:21]  Acc_iter 83750       Data time: 0.00(0.03)  Forward time: 2.41(3.25)  Batch time: 2.41(3.28)
2025-03-27 13:49:12,612   INFO  Save latest model to /OpenPCDet/output/nuscenes_models/cbgs_voxel01_res3d_centerpoint_uncertainty/shifted_bounded_uncertainty/ckpt/latest_model
2025-03-27 13:51:41,701   INFO  Train:   22/30 ( 73%) [2697/3862 ( 70%)]  Loss: -10.43 (-10.4)  LR: 1.318e-03  Time cost: 2:27:31/1:03:42 [76:29:34/29:13:08]  Acc_iter 83800       Data time: 0.00(0.02)  Forward time: 3.47(3.26)  Batch time: 3.48(3.28)
2025-03-27 13:54:12,064   INFO  Save latest model to /OpenPCDet/output/nuscenes_models/cbgs_voxel01_res3d_centerpoint_uncertainty/shifted_bounded_uncertainty/ckpt/latest_model
2025-03-27 13:54:21,829   INFO  Train:   22/30 ( 73%) [2747/3862 ( 71%)]  Loss: -11.04 (-10.4)  LR: 1.314e-03  Time cost: 2:30:11/1:00:56 [76:32:14/29:09:38]  Acc_iter 83850       Data time: 0.00(0.02)  Forward time: 3.31(3.25)  Batch time: 3.31(3.28)
2025-03-27 13:54:23,175   INFO  
2025-03-27 13:57:01,100   INFO  Train:   22/30 ( 73%) [2797/3862 ( 72%)]  Loss: -11.42 (-10.4)  LR: 1.311e-03  Time cost: 2:32:51/58:10 [76:34:54/29:06:00]  Acc_iter 83900       Data time: 0.00(0.02)  Forward time: 2.39(3.25)  Batch time: 2.39(3.28)
2025-03-27 13:59:11,136   INFO  Save latest model to /OpenPCDet/output/nuscenes_models/cbgs_voxel01_res3d_centerpoint_uncertainty/shifted_bounded_uncertainty/ckpt/latest_model
2025-03-27 13:59:42,663   INFO  Train:   22/30 ( 73%) [2847/3862 ( 74%)]  Loss: -10.36 (-10.4)  LR: 1.308e-03  Time cost: 2:35:32/55:26 [76:37:35/29:02:50]  Acc_iter 83950       Data time: 0.00(0.02)  Forward time: 3.18(3.25)  Batch time: 3.18(3.28)
2025-03-27 14:02:26,124   INFO  Train:   22/30 ( 73%) [2897/3862 ( 75%)]  Loss: -10.48 (-10.4)  LR: 1.304e-03  Time cost: 2:38:16/52:42 [76:40:19/29:00:02]  Acc_iter 84000       Data time: 0.00(0.02)  Forward time: 2.78(3.25)  Batch time: 2.78(3.28)
2025-03-27 14:02:27,455   INFO  
2025-03-27 14:04:11,756   INFO  Save latest model to /OpenPCDet/output/nuscenes_models/cbgs_voxel01_res3d_centerpoint_uncertainty/shifted_bounded_uncertainty/ckpt/latest_model
2025-03-27 14:05:15,853   INFO  Train:   22/30 ( 73%) [2947/3862 ( 76%)]  Loss: -11.01 (-10.4)  LR: 1.301e-03  Time cost: 2:41:05/50:00 [76:43:08/28:58:22]  Acc_iter 84050       Data time: 0.00(0.02)  Forward time: 2.96(3.25)  Batch time: 2.97(3.28)
2025-03-27 14:08:03,509   INFO  Train:   22/30 ( 73%) [2997/3862 ( 78%)]  Loss: -10.71 (-10.4)  LR: 1.297e-03  Time cost: 2:43:53/47:17 [76:45:56/28:56:17]  Acc_iter 84100       Data time: 0.00(0.02)  Forward time: 2.91(3.26)  Batch time: 2.91(3.28)
2025-03-27 14:09:13,488   INFO  Save latest model to /OpenPCDet/output/nuscenes_models/cbgs_voxel01_res3d_centerpoint_uncertainty/shifted_bounded_uncertainty/ckpt/latest_model
2025-03-27 14:10:47,349   INFO  Train:   22/30 ( 73%) [3047/3862 ( 79%)]  Loss: -10.99 (-10.4)  LR: 1.294e-03  Time cost: 2:46:37/44:33 [76:48:40/28:53:32]  Acc_iter 84150       Data time: 0.00(0.02)  Forward time: 2.97(3.26)  Batch time: 2.97(3.28)
2025-03-27 14:10:48,536   INFO  
2025-03-27 14:13:31,734   INFO  Train:   22/30 ( 73%) [3097/3862 ( 80%)]  Loss: -10.56 (-10.4)  LR: 1.291e-03  Time cost: 2:49:21/41:49 [76:51:24/28:50:52]  Acc_iter 84200       Data time: 0.00(0.02)  Forward time: 3.32(3.26)  Batch time: 3.33(3.28)
2025-03-27 14:14:12,857   INFO  Save latest model to /OpenPCDet/output/nuscenes_models/cbgs_voxel01_res3d_centerpoint_uncertainty/shifted_bounded_uncertainty/ckpt/latest_model
2025-03-27 14:16:11,473   INFO  Train:   22/30 ( 73%) [3147/3862 ( 81%)]  Loss: -10.68 (-10.4)  LR: 1.287e-03  Time cost: 2:52:01/39:04 [76:54:04/28:47:25]  Acc_iter 84250       Data time: 0.00(0.02)  Forward time: 3.43(3.25)  Batch time: 3.44(3.28)
2025-03-27 14:18:55,726   INFO  Train:   22/30 ( 73%) [3197/3862 ( 83%)]  Loss: -10.73 (-10.4)  LR: 1.284e-03  Time cost: 2:54:45/36:20 [76:56:48/28:44:44]  Acc_iter 84300       Data time: 0.00(0.02)  Forward time: 2.59(3.26)  Batch time: 2.60(3.28)
2025-03-27 14:18:57,000   INFO  
2025-03-27 14:19:13,211   INFO  Save latest model to /OpenPCDet/output/nuscenes_models/cbgs_voxel01_res3d_centerpoint_uncertainty/shifted_bounded_uncertainty/ckpt/latest_model
2025-03-27 14:21:47,115   INFO  Train:   22/30 ( 73%) [3247/3862 ( 84%)]  Loss: -10.64 (-10.4)  LR: 1.281e-03  Time cost: 2:57:37/33:37 [76:59:40/28:43:12]  Acc_iter 84350       Data time: 0.00(0.02)  Forward time: 4.80(3.26)  Batch time: 4.80(3.28)
2025-03-27 14:24:12,093   INFO  Save latest model to /OpenPCDet/output/nuscenes_models/cbgs_voxel01_res3d_centerpoint_uncertainty/shifted_bounded_uncertainty/ckpt/latest_model
2025-03-27 14:24:29,714   INFO  Train:   22/30 ( 73%) [3297/3862 ( 85%)]  Loss: -10.79 (-10.4)  LR: 1.277e-03  Time cost: 3:00:19/30:53 [77:02:22/28:40:14]  Acc_iter 84400       Data time: 0.00(0.02)  Forward time: 3.46(3.26)  Batch time: 3.46(3.28)
2025-03-27 14:27:15,573   INFO  Train:   22/30 ( 73%) [3347/3862 ( 87%)]  Loss: -10.94 (-10.4)  LR: 1.274e-03  Time cost: 3:03:05/28:09 [77:05:08/28:37:47]  Acc_iter 84450       Data time: 0.01(0.02)  Forward time: 4.12(3.26)  Batch time: 4.13(3.28)
2025-03-27 14:27:17,103   INFO  
2025-03-27 14:29:11,441   INFO  Save latest model to /OpenPCDet/output/nuscenes_models/cbgs_voxel01_res3d_centerpoint_uncertainty/shifted_bounded_uncertainty/ckpt/latest_model
2025-03-27 14:29:57,005   INFO  Train:   22/30 ( 73%) [3397/3862 ( 88%)]  Loss: -9.841 (-10.4)  LR: 1.271e-03  Time cost: 3:05:47/25:25 [77:07:50/28:34:39]  Acc_iter 84500       Data time: 0.01(0.02)  Forward time: 2.55(3.26)  Batch time: 2.56(3.28)
2025-03-27 14:32:29,379   INFO  Train:   22/30 ( 73%) [3447/3862 ( 89%)]  Loss: -10.70 (-10.5)  LR: 1.267e-03  Time cost: 3:08:19/22:40 [77:10:22/28:30:09]  Acc_iter 84550       Data time: 0.02(0.02)  Forward time: 3.16(3.25)  Batch time: 3.17(3.28)
2025-03-27 14:34:12,069   INFO  Save latest model to /OpenPCDet/output/nuscenes_models/cbgs_voxel01_res3d_centerpoint_uncertainty/shifted_bounded_uncertainty/ckpt/latest_model
2025-03-27 14:34:59,673   INFO  Train:   22/30 ( 73%) [3497/3862 ( 91%)]  Loss: -10.47 (-10.5)  LR: 1.264e-03  Time cost: 3:10:49/19:54 [77:12:52/28:25:24]  Acc_iter 84600       Data time: 0.00(0.02)  Forward time: 2.44(3.25)  Batch time: 2.45(3.27)
2025-03-27 14:35:00,710   INFO  
2025-03-27 14:37:48,575   INFO  Train:   22/30 ( 73%) [3547/3862 ( 92%)]  Loss: -10.36 (-10.5)  LR: 1.261e-03  Time cost: 3:13:38/17:11 [77:15:41/28:23:27]  Acc_iter 84650       Data time: 0.00(0.02)  Forward time: 3.53(3.25)  Batch time: 3.53(3.27)
2025-03-27 14:39:12,059   INFO  Save latest model to /OpenPCDet/output/nuscenes_models/cbgs_voxel01_res3d_centerpoint_uncertainty/shifted_bounded_uncertainty/ckpt/latest_model
2025-03-27 14:40:33,197   INFO  Train:   22/30 ( 73%) [3597/3862 ( 93%)]  Loss: -11.12 (-10.5)  LR: 1.257e-03  Time cost: 3:16:23/14:27 [77:18:26/28:20:50]  Acc_iter 84700       Data time: 0.00(0.02)  Forward time: 3.89(3.25)  Batch time: 3.90(3.27)
2025-03-27 14:43:23,777   INFO  Train:   22/30 ( 73%) [3647/3862 ( 94%)]  Loss: -10.61 (-10.5)  LR: 1.254e-03  Time cost: 3:19:13/11:44 [77:21:16/28:19:05]  Acc_iter 84750       Data time: 0.00(0.02)  Forward time: 2.69(3.25)  Batch time: 2.70(3.28)
2025-03-27 14:43:24,921   INFO  
2025-03-27 14:44:11,159   INFO  Save latest model to /OpenPCDet/output/nuscenes_models/cbgs_voxel01_res3d_centerpoint_uncertainty/shifted_bounded_uncertainty/ckpt/latest_model
2025-03-27 14:46:11,842   INFO  Train:   22/30 ( 73%) [3697/3862 ( 96%)]  Loss: -10.13 (-10.5)  LR: 1.251e-03  Time cost: 3:22:01/09:00 [77:24:04/28:16:57]  Acc_iter 84800       Data time: 0.01(0.02)  Forward time: 2.99(3.25)  Batch time: 3.00(3.28)
2025-03-27 14:48:55,467   INFO  Train:   22/30 ( 73%) [3747/3862 ( 97%)]  Loss: -10.58 (-10.5)  LR: 1.247e-03  Time cost: 3:24:45/06:16 [77:26:48/28:14:10]  Acc_iter 84850       Data time: 0.00(0.02)  Forward time: 3.51(3.25)  Batch time: 3.51(3.28)
2025-03-27 14:49:10,822   INFO  Save latest model to /OpenPCDet/output/nuscenes_models/cbgs_voxel01_res3d_centerpoint_uncertainty/shifted_bounded_uncertainty/ckpt/latest_model
2025-03-27 14:51:32,302   INFO  Train:   22/30 ( 73%) [3797/3862 ( 98%)]  Loss: -10.40 (-10.5)  LR: 1.244e-03  Time cost: 3:27:22/03:32 [77:29:25/28:10:29]  Acc_iter 84900       Data time: 0.00(0.02)  Forward time: 3.12(3.25)  Batch time: 3.13(3.28)
2025-03-27 14:51:33,308   INFO  
2025-03-27 14:54:10,696   INFO  Save latest model to /OpenPCDet/output/nuscenes_models/cbgs_voxel01_res3d_centerpoint_uncertainty/shifted_bounded_uncertainty/ckpt/latest_model
2025-03-27 14:54:16,711   INFO  Train:   22/30 ( 73%) [3847/3862 (100%)]  Loss: -10.82 (-10.5)  LR: 1.241e-03  Time cost: 3:30:06/00:49 [77:32:09/28:07:50]  Acc_iter 84950       Data time: 0.00(0.02)  Forward time: 2.93(3.25)  Batch time: 2.94(3.28)
2025-03-27 14:54:58,336   INFO  Train:   22/30 ( 73%) [3861/3862 (100%)]  Loss: -10.47 (-10.5)  LR: 1.240e-03  Time cost: 3:30:48/00:03 [77:32:51/28:06:30]  Acc_iter 84964       Data time: 0.00(0.02)  Forward time: 2.04(3.25)  Batch time: 2.05(3.28)
2025-03-27 14:55:18,851   INFO  Train:   23/30 ( 77%) [   0/3862 (  0%)]  Loss: -10.93 (-10.9)  LR: 1.240e-03  Time cost: 00:16/17:51:41 [77:33:11/142:53:29]  Acc_iter 84965       Data time: 12.55(12.55)  Forward time: 4.09(4.09)  Batch time: 16.65(16.65)
2025-03-27 14:57:21,352   INFO  Train:   23/30 ( 77%) [  35/3862 (  1%)]  Loss: -10.91 (-10.7)  LR: 1.237e-03  Time cost: 02:19/4:06:32 [77:35:14/33:08:06]  Acc_iter 85000       Data time: 0.00(0.43)  Forward time: 2.96(3.44)  Batch time: 2.97(3.87)
2025-03-27 15:00:02,971   INFO  Train:   23/30 ( 77%) [  85/3862 (  2%)]  Loss: -11.13 (-10.8)  LR: 1.234e-03  Time cost: 05:00/3:40:09 [77:37:56/29:55:56]  Acc_iter 85050       Data time: 0.00(0.18)  Forward time: 3.33(3.31)  Batch time: 3.34(3.50)
2025-03-27 15:00:03,980   INFO  
2025-03-27 15:00:04,344   INFO  Save latest model to /OpenPCDet/output/nuscenes_models/cbgs_voxel01_res3d_centerpoint_uncertainty/shifted_bounded_uncertainty/ckpt/latest_model
2025-03-27 15:02:49,098   INFO  Train:   23/30 ( 77%) [ 135/3862 (  3%)]  Loss: -10.75 (-10.8)  LR: 1.231e-03  Time cost: 07:46/3:33:15 [77:40:42/29:20:04]  Acc_iter 85100       Data time: 0.00(0.13)  Forward time: 2.94(3.31)  Batch time: 2.94(3.43)
2025-03-27 15:05:04,428   INFO  Save latest model to /OpenPCDet/output/nuscenes_models/cbgs_voxel01_res3d_centerpoint_uncertainty/shifted_bounded_uncertainty/ckpt/latest_model
2025-03-27 15:05:37,332   INFO  Train:   23/30 ( 77%) [ 185/3862 (  5%)]  Loss: -10.99 (-10.7)  LR: 1.227e-03  Time cost: 10:35/3:29:15 [77:43:30/29:07:48]  Acc_iter 85150       Data time: 0.01(0.10)  Forward time: 3.22(3.32)  Batch time: 3.22(3.41)
2025-03-27 15:08:28,142   INFO  Train:   23/30 ( 77%) [ 235/3862 (  6%)]  Loss: -10.09 (-10.7)  LR: 1.224e-03  Time cost: 13:25/3:26:26 [77:46:21/29:05:07]  Acc_iter 85200       Data time: 0.01(0.08)  Forward time: 3.74(3.34)  Batch time: 3.75(3.41)
2025-03-27 15:08:29,177   INFO  
2025-03-27 15:10:03,736   INFO  Save latest model to /OpenPCDet/output/nuscenes_models/cbgs_voxel01_res3d_centerpoint_uncertainty/shifted_bounded_uncertainty/ckpt/latest_model
2025-03-27 15:11:17,703   INFO  Train:   23/30 ( 77%) [ 285/3862 (  7%)]  Loss: -11.23 (-10.7)  LR: 1.221e-03  Time cost: 16:15/3:23:20 [77:49:10/29:00:09]  Acc_iter 85250       Data time: 0.00(0.07)  Forward time: 2.96(3.34)  Batch time: 2.97(3.41)
2025-03-27 15:14:07,128   INFO  Train:   23/30 ( 77%) [ 335/3862 (  9%)]  Loss: -9.398 (-10.7)  LR: 1.217e-03  Time cost: 19:04/3:20:18 [77:52:00/28:55:37]  Acc_iter 85300       Data time: 0.01(0.06)  Forward time: 3.46(3.35)  Batch time: 3.47(3.41)
2025-03-27 15:15:05,288   INFO  Save latest model to /OpenPCDet/output/nuscenes_models/cbgs_voxel01_res3d_centerpoint_uncertainty/shifted_bounded_uncertainty/ckpt/latest_model
2025-03-27 15:16:53,182   INFO  Train:   23/30 ( 77%) [ 385/3862 ( 10%)]  Loss: -10.05 (-10.7)  LR: 1.214e-03  Time cost: 21:50/3:16:49 [77:54:46/28:47:05]  Acc_iter 85350       Data time: 0.00(0.05)  Forward time: 2.74(3.34)  Batch time: 2.74(3.40)
2025-03-27 15:16:54,282   INFO  
2025-03-27 15:19:41,851   INFO  Train:   23/30 ( 77%) [ 435/3862 ( 11%)]  Loss: -10.99 (-10.7)  LR: 1.211e-03  Time cost: 24:39/3:13:50 [77:57:34/28:42:55]  Acc_iter 85400       Data time: 0.00(0.05)  Forward time: 2.71(3.34)  Batch time: 2.72(3.39)
2025-03-27 15:20:05,856   INFO  Save latest model to /OpenPCDet/output/nuscenes_models/cbgs_voxel01_res3d_centerpoint_uncertainty/shifted_bounded_uncertainty/ckpt/latest_model
2025-03-27 15:22:25,182   INFO  Train:   23/30 ( 77%) [ 485/3862 ( 13%)]  Loss: -10.88 (-10.7)  LR: 1.207e-03  Time cost: 27:22/3:10:16 [78:00:18/28:33:27]  Acc_iter 85450       Data time: 0.00(0.05)  Forward time: 4.04(3.33)  Batch time: 4.04(3.38)
2025-03-27 15:25:04,720   INFO  Save latest model to /OpenPCDet/output/nuscenes_models/cbgs_voxel01_res3d_centerpoint_uncertainty/shifted_bounded_uncertainty/ckpt/latest_model
2025-03-27 15:25:07,809   INFO  Train:   23/30 ( 77%) [ 535/3862 ( 14%)]  Loss: -10.91 (-10.7)  LR: 1.204e-03  Time cost: 30:05/3:06:47 [78:03:00/28:24:36]  Acc_iter 85500       Data time: 0.40(0.04)  Forward time: 3.09(3.32)  Batch time: 3.49(3.37)
2025-03-27 15:25:08,775   INFO  
2025-03-27 15:27:48,277   INFO  Train:   23/30 ( 77%) [ 585/3862 ( 15%)]  Loss: -10.64 (-10.7)  LR: 1.201e-03  Time cost: 32:46/3:03:14 [78:05:41/28:14:55]  Acc_iter 85550       Data time: 0.00(0.04)  Forward time: 2.45(3.31)  Batch time: 2.46(3.36)
2025-03-27 15:30:04,646   INFO  Save latest model to /OpenPCDet/output/nuscenes_models/cbgs_voxel01_res3d_centerpoint_uncertainty/shifted_bounded_uncertainty/ckpt/latest_model
2025-03-27 15:30:27,394   INFO  Train:   23/30 ( 77%) [ 635/3862 ( 16%)]  Loss: -10.35 (-10.7)  LR: 1.197e-03  Time cost: 35:25/2:59:43 [78:08:20/28:05:17]  Acc_iter 85600       Data time: 0.00(0.04)  Forward time: 3.20(3.30)  Batch time: 3.20(3.34)
2025-03-27 15:33:02,795   INFO  Train:   23/30 ( 77%) [ 685/3862 ( 18%)]  Loss: -10.81 (-10.7)  LR: 1.194e-03  Time cost: 38:00/2:56:01 [78:10:55/27:53:55]  Acc_iter 85650       Data time: 0.00(0.04)  Forward time: 3.04(3.29)  Batch time: 3.04(3.32)
2025-03-27 15:33:03,957   INFO  
2025-03-27 15:35:04,799   INFO  Save latest model to /OpenPCDet/output/nuscenes_models/cbgs_voxel01_res3d_centerpoint_uncertainty/shifted_bounded_uncertainty/ckpt/latest_model
2025-03-27 15:35:48,170   INFO  Train:   23/30 ( 77%) [ 735/3862 ( 19%)]  Loss: -10.76 (-10.7)  LR: 1.191e-03  Time cost: 40:45/2:53:12 [78:13:41/27:50:34]  Acc_iter 85700       Data time: 0.00(0.04)  Forward time: 3.70(3.29)  Batch time: 3.71(3.32)
2025-03-27 15:38:29,803   INFO  Train:   23/30 ( 77%) [ 785/3862 ( 20%)]  Loss: -10.61 (-10.7)  LR: 1.187e-03  Time cost: 43:27/2:50:08 [78:16:22/27:44:55]  Acc_iter 85750       Data time: 0.00(0.04)  Forward time: 3.13(3.28)  Batch time: 3.14(3.32)
2025-03-27 15:40:04,560   INFO  Save latest model to /OpenPCDet/output/nuscenes_models/cbgs_voxel01_res3d_centerpoint_uncertainty/shifted_bounded_uncertainty/ckpt/latest_model
2025-03-27 15:41:08,113   INFO  Train:   23/30 ( 77%) [ 835/3862 ( 22%)]  Loss: -11.37 (-10.7)  LR: 1.184e-03  Time cost: 46:05/2:46:54 [78:19:01/27:37:37]  Acc_iter 85800       Data time: 0.00(0.03)  Forward time: 3.01(3.27)  Batch time: 3.01(3.31)
2025-03-27 15:41:09,227   INFO  
2025-03-27 15:43:50,972   INFO  Train:   23/30 ( 77%) [ 885/3862 ( 23%)]  Loss: -10.80 (-10.7)  LR: 1.181e-03  Time cost: 48:48/2:44:00 [78:21:44/27:33:24]  Acc_iter 85850       Data time: 0.00(0.03)  Forward time: 2.79(3.27)  Batch time: 2.79(3.31)
2025-03-27 15:45:05,638   INFO  Save latest model to /OpenPCDet/output/nuscenes_models/cbgs_voxel01_res3d_centerpoint_uncertainty/shifted_bounded_uncertainty/ckpt/latest_model
2025-03-27 15:46:26,296   INFO  Train:   23/30 ( 77%) [ 935/3862 ( 24%)]  Loss: -10.83 (-10.7)  LR: 1.177e-03  Time cost: 51:24/2:40:44 [78:24:19/27:25:20]  Acc_iter 85900       Data time: 0.00(0.03)  Forward time: 2.64(3.26)  Batch time: 2.65(3.29)
2025-03-27 15:49:02,076   INFO  Train:   23/30 ( 77%) [ 985/3862 ( 26%)]  Loss: -11.39 (-10.7)  LR: 1.174e-03  Time cost: 53:59/2:37:33 [78:26:55/27:18:03]  Acc_iter 85950       Data time: 0.00(0.03)  Forward time: 2.79(3.25)  Batch time: 2.79(3.29)
2025-03-27 15:49:03,148   INFO  
2025-03-27 15:50:02,646   INFO  Save latest model to /OpenPCDet/output/nuscenes_models/cbgs_voxel01_res3d_centerpoint_uncertainty/shifted_bounded_uncertainty/ckpt/latest_model
2025-03-27 15:51:42,806   INFO  Train:   23/30 ( 77%) [1035/3862 ( 27%)]  Loss: -10.50 (-10.7)  LR: 1.171e-03  Time cost: 56:40/2:34:39 [78:29:35/27:13:36]  Acc_iter 86000       Data time: 0.01(0.03)  Forward time: 3.78(3.25)  Batch time: 3.79(3.28)
2025-03-27 15:54:26,791   INFO  Train:   23/30 ( 77%) [1085/3862 ( 28%)]  Loss: -10.92 (-10.7)  LR: 1.167e-03  Time cost: 59:24/2:31:54 [78:32:19/27:10:48]  Acc_iter 86050       Data time: 0.00(0.03)  Forward time: 4.28(3.25)  Batch time: 4.29(3.28)
2025-03-27 15:55:04,499   INFO  Save latest model to /OpenPCDet/output/nuscenes_models/cbgs_voxel01_res3d_centerpoint_uncertainty/shifted_bounded_uncertainty/ckpt/latest_model
2025-03-27 15:57:16,166   INFO  Train:   23/30 ( 77%) [1135/3862 ( 29%)]  Loss: -9.830 (-10.7)  LR: 1.164e-03  Time cost: 1:02:13/2:29:23 [78:35:09/27:10:22]  Acc_iter 86100       Data time: 0.00(0.03)  Forward time: 2.93(3.26)  Batch time: 2.94(3.29)
2025-03-27 15:57:17,591   INFO  
2025-03-27 16:00:04,199   INFO  Train:   23/30 ( 77%) [1185/3862 ( 31%)]  Loss: -10.71 (-10.7)  LR: 1.161e-03  Time cost: 1:05:01/2:26:47 [78:37:57/27:09:10]  Acc_iter 86150       Data time: 0.00(0.03)  Forward time: 2.52(3.26)  Batch time: 2.53(3.29)
2025-03-27 16:00:04,616   INFO  Save latest model to /OpenPCDet/output/nuscenes_models/cbgs_voxel01_res3d_centerpoint_uncertainty/shifted_bounded_uncertainty/ckpt/latest_model
2025-03-27 16:02:42,749   INFO  Train:   23/30 ( 77%) [1235/3862 ( 32%)]  Loss: -11.33 (-10.7)  LR: 1.158e-03  Time cost: 1:07:40/2:23:50 [78:40:35/27:04:03]  Acc_iter 86200       Data time: 0.00(0.03)  Forward time: 2.97(3.26)  Batch time: 2.98(3.29)
2025-03-27 16:05:04,696   INFO  Save latest model to /OpenPCDet/output/nuscenes_models/cbgs_voxel01_res3d_centerpoint_uncertainty/shifted_bounded_uncertainty/ckpt/latest_model
2025-03-27 16:05:21,315   INFO  Train:   23/30 ( 77%) [1285/3862 ( 33%)]  Loss: -10.45 (-10.7)  LR: 1.154e-03  Time cost: 1:10:19/2:20:54 [78:43:14/26:59:07]  Acc_iter 86250       Data time: 0.00(0.03)  Forward time: 3.41(3.25)  Batch time: 3.41(3.28)
2025-03-27 16:05:22,349   INFO  
2025-03-27 16:07:50,824   INFO  Train:   23/30 ( 77%) [1335/3862 ( 35%)]  Loss: -10.96 (-10.7)  LR: 1.151e-03  Time cost: 1:12:48/2:17:43 [78:45:43/26:51:02]  Acc_iter 86300       Data time: 0.00(0.03)  Forward time: 2.66(3.24)  Batch time: 2.66(3.27)
2025-03-27 16:10:05,902   INFO  Save latest model to /OpenPCDet/output/nuscenes_models/cbgs_voxel01_res3d_centerpoint_uncertainty/shifted_bounded_uncertainty/ckpt/latest_model
2025-03-27 16:10:24,334   INFO  Train:   23/30 ( 77%) [1385/3862 ( 36%)]  Loss: -10.36 (-10.7)  LR: 1.148e-03  Time cost: 1:15:22/2:14:41 [78:48:17/26:44:46]  Acc_iter 86350       Data time: 0.00(0.03)  Forward time: 3.13(3.23)  Batch time: 3.13(3.26)
2025-03-27 16:13:06,682   INFO  Train:   23/30 ( 77%) [1435/3862 ( 37%)]  Loss: -11.27 (-10.7)  LR: 1.144e-03  Time cost: 1:18:04/2:11:57 [78:50:59/26:41:46]  Acc_iter 86400       Data time: 0.00(0.03)  Forward time: 3.33(3.23)  Batch time: 3.34(3.26)
2025-03-27 16:13:07,869   INFO  
2025-03-27 16:15:04,702   INFO  Save latest model to /OpenPCDet/output/nuscenes_models/cbgs_voxel01_res3d_centerpoint_uncertainty/shifted_bounded_uncertainty/ckpt/latest_model
2025-03-27 16:15:51,456   INFO  Train:   23/30 ( 77%) [1485/3862 ( 38%)]  Loss: -10.30 (-10.7)  LR: 1.141e-03  Time cost: 1:20:49/2:09:16 [78:53:44/26:39:36]  Acc_iter 86450       Data time: 0.00(0.03)  Forward time: 3.59(3.24)  Batch time: 3.59(3.26)
2025-03-27 16:18:36,312   INFO  Train:   23/30 ( 77%) [1535/3862 ( 40%)]  Loss: -11.65 (-10.7)  LR: 1.138e-03  Time cost: 1:23:34/2:06:36 [78:56:29/26:37:25]  Acc_iter 86500       Data time: 0.00(0.03)  Forward time: 3.11(3.24)  Batch time: 3.11(3.26)
2025-03-27 16:20:04,253   INFO  Save latest model to /OpenPCDet/output/nuscenes_models/cbgs_voxel01_res3d_centerpoint_uncertainty/shifted_bounded_uncertainty/ckpt/latest_model
2025-03-27 16:21:23,789   INFO  Train:   23/30 ( 77%) [1585/3862 ( 41%)]  Loss: -10.91 (-10.7)  LR: 1.134e-03  Time cost: 1:26:21/2:03:59 [78:59:16/26:36:01]  Acc_iter 86550       Data time: 0.00(0.03)  Forward time: 3.88(3.24)  Batch time: 3.89(3.27)
2025-03-27 16:21:24,761   INFO  
2025-03-27 16:24:11,745   INFO  Train:   23/30 ( 77%) [1635/3862 ( 42%)]  Loss: -10.86 (-10.7)  LR: 1.131e-03  Time cost: 1:29:09/2:01:22 [79:02:04/26:34:40]  Acc_iter 86600       Data time: 0.01(0.03)  Forward time: 3.78(3.24)  Batch time: 3.79(3.27)
2025-03-27 16:25:05,428   INFO  Save latest model to /OpenPCDet/output/nuscenes_models/cbgs_voxel01_res3d_centerpoint_uncertainty/shifted_bounded_uncertainty/ckpt/latest_model
2025-03-27 16:26:56,396   INFO  Train:   23/30 ( 77%) [1685/3862 ( 44%)]  Loss: -9.868 (-10.7)  LR: 1.128e-03  Time cost: 1:31:54/1:58:40 [79:04:49/26:32:16]  Acc_iter 86650       Data time: 0.00(0.03)  Forward time: 3.30(3.24)  Batch time: 3.30(3.27)
2025-03-27 16:29:35,170   INFO  Train:   23/30 ( 77%) [1735/3862 ( 45%)]  Loss: -10.33 (-10.7)  LR: 1.125e-03  Time cost: 1:34:32/1:55:50 [79:07:28/26:28:13]  Acc_iter 86700       Data time: 0.00(0.03)  Forward time: 2.68(3.24)  Batch time: 2.69(3.27)
2025-03-27 16:29:36,318   INFO  
2025-03-27 16:30:05,240   INFO  Save latest model to /OpenPCDet/output/nuscenes_models/cbgs_voxel01_res3d_centerpoint_uncertainty/shifted_bounded_uncertainty/ckpt/latest_model
2025-03-27 16:32:21,769   INFO  Train:   23/30 ( 77%) [1785/3862 ( 46%)]  Loss: -10.97 (-10.7)  LR: 1.121e-03  Time cost: 1:37:19/1:53:11 [79:10:14/26:26:22]  Acc_iter 86750       Data time: 0.00(0.03)  Forward time: 3.08(3.24)  Batch time: 3.08(3.27)
2025-03-27 16:35:03,725   INFO  Save latest model to /OpenPCDet/output/nuscenes_models/cbgs_voxel01_res3d_centerpoint_uncertainty/shifted_bounded_uncertainty/ckpt/latest_model
2025-03-27 16:35:07,894   INFO  Train:   23/30 ( 77%) [1835/3862 ( 48%)]  Loss: -10.58 (-10.7)  LR: 1.118e-03  Time cost: 1:40:05/1:50:30 [79:13:01/26:24:20]  Acc_iter 86800       Data time: 0.34(0.03)  Forward time: 4.17(3.25)  Batch time: 4.51(3.27)
2025-03-27 16:37:59,286   INFO  Train:   23/30 ( 77%) [1885/3862 ( 49%)]  Loss: -11.48 (-10.7)  LR: 1.115e-03  Time cost: 1:42:57/1:47:55 [79:15:52/26:23:37]  Acc_iter 86850       Data time: 0.00(0.03)  Forward time: 3.01(3.25)  Batch time: 3.01(3.28)
2025-03-27 16:38:00,420   INFO  
2025-03-27 16:40:03,151   INFO  Save latest model to /OpenPCDet/output/nuscenes_models/cbgs_voxel01_res3d_centerpoint_uncertainty/shifted_bounded_uncertainty/ckpt/latest_model
2025-03-27 16:40:49,194   INFO  Train:   23/30 ( 77%) [1935/3862 ( 50%)]  Loss: -10.35 (-10.7)  LR: 1.112e-03  Time cost: 1:45:46/1:45:17 [79:18:42/26:22:25]  Acc_iter 86900       Data time: 0.00(0.03)  Forward time: 3.52(3.25)  Batch time: 3.52(3.28)
2025-03-27 16:43:31,287   INFO  Train:   23/30 ( 77%) [1985/3862 ( 51%)]  Loss: -10.28 (-10.7)  LR: 1.108e-03  Time cost: 1:48:29/1:42:31 [79:21:24/26:19:15]  Acc_iter 86950       Data time: 0.00(0.02)  Forward time: 4.50(3.25)  Batch time: 4.51(3.28)
2025-03-27 16:45:03,096   INFO  Save latest model to /OpenPCDet/output/nuscenes_models/cbgs_voxel01_res3d_centerpoint_uncertainty/shifted_bounded_uncertainty/ckpt/latest_model
2025-03-27 16:46:14,727   INFO  Train:   23/30 ( 77%) [2035/3862 ( 53%)]  Loss: -10.43 (-10.7)  LR: 1.105e-03  Time cost: 1:51:12/1:39:47 [79:24:07/26:16:25]  Acc_iter 87000       Data time: 0.00(0.02)  Forward time: 3.38(3.25)  Batch time: 3.39(3.28)
2025-03-27 16:46:15,796   INFO  
2025-03-27 16:48:58,444   INFO  Train:   23/30 ( 77%) [2085/3862 ( 54%)]  Loss: -10.33 (-10.7)  LR: 1.102e-03  Time cost: 1:53:56/1:37:03 [79:26:51/26:13:39]  Acc_iter 87050       Data time: 0.00(0.02)  Forward time: 3.15(3.25)  Batch time: 3.15(3.28)
2025-03-27 16:50:02,811   INFO  Save latest model to /OpenPCDet/output/nuscenes_models/cbgs_voxel01_res3d_centerpoint_uncertainty/shifted_bounded_uncertainty/ckpt/latest_model
2025-03-27 16:51:35,413   INFO  Train:   23/30 ( 77%) [2135/3862 ( 55%)]  Loss: -11.20 (-10.7)  LR: 1.098e-03  Time cost: 1:56:33/1:34:14 [79:29:28/26:09:22]  Acc_iter 87100       Data time: 0.00(0.02)  Forward time: 3.04(3.25)  Batch time: 3.05(3.27)
2025-03-27 16:54:09,159   INFO  Train:   23/30 ( 77%) [2185/3862 ( 57%)]  Loss: -11.24 (-10.7)  LR: 1.095e-03  Time cost: 1:59:06/1:31:22 [79:32:02/26:04:28]  Acc_iter 87150       Data time: 0.00(0.02)  Forward time: 2.84(3.25)  Batch time: 2.85(3.27)
2025-03-27 16:54:10,200   INFO  
2025-03-27 16:55:03,851   INFO  Save latest model to /OpenPCDet/output/nuscenes_models/cbgs_voxel01_res3d_centerpoint_uncertainty/shifted_bounded_uncertainty/ckpt/latest_model
2025-03-27 16:56:51,620   INFO  Train:   23/30 ( 77%) [2235/3862 ( 58%)]  Loss: -10.88 (-10.7)  LR: 1.092e-03  Time cost: 2:01:49/1:28:38 [79:34:44/26:01:31]  Acc_iter 87200       Data time: 0.00(0.02)  Forward time: 2.92(3.24)  Batch time: 2.92(3.27)
2025-03-27 16:59:35,900   INFO  Train:   23/30 ( 77%) [2285/3862 ( 59%)]  Loss: -10.86 (-10.7)  LR: 1.089e-03  Time cost: 2:04:33/1:25:55 [79:37:29/25:58:58]  Acc_iter 87250       Data time: 0.01(0.02)  Forward time: 3.00(3.25)  Batch time: 3.00(3.27)
2025-03-27 17:00:02,774   INFO  Save latest model to /OpenPCDet/output/nuscenes_models/cbgs_voxel01_res3d_centerpoint_uncertainty/shifted_bounded_uncertainty/ckpt/latest_model
2025-03-27 17:02:24,148   INFO  Train:   23/30 ( 77%) [2335/3862 ( 60%)]  Loss: -10.90 (-10.7)  LR: 1.085e-03  Time cost: 2:07:21/1:23:15 [79:40:17/25:57:13]  Acc_iter 87300       Data time: 0.00(0.02)  Forward time: 3.11(3.25)  Batch time: 3.11(3.27)
2025-03-27 17:02:25,396   INFO  
2025-03-27 17:05:06,510   INFO  Save latest model to /OpenPCDet/output/nuscenes_models/cbgs_voxel01_res3d_centerpoint_uncertainty/shifted_bounded_uncertainty/ckpt/latest_model
2025-03-27 17:05:09,905   INFO  Train:   23/30 ( 77%) [2385/3862 ( 62%)]  Loss: -10.82 (-10.7)  LR: 1.082e-03  Time cost: 2:10:07/1:20:33 [79:43:03/25:54:56]  Acc_iter 87350       Data time: 0.34(0.02)  Forward time: 3.39(3.25)  Batch time: 3.74(3.27)
2025-03-27 17:07:53,235   INFO  Train:   23/30 ( 77%) [2435/3862 ( 63%)]  Loss: -11.00 (-10.7)  LR: 1.079e-03  Time cost: 2:12:51/1:17:49 [79:45:46/25:52:09]  Acc_iter 87400       Data time: 0.00(0.02)  Forward time: 3.34(3.25)  Batch time: 3.34(3.27)
2025-03-27 17:10:02,658   INFO  Save latest model to /OpenPCDet/output/nuscenes_models/cbgs_voxel01_res3d_centerpoint_uncertainty/shifted_bounded_uncertainty/ckpt/latest_model
2025-03-27 17:10:39,987   INFO  Train:   23/30 ( 77%) [2485/3862 ( 64%)]  Loss: -10.06 (-10.7)  LR: 1.076e-03  Time cost: 2:15:37/1:15:07 [79:48:33/25:50:01]  Acc_iter 87450       Data time: 0.00(0.02)  Forward time: 4.63(3.25)  Batch time: 4.63(3.27)
2025-03-27 17:10:41,193   INFO  
2025-03-27 17:13:27,137   INFO  Train:   23/30 ( 77%) [2535/3862 ( 66%)]  Loss: -11.31 (-10.7)  LR: 1.072e-03  Time cost: 2:18:24/1:12:25 [79:51:20/25:47:57]  Acc_iter 87500       Data time: 0.00(0.02)  Forward time: 3.37(3.25)  Batch time: 3.38(3.27)
2025-03-27 17:15:04,514   INFO  Save latest model to /OpenPCDet/output/nuscenes_models/cbgs_voxel01_res3d_centerpoint_uncertainty/shifted_bounded_uncertainty/ckpt/latest_model
2025-03-27 17:16:14,776   INFO  Train:   23/30 ( 77%) [2585/3862 ( 67%)]  Loss: -11.16 (-10.7)  LR: 1.069e-03  Time cost: 2:21:12/1:09:43 [79:54:07/25:45:56]  Acc_iter 87550       Data time: 0.00(0.02)  Forward time: 3.05(3.25)  Batch time: 3.06(3.28)
2025-03-27 17:19:02,678   INFO  Train:   23/30 ( 77%) [2635/3862 ( 68%)]  Loss: -11.01 (-10.7)  LR: 1.066e-03  Time cost: 2:24:00/1:07:01 [79:56:55/25:43:56]  Acc_iter 87600       Data time: 0.00(0.02)  Forward time: 3.30(3.26)  Batch time: 3.30(3.28)
2025-03-27 17:19:03,658   INFO  
2025-03-27 17:20:03,958   INFO  Save latest model to /OpenPCDet/output/nuscenes_models/cbgs_voxel01_res3d_centerpoint_uncertainty/shifted_bounded_uncertainty/ckpt/latest_model
2025-03-27 17:21:46,177   INFO  Train:   23/30 ( 77%) [2685/3862 ( 70%)]  Loss: -10.92 (-10.8)  LR: 1.063e-03  Time cost: 2:26:43/1:04:17 [79:59:39/25:41:07]  Acc_iter 87650       Data time: 0.00(0.02)  Forward time: 3.20(3.25)  Batch time: 3.21(3.28)
2025-03-27 17:24:23,288   INFO  Train:   23/30 ( 77%) [2735/3862 ( 71%)]  Loss: -10.89 (-10.8)  LR: 1.059e-03  Time cost: 2:29:21/1:01:31 [80:02:16/25:37:14]  Acc_iter 87700       Data time: 0.00(0.02)  Forward time: 3.03(3.25)  Batch time: 3.03(3.28)
2025-03-27 17:25:05,150   INFO  Save latest model to /OpenPCDet/output/nuscenes_models/cbgs_voxel01_res3d_centerpoint_uncertainty/shifted_bounded_uncertainty/ckpt/latest_model
2025-03-27 17:27:06,088   INFO  Train:   23/30 ( 77%) [2785/3862 ( 72%)]  Loss: -10.27 (-10.8)  LR: 1.056e-03  Time cost: 2:32:03/58:47 [80:04:59/25:34:20]  Acc_iter 87750       Data time: 0.00(0.02)  Forward time: 4.03(3.25)  Batch time: 4.03(3.27)
2025-03-27 17:27:07,132   INFO  
2025-03-27 17:29:50,555   INFO  Train:   23/30 ( 77%) [2835/3862 ( 73%)]  Loss: -10.48 (-10.8)  LR: 1.053e-03  Time cost: 2:34:48/56:03 [80:07:43/25:31:44]  Acc_iter 87800       Data time: 0.00(0.02)  Forward time: 2.93(3.25)  Batch time: 2.93(3.28)
2025-03-27 17:30:03,456   INFO  Save latest model to /OpenPCDet/output/nuscenes_models/cbgs_voxel01_res3d_centerpoint_uncertainty/shifted_bounded_uncertainty/ckpt/latest_model
2025-03-27 17:32:32,220   INFO  Train:   23/30 ( 77%) [2885/3862 ( 75%)]  Loss: -11.26 (-10.8)  LR: 1.050e-03  Time cost: 2:37:30/53:19 [80:10:25/25:28:40]  Acc_iter 87850       Data time: 0.00(0.02)  Forward time: 3.06(3.25)  Batch time: 3.07(3.27)
2025-03-27 17:35:04,216   INFO  Save latest model to /OpenPCDet/output/nuscenes_models/cbgs_voxel01_res3d_centerpoint_uncertainty/shifted_bounded_uncertainty/ckpt/latest_model
2025-03-27 17:35:12,651   INFO  Train:   23/30 ( 77%) [2935/3862 ( 76%)]  Loss: -10.82 (-10.8)  LR: 1.046e-03  Time cost: 2:40:10/50:34 [80:13:05/25:25:25]  Acc_iter 87900       Data time: 0.01(0.02)  Forward time: 2.71(3.25)  Batch time: 2.72(3.27)
2025-03-27 17:35:13,601   INFO  
2025-03-27 17:37:55,613   INFO  Train:   23/30 ( 77%) [2985/3862 ( 77%)]  Loss: -10.61 (-10.8)  LR: 1.043e-03  Time cost: 2:42:53/47:50 [80:15:48/25:22:34]  Acc_iter 87950       Data time: 0.00(0.02)  Forward time: 3.12(3.25)  Batch time: 3.12(3.27)
2025-03-27 17:40:02,773   INFO  Save latest model to /OpenPCDet/output/nuscenes_models/cbgs_voxel01_res3d_centerpoint_uncertainty/shifted_bounded_uncertainty/ckpt/latest_model
2025-03-27 17:40:34,546   INFO  Train:   23/30 ( 77%) [3035/3862 ( 79%)]  Loss: -10.63 (-10.8)  LR: 1.040e-03  Time cost: 2:45:32/45:05 [80:18:27/25:19:07]  Acc_iter 88000       Data time: 0.00(0.02)  Forward time: 3.25(3.25)  Batch time: 3.26(3.27)
2025-03-27 17:43:23,075   INFO  Train:   23/30 ( 77%) [3085/3862 ( 80%)]  Loss: -10.95 (-10.8)  LR: 1.037e-03  Time cost: 2:48:20/42:23 [80:21:16/25:17:08]  Acc_iter 88050       Data time: 0.01(0.02)  Forward time: 3.26(3.25)  Batch time: 3.27(3.27)
2025-03-27 17:43:24,313   INFO  
2025-03-27 17:45:02,833   INFO  Save latest model to /OpenPCDet/output/nuscenes_models/cbgs_voxel01_res3d_centerpoint_uncertainty/shifted_bounded_uncertainty/ckpt/latest_model
2025-03-27 17:46:11,104   INFO  Train:   23/30 ( 77%) [3135/3862 ( 81%)]  Loss: -9.340 (-10.8)  LR: 1.034e-03  Time cost: 2:51:08/39:40 [80:24:04/25:15:04]  Acc_iter 88100       Data time: 0.01(0.02)  Forward time: 3.43(3.25)  Batch time: 3.43(3.27)
2025-03-27 17:48:50,133   INFO  Train:   23/30 ( 77%) [3185/3862 ( 82%)]  Loss: -11.80 (-10.8)  LR: 1.030e-03  Time cost: 2:53:47/36:55 [80:26:43/25:11:39]  Acc_iter 88150       Data time: 0.00(0.02)  Forward time: 3.06(3.25)  Batch time: 3.06(3.27)
2025-03-27 17:50:03,004   INFO  Save latest model to /OpenPCDet/output/nuscenes_models/cbgs_voxel01_res3d_centerpoint_uncertainty/shifted_bounded_uncertainty/ckpt/latest_model
2025-03-27 17:51:35,662   INFO  Train:   23/30 ( 77%) [3235/3862 ( 84%)]  Loss: -11.30 (-10.8)  LR: 1.027e-03  Time cost: 2:56:33/34:12 [80:29:28/25:09:11]  Acc_iter 88200       Data time: 0.00(0.02)  Forward time: 2.97(3.25)  Batch time: 2.97(3.27)
2025-03-27 17:51:36,745   INFO  
2025-03-27 17:54:23,736   INFO  Train:   23/30 ( 77%) [3285/3862 ( 85%)]  Loss: -11.07 (-10.8)  LR: 1.024e-03  Time cost: 2:59:21/31:29 [80:32:16/25:07:05]  Acc_iter 88250       Data time: 0.00(0.02)  Forward time: 3.15(3.25)  Batch time: 3.15(3.27)
2025-03-27 17:55:04,807   INFO  Save latest model to /OpenPCDet/output/nuscenes_models/cbgs_voxel01_res3d_centerpoint_uncertainty/shifted_bounded_uncertainty/ckpt/latest_model
2025-03-27 17:57:03,729   INFO  Train:   23/30 ( 77%) [3335/3862 ( 86%)]  Loss: -11.13 (-10.8)  LR: 1.021e-03  Time cost: 3:02:01/28:45 [80:34:56/25:03:50]  Acc_iter 88300       Data time: 0.01(0.02)  Forward time: 4.11(3.25)  Batch time: 4.12(3.27)
2025-03-27 17:59:51,965   INFO  Train:   23/30 ( 77%) [3385/3862 ( 88%)]  Loss: -10.62 (-10.8)  LR: 1.017e-03  Time cost: 3:04:49/26:02 [80:37:45/25:01:43]  Acc_iter 88350       Data time: 0.00(0.02)  Forward time: 2.66(3.25)  Batch time: 2.66(3.28)
2025-03-27 17:59:52,986   INFO  
2025-03-27 18:00:04,168   INFO  Save latest model to /OpenPCDet/output/nuscenes_models/cbgs_voxel01_res3d_centerpoint_uncertainty/shifted_bounded_uncertainty/ckpt/latest_model
2025-03-27 18:02:43,553   INFO  Train:   23/30 ( 77%) [3435/3862 ( 89%)]  Loss: -11.06 (-10.8)  LR: 1.014e-03  Time cost: 3:07:41/23:19 [80:40:36/25:00:02]  Acc_iter 88400       Data time: 0.01(0.02)  Forward time: 3.85(3.26)  Batch time: 3.86(3.28)
2025-03-27 18:05:05,659   INFO  Save latest model to /OpenPCDet/output/nuscenes_models/cbgs_voxel01_res3d_centerpoint_uncertainty/shifted_bounded_uncertainty/ckpt/latest_model
2025-03-27 18:05:31,180   INFO  Train:   23/30 ( 77%) [3485/3862 ( 90%)]  Loss: -10.69 (-10.8)  LR: 1.011e-03  Time cost: 3:10:28/20:36 [80:43:24/24:57:47]  Acc_iter 88450       Data time: 0.00(0.02)  Forward time: 2.70(3.26)  Batch time: 2.71(3.28)
2025-03-27 18:08:17,406   INFO  Train:   23/30 ( 77%) [3535/3862 ( 92%)]  Loss: -10.63 (-10.8)  LR: 1.008e-03  Time cost: 3:13:15/17:52 [80:46:10/24:55:21]  Acc_iter 88500       Data time: 0.00(0.02)  Forward time: 3.58(3.26)  Batch time: 3.59(3.28)
2025-03-27 18:08:18,373   INFO  
2025-03-27 18:10:06,010   INFO  Save latest model to /OpenPCDet/output/nuscenes_models/cbgs_voxel01_res3d_centerpoint_uncertainty/shifted_bounded_uncertainty/ckpt/latest_model
2025-03-27 18:11:02,193   INFO  Train:   23/30 ( 77%) [3585/3862 ( 93%)]  Loss: -10.28 (-10.8)  LR: 1.005e-03  Time cost: 3:15:59/15:08 [80:48:55/24:52:44]  Acc_iter 88550       Data time: 0.00(0.02)  Forward time: 3.14(3.26)  Batch time: 3.15(3.28)
2025-03-27 18:13:45,303   INFO  Train:   23/30 ( 77%) [3635/3862 ( 94%)]  Loss: -10.33 (-10.8)  LR: 1.001e-03  Time cost: 3:18:43/12:24 [80:51:38/24:49:53]  Acc_iter 88600       Data time: 0.01(0.02)  Forward time: 3.54(3.26)  Batch time: 3.54(3.28)
2025-03-27 18:15:03,322   INFO  Save latest model to /OpenPCDet/output/nuscenes_models/cbgs_voxel01_res3d_centerpoint_uncertainty/shifted_bounded_uncertainty/ckpt/latest_model
2025-03-27 18:16:33,537   INFO  Train:   23/30 ( 77%) [3685/3862 ( 95%)]  Loss: -11.00 (-10.8)  LR: 9.983e-04  Time cost: 3:21:31/09:40 [80:54:26/24:47:41]  Acc_iter 88650       Data time: 0.00(0.02)  Forward time: 3.36(3.26)  Batch time: 3.37(3.28)
2025-03-27 18:16:34,736   INFO  
2025-03-27 18:19:21,735   INFO  Train:   23/30 ( 77%) [3735/3862 ( 97%)]  Loss: -10.77 (-10.8)  LR: 9.951e-04  Time cost: 3:24:19/06:56 [80:57:14/24:45:27]  Acc_iter 88700       Data time: 0.01(0.02)  Forward time: 3.24(3.26)  Batch time: 3.26(3.28)
2025-03-27 18:20:04,851   INFO  Save latest model to /OpenPCDet/output/nuscenes_models/cbgs_voxel01_res3d_centerpoint_uncertainty/shifted_bounded_uncertainty/ckpt/latest_model
2025-03-27 18:21:55,718   INFO  Train:   23/30 ( 77%) [3785/3862 ( 98%)]  Loss: -11.33 (-10.8)  LR: 9.919e-04  Time cost: 3:26:53/04:12 [80:59:48/24:41:31]  Acc_iter 88750       Data time: 0.00(0.02)  Forward time: 2.72(3.26)  Batch time: 2.72(3.28)
2025-03-27 18:24:27,115   INFO  Train:   23/30 ( 77%) [3835/3862 ( 99%)]  Loss: -10.92 (-10.8)  LR: 9.887e-04  Time cost: 3:29:24/01:28 [81:02:20/24:37:18]  Acc_iter 88800       Data time: 0.00(0.02)  Forward time: 3.05(3.25)  Batch time: 3.05(3.28)
2025-03-27 18:24:28,035   INFO  
2025-03-27 18:25:03,763   INFO  Save latest model to /OpenPCDet/output/nuscenes_models/cbgs_voxel01_res3d_centerpoint_uncertainty/shifted_bounded_uncertainty/ckpt/latest_model
2025-03-27 18:25:44,403   INFO  Train:   23/30 ( 77%) [3861/3862 (100%)]  Loss: -11.09 (-10.8)  LR: 9.871e-04  Time cost: 3:30:42/00:03 [81:03:37/24:34:58]  Acc_iter 88826       Data time: 0.00(0.02)  Forward time: 2.65(3.25)  Batch time: 2.66(3.27)
2025-03-27 18:26:13,172   INFO  Train:   24/30 ( 80%) [   0/3862 (  0%)]  Loss: -11.20 (-11.2)  LR: 9.870e-04  Time cost: 00:25/27:26:29 [81:04:06/192:05:25]  Acc_iter 88827       Data time: 21.81(21.81)  Forward time: 3.77(3.77)  Batch time: 25.58(25.58)
2025-03-27 18:27:32,148   INFO  Train:   24/30 ( 80%) [  23/3862 (  1%)]  Loss: -10.89 (-10.9)  LR: 9.855e-04  Time cost: 01:44/4:38:44 [81:05:25/32:41:13]  Acc_iter 88850       Data time: 0.00(0.91)  Forward time: 2.55(3.44)  Batch time: 2.55(4.36)
2025-03-27 18:30:11,018   INFO  Train:   24/30 ( 80%) [  73/3862 (  2%)]  Loss: -10.91 (-10.9)  LR: 9.823e-04  Time cost: 04:23/3:44:48 [81:08:04/26:39:35]  Acc_iter 88900       Data time: 0.00(0.30)  Forward time: 3.98(3.26)  Batch time: 3.98(3.56)
2025-03-27 18:30:50,797   INFO  Save latest model to /OpenPCDet/output/nuscenes_models/cbgs_voxel01_res3d_centerpoint_uncertainty/shifted_bounded_uncertainty/ckpt/latest_model
2025-03-27 18:32:55,528   INFO  Train:   24/30 ( 80%) [ 123/3862 (  3%)]  Loss: -10.86 (-10.9)  LR: 9.792e-04  Time cost: 07:07/3:35:03 [81:10:48/25:47:52]  Acc_iter 88950       Data time: 0.00(0.18)  Forward time: 3.14(3.27)  Batch time: 3.14(3.45)
2025-03-27 18:32:56,505   INFO  
2025-03-27 18:35:39,829   INFO  Train:   24/30 ( 80%) [ 173/3862 (  4%)]  Loss: -11.42 (-10.9)  LR: 9.760e-04  Time cost: 09:52/3:29:16 [81:13:32/25:23:45]  Acc_iter 89000       Data time: 0.00(0.14)  Forward time: 2.88(3.26)  Batch time: 2.88(3.40)
2025-03-27 18:35:50,910   INFO  Save latest model to /OpenPCDet/output/nuscenes_models/cbgs_voxel01_res3d_centerpoint_uncertainty/shifted_bounded_uncertainty/ckpt/latest_model
2025-03-27 18:38:20,645   INFO  Train:   24/30 ( 80%) [ 223/3862 (  6%)]  Loss: -11.30 (-10.9)  LR: 9.728e-04  Time cost: 12:33/3:23:53 [81:16:13/25:02:14]  Acc_iter 89050       Data time: 0.00(0.11)  Forward time: 3.19(3.25)  Batch time: 3.19(3.36)
2025-03-27 18:40:50,398   INFO  Save latest model to /OpenPCDet/output/nuscenes_models/cbgs_voxel01_res3d_centerpoint_uncertainty/shifted_bounded_uncertainty/ckpt/latest_model
2025-03-27 18:40:53,001   INFO  Train:   24/30 ( 80%) [ 273/3862 (  7%)]  Loss: -10.61 (-10.9)  LR: 9.696e-04  Time cost: 15:05/3:17:39 [81:18:46/24:33:49]  Acc_iter 89100       Data time: 0.47(0.09)  Forward time: 2.60(3.21)  Batch time: 3.07(3.30)
2025-03-27 18:40:54,201   INFO  
2025-03-27 18:43:39,433   INFO  Train:   24/30 ( 80%) [ 323/3862 (  8%)]  Loss: -11.14 (-10.9)  LR: 9.665e-04  Time cost: 17:51/3:15:07 [81:21:32/24:32:44]  Acc_iter 89150       Data time: 0.00(0.08)  Forward time: 2.65(3.23)  Batch time: 2.65(3.31)
2025-03-27 18:45:48,931   INFO  Save latest model to /OpenPCDet/output/nuscenes_models/cbgs_voxel01_res3d_centerpoint_uncertainty/shifted_bounded_uncertainty/ckpt/latest_model
2025-03-27 18:46:20,204   INFO  Train:   24/30 ( 80%) [ 373/3862 ( 10%)]  Loss: -10.00 (-10.9)  LR: 9.633e-04  Time cost: 20:32/3:11:38 [81:24:13/24:24:28]  Acc_iter 89200       Data time: 0.00(0.07)  Forward time: 3.75(3.22)  Batch time: 3.75(3.30)
2025-03-27 18:48:51,682   INFO  Train:   24/30 ( 80%) [ 423/3862 ( 11%)]  Loss: -10.97 (-10.9)  LR: 9.601e-04  Time cost: 23:04/3:07:06 [81:26:44/24:07:47]  Acc_iter 89250       Data time: 0.00(0.07)  Forward time: 3.63(3.20)  Batch time: 3.63(3.26)
2025-03-27 18:48:52,677   INFO  
2025-03-27 18:50:48,981   INFO  Save latest model to /OpenPCDet/output/nuscenes_models/cbgs_voxel01_res3d_centerpoint_uncertainty/shifted_bounded_uncertainty/ckpt/latest_model
2025-03-27 18:51:32,581   INFO  Train:   24/30 ( 80%) [ 473/3862 ( 12%)]  Loss: -10.69 (-10.9)  LR: 9.570e-04  Time cost: 25:44/3:04:06 [81:29:25/24:02:54]  Acc_iter 89300       Data time: 0.00(0.06)  Forward time: 3.49(3.20)  Batch time: 3.49(3.26)
2025-03-27 18:54:09,811   INFO  Train:   24/30 ( 80%) [ 523/3862 ( 14%)]  Loss: -10.87 (-10.9)  LR: 9.538e-04  Time cost: 28:22/3:00:46 [81:32:02/23:55:21]  Acc_iter 89350       Data time: 0.01(0.06)  Forward time: 3.38(3.19)  Batch time: 3.39(3.25)
2025-03-27 18:55:48,328   INFO  Save latest model to /OpenPCDet/output/nuscenes_models/cbgs_voxel01_res3d_centerpoint_uncertainty/shifted_bounded_uncertainty/ckpt/latest_model
2025-03-27 18:57:00,878   INFO  Train:   24/30 ( 80%) [ 573/3862 ( 15%)]  Loss: -10.82 (-10.9)  LR: 9.507e-04  Time cost: 31:13/2:58:53 [81:34:54/23:59:17]  Acc_iter 89400       Data time: 0.01(0.05)  Forward time: 3.27(3.21)  Batch time: 3.28(3.26)
2025-03-27 18:57:01,905   INFO  
2025-03-27 18:59:46,412   INFO  Train:   24/30 ( 80%) [ 623/3862 ( 16%)]  Loss: -11.18 (-10.9)  LR: 9.475e-04  Time cost: 33:58/2:56:22 [81:37:39/23:58:13]  Acc_iter 89450       Data time: 0.00(0.05)  Forward time: 4.09(3.22)  Batch time: 4.09(3.27)
2025-03-27 19:00:49,359   INFO  Save latest model to /OpenPCDet/output/nuscenes_models/cbgs_voxel01_res3d_centerpoint_uncertainty/shifted_bounded_uncertainty/ckpt/latest_model
2025-03-27 19:02:20,591   INFO  Train:   24/30 ( 80%) [ 673/3862 ( 17%)]  Loss: -10.23 (-10.9)  LR: 9.444e-04  Time cost: 36:32/2:52:56 [81:40:13/23:49:30]  Acc_iter 89500       Data time: 0.00(0.05)  Forward time: 2.79(3.21)  Batch time: 2.79(3.25)
2025-03-27 19:05:06,405   INFO  Train:   24/30 ( 80%) [ 723/3862 ( 19%)]  Loss: -11.37 (-10.9)  LR: 9.412e-04  Time cost: 39:18/2:50:26 [81:42:59/23:48:42]  Acc_iter 89550       Data time: 0.00(0.05)  Forward time: 3.19(3.21)  Batch time: 3.19(3.26)
2025-03-27 19:05:07,641   INFO  
2025-03-27 19:05:51,143   INFO  Save latest model to /OpenPCDet/output/nuscenes_models/cbgs_voxel01_res3d_centerpoint_uncertainty/shifted_bounded_uncertainty/ckpt/latest_model
2025-03-27 19:07:49,361   INFO  Train:   24/30 ( 80%) [ 773/3862 ( 20%)]  Loss: -11.46 (-10.9)  LR: 9.381e-04  Time cost: 42:01/2:47:44 [81:45:42/23:46:00]  Acc_iter 89600       Data time: 0.00(0.04)  Forward time: 3.29(3.21)  Batch time: 3.29(3.26)
2025-03-27 19:10:27,063   INFO  Train:   24/30 ( 80%) [ 823/3862 ( 21%)]  Loss: -11.10 (-10.9)  LR: 9.349e-04  Time cost: 44:39/2:44:42 [81:48:20/23:40:32]  Acc_iter 89650       Data time: 0.00(0.04)  Forward time: 3.77(3.21)  Batch time: 3.77(3.25)
2025-03-27 19:10:49,084   INFO  Save latest model to /OpenPCDet/output/nuscenes_models/cbgs_voxel01_res3d_centerpoint_uncertainty/shifted_bounded_uncertainty/ckpt/latest_model
2025-03-27 19:13:03,941   INFO  Train:   24/30 ( 80%) [ 873/3862 ( 23%)]  Loss: -10.85 (-10.9)  LR: 9.318e-04  Time cost: 47:16/2:41:40 [81:50:57/23:34:58]  Acc_iter 89700       Data time: 0.00(0.04)  Forward time: 3.47(3.20)  Batch time: 3.47(3.25)
2025-03-27 19:13:05,041   INFO  
2025-03-27 19:15:48,789   INFO  Save latest model to /OpenPCDet/output/nuscenes_models/cbgs_voxel01_res3d_centerpoint_uncertainty/shifted_bounded_uncertainty/ckpt/latest_model
2025-03-27 19:15:53,248   INFO  Train:   24/30 ( 80%) [ 923/3862 ( 24%)]  Loss: -11.10 (-10.9)  LR: 9.287e-04  Time cost: 50:05/2:39:20 [81:53:46/23:35:35]  Acc_iter 89750       Data time: 0.94(0.04)  Forward time: 4.46(3.21)  Batch time: 5.39(3.25)
2025-03-27 19:18:36,000   INFO  Train:   24/30 ( 80%) [ 973/3862 ( 25%)]  Loss: -11.30 (-11.0)  LR: 9.255e-04  Time cost: 52:48/2:36:37 [81:56:29/23:32:56]  Acc_iter 89800       Data time: 0.01(0.04)  Forward time: 3.46(3.21)  Batch time: 3.47(3.25)
2025-03-27 19:20:49,523   INFO  Save latest model to /OpenPCDet/output/nuscenes_models/cbgs_voxel01_res3d_centerpoint_uncertainty/shifted_bounded_uncertainty/ckpt/latest_model
2025-03-27 19:21:11,306   INFO  Train:   24/30 ( 80%) [1023/3862 ( 26%)]  Loss: -11.25 (-11.0)  LR: 9.224e-04  Time cost: 55:23/2:33:34 [81:59:04/23:27:06]  Acc_iter 89850       Data time: 0.00(0.04)  Forward time: 4.26(3.21)  Batch time: 4.26(3.25)
2025-03-27 19:21:12,288   INFO  
2025-03-27 19:23:57,050   INFO  Train:   24/30 ( 80%) [1073/3862 ( 28%)]  Loss: -11.18 (-11.0)  LR: 9.193e-04  Time cost: 58:09/2:31:01 [82:01:50/23:25:48]  Acc_iter 89900       Data time: 0.03(0.04)  Forward time: 3.26(3.21)  Batch time: 3.29(3.25)
2025-03-27 19:25:49,267   INFO  Save latest model to /OpenPCDet/output/nuscenes_models/cbgs_voxel01_res3d_centerpoint_uncertainty/shifted_bounded_uncertainty/ckpt/latest_model
2025-03-27 19:26:35,101   INFO  Train:   24/30 ( 80%) [1123/3862 ( 29%)]  Loss: -11.10 (-11.0)  LR: 9.161e-04  Time cost: 1:00:47/2:28:08 [82:04:28/23:21:24]  Acc_iter 89950       Data time: 0.00(0.04)  Forward time: 3.58(3.21)  Batch time: 3.59(3.25)
2025-03-27 19:29:22,079   INFO  Train:   24/30 ( 80%) [1173/3862 ( 30%)]  Loss: -11.18 (-11.0)  LR: 9.130e-04  Time cost: 1:03:34/2:25:36 [82:07:15/23:20:25]  Acc_iter 90000       Data time: 0.00(0.03)  Forward time: 2.93(3.21)  Batch time: 2.94(3.25)
2025-03-27 19:29:23,308   INFO  
2025-03-27 19:30:50,395   INFO  Save latest model to /OpenPCDet/output/nuscenes_models/cbgs_voxel01_res3d_centerpoint_uncertainty/shifted_bounded_uncertainty/ckpt/latest_model
2025-03-27 19:32:04,650   INFO  Train:   24/30 ( 80%) [1223/3862 ( 32%)]  Loss: -11.50 (-11.0)  LR: 9.099e-04  Time cost: 1:06:17/2:22:54 [82:09:57/23:17:45]  Acc_iter 90050       Data time: 0.00(0.03)  Forward time: 3.73(3.21)  Batch time: 3.73(3.25)
2025-03-27 19:34:48,999   INFO  Train:   24/30 ( 80%) [1273/3862 ( 33%)]  Loss: -10.28 (-11.0)  LR: 9.068e-04  Time cost: 1:09:01/2:20:16 [82:12:42/23:15:41]  Acc_iter 90100       Data time: 0.00(0.03)  Forward time: 3.54(3.22)  Batch time: 3.54(3.25)
2025-03-27 19:35:48,775   INFO  Save latest model to /OpenPCDet/output/nuscenes_models/cbgs_voxel01_res3d_centerpoint_uncertainty/shifted_bounded_uncertainty/ckpt/latest_model
2025-03-27 19:37:35,212   INFO  Train:   24/30 ( 80%) [1323/3862 ( 34%)]  Loss: -11.13 (-11.0)  LR: 9.037e-04  Time cost: 1:11:47/2:17:40 [82:15:28/23:14:10]  Acc_iter 90150       Data time: 0.00(0.03)  Forward time: 3.16(3.22)  Batch time: 3.17(3.25)
2025-03-27 19:37:36,459   INFO  
2025-03-27 19:40:18,696   INFO  Train:   24/30 ( 80%) [1373/3862 ( 36%)]  Loss: -10.33 (-11.0)  LR: 9.006e-04  Time cost: 1:14:31/2:14:59 [82:18:11/23:11:42]  Acc_iter 90200       Data time: 0.00(0.03)  Forward time: 3.63(3.22)  Batch time: 3.63(3.25)
2025-03-27 19:40:51,947   INFO  Save latest model to /OpenPCDet/output/nuscenes_models/cbgs_voxel01_res3d_centerpoint_uncertainty/shifted_bounded_uncertainty/ckpt/latest_model
2025-03-27 19:42:59,446   INFO  Train:   24/30 ( 80%) [1423/3862 ( 37%)]  Loss: -10.83 (-11.0)  LR: 8.975e-04  Time cost: 1:17:11/2:12:13 [82:20:52/23:08:25]  Acc_iter 90250       Data time: 0.00(0.03)  Forward time: 3.00(3.22)  Batch time: 3.00(3.25)
2025-03-27 19:45:40,624   INFO  Train:   24/30 ( 80%) [1473/3862 ( 38%)]  Loss: -11.31 (-10.9)  LR: 8.944e-04  Time cost: 1:19:53/2:09:28 [82:23:33/23:05:17]  Acc_iter 90300       Data time: 0.00(0.03)  Forward time: 3.19(3.22)  Batch time: 3.19(3.25)
2025-03-27 19:45:41,839   INFO  
2025-03-27 19:45:47,998   INFO  Save latest model to /OpenPCDet/output/nuscenes_models/cbgs_voxel01_res3d_centerpoint_uncertainty/shifted_bounded_uncertainty/ckpt/latest_model
2025-03-27 19:48:29,480   INFO  Train:   24/30 ( 80%) [1523/3862 ( 39%)]  Loss: -10.50 (-11.0)  LR: 8.913e-04  Time cost: 1:22:41/2:06:55 [82:26:22/23:04:19]  Acc_iter 90350       Data time: 0.01(0.03)  Forward time: 3.39(3.22)  Batch time: 3.39(3.26)
2025-03-27 19:50:49,045   INFO  Save latest model to /OpenPCDet/output/nuscenes_models/cbgs_voxel01_res3d_centerpoint_uncertainty/shifted_bounded_uncertainty/ckpt/latest_model
2025-03-27 19:51:16,600   INFO  Train:   24/30 ( 80%) [1573/3862 ( 41%)]  Loss: -12.24 (-11.0)  LR: 8.882e-04  Time cost: 1:25:29/2:04:18 [82:29:09/23:02:46]  Acc_iter 90400       Data time: 0.00(0.03)  Forward time: 4.24(3.23)  Batch time: 4.24(3.26)
2025-03-27 19:54:04,436   INFO  Train:   24/30 ( 80%) [1623/3862 ( 42%)]  Loss: -10.93 (-11.0)  LR: 8.851e-04  Time cost: 1:28:16/2:01:42 [82:31:57/23:01:20]  Acc_iter 90450       Data time: 0.01(0.03)  Forward time: 3.13(3.23)  Batch time: 3.13(3.26)
2025-03-27 19:54:05,530   INFO  
2025-03-27 19:55:48,897   INFO  Save latest model to /OpenPCDet/output/nuscenes_models/cbgs_voxel01_res3d_centerpoint_uncertainty/shifted_bounded_uncertainty/ckpt/latest_model
2025-03-27 19:56:51,100   INFO  Train:   24/30 ( 80%) [1673/3862 ( 43%)]  Loss: -10.53 (-11.0)  LR: 8.820e-04  Time cost: 1:31:03/1:59:04 [82:34:44/22:59:31]  Acc_iter 90500       Data time: 0.00(0.03)  Forward time: 3.50(3.23)  Batch time: 3.51(3.26)
2025-03-27 19:59:32,712   INFO  Train:   24/30 ( 80%) [1723/3862 ( 45%)]  Loss: -10.45 (-11.0)  LR: 8.789e-04  Time cost: 1:33:45/1:56:19 [82:37:25/22:56:25]  Acc_iter 90550       Data time: 0.00(0.03)  Forward time: 2.84(3.23)  Batch time: 2.84(3.26)
2025-03-27 20:00:50,554   INFO  Save latest model to /OpenPCDet/output/nuscenes_models/cbgs_voxel01_res3d_centerpoint_uncertainty/shifted_bounded_uncertainty/ckpt/latest_model
2025-03-27 20:02:11,420   INFO  Train:   24/30 ( 80%) [1773/3862 ( 46%)]  Loss: -11.60 (-11.0)  LR: 8.758e-04  Time cost: 1:36:23/1:53:30 [82:40:04/22:52:39]  Acc_iter 90600       Data time: 0.01(0.03)  Forward time: 3.06(3.23)  Batch time: 3.06(3.26)
2025-03-27 20:02:12,494   INFO  
2025-03-27 20:04:50,131   INFO  Train:   24/30 ( 80%) [1823/3862 ( 47%)]  Loss: -11.54 (-11.0)  LR: 8.727e-04  Time cost: 1:39:02/1:50:43 [82:42:43/22:48:56]  Acc_iter 90650       Data time: 0.00(0.03)  Forward time: 2.52(3.23)  Batch time: 2.52(3.26)
2025-03-27 20:05:48,373   INFO  Save latest model to /OpenPCDet/output/nuscenes_models/cbgs_voxel01_res3d_centerpoint_uncertainty/shifted_bounded_uncertainty/ckpt/latest_model
2025-03-27 20:07:23,187   INFO  Train:   24/30 ( 80%) [1873/3862 ( 48%)]  Loss: -10.68 (-11.0)  LR: 8.697e-04  Time cost: 1:41:35/1:47:49 [82:45:16/22:44:01]  Acc_iter 90700       Data time: 0.00(0.03)  Forward time: 2.87(3.22)  Batch time: 2.87(3.25)
2025-03-27 20:09:57,835   INFO  Train:   24/30 ( 80%) [1923/3862 ( 50%)]  Loss: -10.95 (-11.0)  LR: 8.666e-04  Time cost: 1:44:10/1:44:58 [82:47:50/22:39:34]  Acc_iter 90750       Data time: 0.00(0.03)  Forward time: 3.27(3.22)  Batch time: 3.27(3.25)
2025-03-27 20:09:58,810   INFO  
2025-03-27 20:10:50,287   INFO  Save latest model to /OpenPCDet/output/nuscenes_models/cbgs_voxel01_res3d_centerpoint_uncertainty/shifted_bounded_uncertainty/ckpt/latest_model
2025-03-27 20:12:42,938   INFO  Train:   24/30 ( 80%) [1973/3862 ( 51%)]  Loss: -11.38 (-11.0)  LR: 8.635e-04  Time cost: 1:46:55/1:42:19 [82:50:36/22:37:26]  Acc_iter 90800       Data time: 0.01(0.03)  Forward time: 3.38(3.22)  Batch time: 3.39(3.25)
2025-03-27 20:15:31,927   INFO  Train:   24/30 ( 80%) [2023/3862 ( 52%)]  Loss: -10.84 (-11.0)  LR: 8.604e-04  Time cost: 1:49:44/1:39:42 [82:53:25/22:36:04]  Acc_iter 90850       Data time: 0.01(0.03)  Forward time: 3.59(3.23)  Batch time: 3.60(3.25)
2025-03-27 20:15:49,264   INFO  Save latest model to /OpenPCDet/output/nuscenes_models/cbgs_voxel01_res3d_centerpoint_uncertainty/shifted_bounded_uncertainty/ckpt/latest_model
2025-03-27 20:18:10,512   INFO  Train:   24/30 ( 80%) [2073/3862 ( 54%)]  Loss: -11.26 (-11.0)  LR: 8.574e-04  Time cost: 1:52:22/1:36:56 [82:56:03/22:32:32]  Acc_iter 90900       Data time: 0.00(0.03)  Forward time: 3.01(3.22)  Batch time: 3.01(3.25)
2025-03-27 20:18:11,838   INFO  
2025-03-27 20:20:50,236   INFO  Save latest model to /OpenPCDet/output/nuscenes_models/cbgs_voxel01_res3d_centerpoint_uncertainty/shifted_bounded_uncertainty/ckpt/latest_model
2025-03-27 20:20:53,570   INFO  Train:   24/30 ( 80%) [2123/3862 ( 55%)]  Loss: -10.75 (-11.0)  LR: 8.543e-04  Time cost: 1:55:05/1:34:14 [82:58:46/22:29:55]  Acc_iter 90950       Data time: 0.35(0.03)  Forward time: 3.33(3.22)  Batch time: 3.68(3.25)
2025-03-27 20:23:37,325   INFO  Train:   24/30 ( 80%) [2173/3862 ( 56%)]  Loss: -10.91 (-11.0)  LR: 8.513e-04  Time cost: 1:57:49/1:31:32 [83:01:30/22:27:26]  Acc_iter 91000       Data time: 0.00(0.03)  Forward time: 3.89(3.23)  Batch time: 3.89(3.25)
2025-03-27 20:25:50,067   INFO  Save latest model to /OpenPCDet/output/nuscenes_models/cbgs_voxel01_res3d_centerpoint_uncertainty/shifted_bounded_uncertainty/ckpt/latest_model
2025-03-27 20:26:21,356   INFO  Train:   24/30 ( 80%) [2223/3862 ( 58%)]  Loss: -10.39 (-11.0)  LR: 8.482e-04  Time cost: 2:00:33/1:28:50 [83:04:14/22:25:00]  Acc_iter 91050       Data time: 0.00(0.03)  Forward time: 2.94(3.23)  Batch time: 2.94(3.25)
2025-03-27 20:26:22,524   INFO  
2025-03-27 20:29:02,735   INFO  Train:   24/30 ( 80%) [2273/3862 ( 59%)]  Loss: -11.51 (-11.0)  LR: 8.452e-04  Time cost: 2:03:15/1:26:07 [83:06:55/22:22:03]  Acc_iter 91100       Data time: 0.01(0.03)  Forward time: 2.96(3.23)  Batch time: 2.96(3.25)
2025-03-27 20:30:48,909   INFO  Save latest model to /OpenPCDet/output/nuscenes_models/cbgs_voxel01_res3d_centerpoint_uncertainty/shifted_bounded_uncertainty/ckpt/latest_model
2025-03-27 20:31:51,777   INFO  Train:   24/30 ( 80%) [2323/3862 ( 60%)]  Loss: -10.65 (-11.0)  LR: 8.421e-04  Time cost: 2:06:04/1:23:29 [83:09:44/22:20:29]  Acc_iter 91150       Data time: 0.00(0.03)  Forward time: 3.48(3.23)  Batch time: 3.48(3.25)
2025-03-27 20:34:32,275   INFO  Train:   24/30 ( 80%) [2373/3862 ( 61%)]  Loss: -10.74 (-11.0)  LR: 8.391e-04  Time cost: 2:08:44/1:20:45 [83:12:25/22:17:23]  Acc_iter 91200       Data time: 0.00(0.03)  Forward time: 3.46(3.23)  Batch time: 3.46(3.25)
2025-03-27 20:34:33,352   INFO  
2025-03-27 20:35:51,198   INFO  Save latest model to /OpenPCDet/output/nuscenes_models/cbgs_voxel01_res3d_centerpoint_uncertainty/shifted_bounded_uncertainty/ckpt/latest_model
2025-03-27 20:37:14,765   INFO  Train:   24/30 ( 80%) [2423/3862 ( 63%)]  Loss: -11.67 (-11.0)  LR: 8.360e-04  Time cost: 2:11:27/1:18:02 [83:15:07/22:14:38]  Acc_iter 91250       Data time: 0.00(0.03)  Forward time: 2.77(3.23)  Batch time: 2.78(3.25)
2025-03-27 20:39:58,178   INFO  Train:   24/30 ( 80%) [2473/3862 ( 64%)]  Loss: -11.29 (-11.0)  LR: 8.330e-04  Time cost: 2:14:10/1:15:19 [83:17:51/22:12:03]  Acc_iter 91300       Data time: 0.01(0.03)  Forward time: 2.90(3.23)  Batch time: 2.91(3.25)
2025-03-27 20:40:49,960   INFO  Save latest model to /OpenPCDet/output/nuscenes_models/cbgs_voxel01_res3d_centerpoint_uncertainty/shifted_bounded_uncertainty/ckpt/latest_model
2025-03-27 20:42:45,034   INFO  Train:   24/30 ( 80%) [2523/3862 ( 65%)]  Loss: -10.57 (-11.0)  LR: 8.300e-04  Time cost: 2:16:57/1:12:39 [83:20:38/22:10:01]  Acc_iter 91350       Data time: 0.00(0.03)  Forward time: 3.12(3.23)  Batch time: 3.12(3.26)
2025-03-27 20:42:46,145   INFO  
2025-03-27 20:45:22,117   INFO  Train:   24/30 ( 80%) [2573/3862 ( 67%)]  Loss: -11.13 (-11.0)  LR: 8.269e-04  Time cost: 2:19:34/1:09:53 [83:23:15/22:06:24]  Acc_iter 91400       Data time: 0.00(0.03)  Forward time: 3.03(3.23)  Batch time: 3.03(3.25)
2025-03-27 20:45:48,602   INFO  Save latest model to /OpenPCDet/output/nuscenes_models/cbgs_voxel01_res3d_centerpoint_uncertainty/shifted_bounded_uncertainty/ckpt/latest_model
2025-03-27 20:47:55,942   INFO  Train:   24/30 ( 80%) [2623/3862 ( 68%)]  Loss: -10.67 (-11.0)  LR: 8.239e-04  Time cost: 2:22:08/1:07:06 [83:25:49/22:02:19]  Acc_iter 91450       Data time: 0.00(0.03)  Forward time: 2.79(3.23)  Batch time: 2.79(3.25)
2025-03-27 20:50:31,318   INFO  Train:   24/30 ( 80%) [2673/3862 ( 69%)]  Loss: -10.79 (-11.0)  LR: 8.209e-04  Time cost: 2:24:43/1:04:21 [83:28:24/21:58:31]  Acc_iter 91500       Data time: 0.00(0.02)  Forward time: 2.68(3.22)  Batch time: 2.69(3.25)
2025-03-27 20:50:32,527   INFO  
2025-03-27 20:50:50,198   INFO  Save latest model to /OpenPCDet/output/nuscenes_models/cbgs_voxel01_res3d_centerpoint_uncertainty/shifted_bounded_uncertainty/ckpt/latest_model
2025-03-27 20:53:12,154   INFO  Train:   24/30 ( 80%) [2723/3862 ( 71%)]  Loss: -10.85 (-11.0)  LR: 8.179e-04  Time cost: 2:27:24/1:01:38 [83:31:05/21:55:35]  Acc_iter 91550       Data time: 0.00(0.03)  Forward time: 2.93(3.22)  Batch time: 2.94(3.25)
2025-03-27 20:55:48,823   INFO  Save latest model to /OpenPCDet/output/nuscenes_models/cbgs_voxel01_res3d_centerpoint_uncertainty/shifted_bounded_uncertainty/ckpt/latest_model
2025-03-27 20:55:52,251   INFO  Train:   24/30 ( 80%) [2773/3862 ( 72%)]  Loss: -12.06 (-11.0)  LR: 8.148e-04  Time cost: 2:30:04/58:54 [83:33:45/21:52:33]  Acc_iter 91600       Data time: 0.29(0.02)  Forward time: 3.43(3.22)  Batch time: 3.71(3.25)
2025-03-27 20:58:30,469   INFO  Train:   24/30 ( 80%) [2823/3862 ( 73%)]  Loss: -10.85 (-11.0)  LR: 8.118e-04  Time cost: 2:32:42/56:11 [83:36:23/21:49:16]  Acc_iter 91650       Data time: 0.01(0.02)  Forward time: 3.38(3.22)  Batch time: 3.39(3.24)
2025-03-27 20:58:31,506   INFO  
2025-03-27 21:00:48,132   INFO  Save latest model to /OpenPCDet/output/nuscenes_models/cbgs_voxel01_res3d_centerpoint_uncertainty/shifted_bounded_uncertainty/ckpt/latest_model
2025-03-27 21:01:06,049   INFO  Train:   24/30 ( 80%) [2873/3862 ( 74%)]  Loss: -11.07 (-11.0)  LR: 8.088e-04  Time cost: 2:35:18/53:26 [83:38:59/21:45:37]  Acc_iter 91700       Data time: 0.00(0.02)  Forward time: 2.93(3.22)  Batch time: 2.93(3.24)
2025-03-27 21:03:40,633   INFO  Train:   24/30 ( 80%) [2923/3862 ( 76%)]  Loss: -10.88 (-11.0)  LR: 8.058e-04  Time cost: 2:37:53/50:42 [83:41:33/21:41:53]  Acc_iter 91750       Data time: 0.00(0.02)  Forward time: 3.28(3.22)  Batch time: 3.28(3.24)
2025-03-27 21:05:51,049   INFO  Save latest model to /OpenPCDet/output/nuscenes_models/cbgs_voxel01_res3d_centerpoint_uncertainty/shifted_bounded_uncertainty/ckpt/latest_model
2025-03-27 21:06:17,840   INFO  Train:   24/30 ( 80%) [2973/3862 ( 77%)]  Loss: -11.21 (-11.0)  LR: 8.028e-04  Time cost: 2:40:30/47:58 [83:44:10/21:38:33]  Acc_iter 91800       Data time: 0.02(0.02)  Forward time: 3.25(3.21)  Batch time: 3.27(3.24)
2025-03-27 21:06:18,750   INFO  
2025-03-27 21:09:04,135   INFO  Train:   24/30 ( 80%) [3023/3862 ( 78%)]  Loss: -11.40 (-11.0)  LR: 7.998e-04  Time cost: 2:43:16/45:18 [83:46:57/21:36:25]  Acc_iter 91850       Data time: 0.00(0.02)  Forward time: 2.95(3.22)  Batch time: 2.95(3.24)
2025-03-27 21:10:50,713   INFO  Save latest model to /OpenPCDet/output/nuscenes_models/cbgs_voxel01_res3d_centerpoint_uncertainty/shifted_bounded_uncertainty/ckpt/latest_model
2025-03-27 21:11:47,344   INFO  Train:   24/30 ( 80%) [3073/3862 ( 80%)]  Loss: -11.29 (-11.0)  LR: 7.968e-04  Time cost: 2:45:59/42:36 [83:49:40/21:33:53]  Acc_iter 91900       Data time: 0.00(0.02)  Forward time: 3.66(3.22)  Batch time: 3.66(3.24)
2025-03-27 21:14:32,383   INFO  Train:   24/30 ( 80%) [3123/3862 ( 81%)]  Loss: -11.57 (-11.0)  LR: 7.938e-04  Time cost: 2:48:44/39:55 [83:52:25/21:31:34]  Acc_iter 91950       Data time: 0.00(0.02)  Forward time: 3.29(3.22)  Batch time: 3.29(3.24)
2025-03-27 21:14:33,528   INFO  
2025-03-27 21:15:50,429   INFO  Save latest model to /OpenPCDet/output/nuscenes_models/cbgs_voxel01_res3d_centerpoint_uncertainty/shifted_bounded_uncertainty/ckpt/latest_model
2025-03-27 21:17:23,356   INFO  Train:   24/30 ( 80%) [3173/3862 ( 82%)]  Loss: -11.83 (-11.0)  LR: 7.908e-04  Time cost: 2:51:35/37:14 [83:55:16/21:29:59]  Acc_iter 92000       Data time: 0.00(0.02)  Forward time: 3.33(3.22)  Batch time: 3.34(3.24)
2025-03-27 21:20:04,367   INFO  Train:   24/30 ( 80%) [3223/3862 ( 83%)]  Loss: -11.29 (-11.0)  LR: 7.878e-04  Time cost: 2:54:16/34:32 [83:57:57/21:27:08]  Acc_iter 92050       Data time: 0.01(0.02)  Forward time: 3.02(3.22)  Batch time: 3.03(3.24)
2025-03-27 21:20:50,231   INFO  Save latest model to /OpenPCDet/output/nuscenes_models/cbgs_voxel01_res3d_centerpoint_uncertainty/shifted_bounded_uncertainty/ckpt/latest_model
2025-03-27 21:22:42,629   INFO  Train:   24/30 ( 80%) [3273/3862 ( 85%)]  Loss: -10.23 (-11.0)  LR: 7.849e-04  Time cost: 2:56:55/31:49 [84:00:35/21:23:58]  Acc_iter 92100       Data time: 0.00(0.02)  Forward time: 3.22(3.22)  Batch time: 3.22(3.24)
2025-03-27 21:22:43,613   INFO  
2025-03-27 21:25:24,461   INFO  Train:   24/30 ( 80%) [3323/3862 ( 86%)]  Loss: -11.03 (-11.0)  LR: 7.819e-04  Time cost: 2:59:36/29:07 [84:03:17/21:21:14]  Acc_iter 92150       Data time: 0.00(0.02)  Forward time: 3.86(3.22)  Batch time: 3.87(3.24)
2025-03-27 21:25:48,350   INFO  Save latest model to /OpenPCDet/output/nuscenes_models/cbgs_voxel01_res3d_centerpoint_uncertainty/shifted_bounded_uncertainty/ckpt/latest_model
2025-03-27 21:28:07,712   INFO  Train:   24/30 ( 80%) [3373/3862 ( 87%)]  Loss: -11.19 (-11.0)  LR: 7.789e-04  Time cost: 3:02:20/26:25 [84:06:00/21:18:40]  Acc_iter 92200       Data time: 0.00(0.02)  Forward time: 3.63(3.22)  Batch time: 3.63(3.24)
2025-03-27 21:30:49,436   INFO  Save latest model to /OpenPCDet/output/nuscenes_models/cbgs_voxel01_res3d_centerpoint_uncertainty/shifted_bounded_uncertainty/ckpt/latest_model
2025-03-27 21:30:52,888   INFO  Train:   24/30 ( 80%) [3423/3862 ( 89%)]  Loss: -11.20 (-11.0)  LR: 7.759e-04  Time cost: 3:05:05/23:43 [84:08:46/21:16:19]  Acc_iter 92250       Data time: 0.40(0.02)  Forward time: 3.40(3.22)  Batch time: 3.80(3.24)
2025-03-27 21:30:53,996   INFO  
2025-03-27 21:33:39,868   INFO  Train:   24/30 ( 80%) [3473/3862 ( 90%)]  Loss: -11.01 (-11.0)  LR: 7.730e-04  Time cost: 3:07:52/21:02 [84:11:32/21:14:09]  Acc_iter 92300       Data time: 0.00(0.02)  Forward time: 2.88(3.22)  Batch time: 2.89(3.24)
2025-03-27 21:35:50,385   INFO  Save latest model to /OpenPCDet/output/nuscenes_models/cbgs_voxel01_res3d_centerpoint_uncertainty/shifted_bounded_uncertainty/ckpt/latest_model
2025-03-27 21:36:14,026   INFO  Train:   24/30 ( 80%) [3523/3862 ( 91%)]  Loss: -11.61 (-11.0)  LR: 7.700e-04  Time cost: 3:10:26/18:19 [84:14:07/21:10:33]  Acc_iter 92350       Data time: 0.00(0.02)  Forward time: 2.90(3.22)  Batch time: 2.90(3.24)
2025-03-27 21:38:51,258   INFO  Train:   24/30 ( 80%) [3573/3862 ( 93%)]  Loss: -11.25 (-11.0)  LR: 7.671e-04  Time cost: 3:13:03/15:36 [84:16:44/21:07:19]  Acc_iter 92400       Data time: 0.00(0.02)  Forward time: 3.74(3.22)  Batch time: 3.74(3.24)
2025-03-27 21:38:52,346   INFO  
2025-03-27 21:40:48,869   INFO  Save latest model to /OpenPCDet/output/nuscenes_models/cbgs_voxel01_res3d_centerpoint_uncertainty/shifted_bounded_uncertainty/ckpt/latest_model
2025-03-27 21:41:32,071   INFO  Train:   24/30 ( 80%) [3623/3862 ( 94%)]  Loss: -11.38 (-11.0)  LR: 7.641e-04  Time cost: 3:15:44/12:54 [84:19:25/21:04:29]  Acc_iter 92450       Data time: 0.00(0.02)  Forward time: 3.11(3.22)  Batch time: 3.11(3.24)
2025-03-27 21:44:10,290   INFO  Train:   24/30 ( 80%) [3673/3862 ( 95%)]  Loss: -11.56 (-11.0)  LR: 7.611e-04  Time cost: 3:18:22/10:12 [84:22:03/21:01:22]  Acc_iter 92500       Data time: 0.00(0.02)  Forward time: 2.90(3.22)  Batch time: 2.90(3.24)
2025-03-27 21:45:49,156   INFO  Save latest model to /OpenPCDet/output/nuscenes_models/cbgs_voxel01_res3d_centerpoint_uncertainty/shifted_bounded_uncertainty/ckpt/latest_model
2025-03-27 21:46:48,818   INFO  Train:   24/30 ( 80%) [3723/3862 ( 96%)]  Loss: -10.76 (-11.0)  LR: 7.582e-04  Time cost: 3:21:01/07:30 [84:24:41/20:58:19]  Acc_iter 92550       Data time: 0.00(0.02)  Forward time: 3.31(3.22)  Batch time: 3.32(3.24)
2025-03-27 21:46:49,884   INFO  
2025-03-27 21:49:27,077   INFO  Train:   24/30 ( 80%) [3773/3862 ( 98%)]  Loss: -11.33 (-11.0)  LR: 7.553e-04  Time cost: 3:23:39/04:48 [84:27:20/20:55:14]  Acc_iter 92600       Data time: 0.00(0.02)  Forward time: 2.84(3.21)  Batch time: 2.84(3.24)
2025-03-27 21:50:49,565   INFO  Save latest model to /OpenPCDet/output/nuscenes_models/cbgs_voxel01_res3d_centerpoint_uncertainty/shifted_bounded_uncertainty/ckpt/latest_model
2025-03-27 21:51:57,335   INFO  Train:   24/30 ( 80%) [3823/3862 ( 99%)]  Loss: -11.43 (-11.0)  LR: 7.523e-04  Time cost: 3:26:09/02:06 [84:29:50/20:51:22]  Acc_iter 92650       Data time: 0.01(0.02)  Forward time: 2.53(3.21)  Batch time: 2.54(3.23)
2025-03-27 21:53:50,501   INFO  Train:   24/30 ( 80%) [3861/3862 (100%)]  Loss: -12.17 (-11.0)  LR: 7.501e-04  Time cost: 3:28:02/00:03 [84:31:43/20:48:20]  Acc_iter 92688       Data time: 0.00(0.02)  Forward time: 2.04(3.21)  Batch time: 2.04(3.23)
2025-03-27 21:54:13,475   INFO  Train:   25/30 ( 83%) [   0/3862 (  0%)]  Loss: -11.32 (-11.3)  LR: 7.500e-04  Time cost: 00:19/21:15:02 [84:32:06/127:30:12]  Acc_iter 92689       Data time: 15.81(15.81)  Forward time: 4.00(4.00)  Batch time: 19.81(19.81)
2025-03-27 21:54:53,695   INFO  Train:   25/30 ( 83%) [  11/3862 (  0%)]  Loss: -10.92 (-11.2)  LR: 7.494e-04  Time cost: 01:00/5:21:04 [84:32:46/32:11:00]  Acc_iter 92700       Data time: 0.00(1.33)  Forward time: 3.78(3.68)  Batch time: 3.78(5.00)
2025-03-27 21:54:54,877   INFO  
2025-03-27 21:57:38,730   INFO  Train:   25/30 ( 83%) [  61/3862 (  2%)]  Loss: -10.63 (-11.2)  LR: 7.464e-04  Time cost: 03:45/3:49:57 [84:35:31/23:18:14]  Acc_iter 92750       Data time: 0.01(0.28)  Forward time: 2.88(3.35)  Batch time: 2.89(3.63)
2025-03-27 21:58:55,978   INFO  Save latest model to /OpenPCDet/output/nuscenes_models/cbgs_voxel01_res3d_centerpoint_uncertainty/shifted_bounded_uncertainty/ckpt/latest_model
2025-03-27 22:00:21,797   INFO  Train:   25/30 ( 83%) [ 111/3862 (  3%)]  Loss: -11.14 (-11.2)  LR: 7.435e-04  Time cost: 06:28/3:36:38 [84:38:14/22:11:56]  Acc_iter 92800       Data time: 0.00(0.16)  Forward time: 2.76(3.30)  Batch time: 2.76(3.47)
2025-03-27 22:02:57,618   INFO  Train:   25/30 ( 83%) [ 161/3862 (  4%)]  Loss: -11.37 (-11.2)  LR: 7.406e-04  Time cost: 09:03/3:27:06 [84:40:50/21:27:44]  Acc_iter 92850       Data time: 0.01(0.12)  Forward time: 3.58(3.24)  Batch time: 3.59(3.36)
2025-03-27 22:02:59,003   INFO  
2025-03-27 22:03:55,840   INFO  Save latest model to /OpenPCDet/output/nuscenes_models/cbgs_voxel01_res3d_centerpoint_uncertainty/shifted_bounded_uncertainty/ckpt/latest_model
2025-03-27 22:05:35,210   INFO  Train:   25/30 ( 83%) [ 211/3862 (  5%)]  Loss: -10.80 (-11.2)  LR: 7.377e-04  Time cost: 11:41/3:21:21 [84:43:28/21:06:21]  Acc_iter 92900       Data time: 0.00(0.10)  Forward time: 3.02(3.21)  Batch time: 3.02(3.31)
2025-03-27 22:08:15,790   INFO  Train:   25/30 ( 83%) [ 261/3862 (  7%)]  Loss: -11.14 (-10.8)  LR: 7.348e-04  Time cost: 14:22/3:17:29 [84:46:08/20:56:29]  Acc_iter 92950       Data time: 0.00(0.08)  Forward time: 2.79(3.21)  Batch time: 2.80(3.29)
2025-03-27 22:08:54,880   INFO  Save latest model to /OpenPCDet/output/nuscenes_models/cbgs_voxel01_res3d_centerpoint_uncertainty/shifted_bounded_uncertainty/ckpt/latest_model
2025-03-27 22:11:08,791   INFO  Train:   25/30 ( 83%) [ 311/3862 (  8%)]  Loss: -10.86 (-10.8)  LR: 7.318e-04  Time cost: 17:15/3:16:21 [84:49:01/21:04:06]  Acc_iter 93000       Data time: 0.00(0.07)  Forward time: 3.88(3.25)  Batch time: 3.88(3.32)
2025-03-27 22:11:09,939   INFO  
2025-03-27 22:13:56,531   INFO  Save latest model to /OpenPCDet/output/nuscenes_models/cbgs_voxel01_res3d_centerpoint_uncertainty/shifted_bounded_uncertainty/ckpt/latest_model
2025-03-27 22:13:59,817   INFO  Train:   25/30 ( 83%) [ 361/3862 (  9%)]  Loss: -11.08 (-10.9)  LR: 7.289e-04  Time cost: 20:06/3:14:25 [84:51:52/21:06:44]  Acc_iter 93050       Data time: 0.34(0.06)  Forward time: 3.28(3.27)  Batch time: 3.62(3.33)
2025-03-27 22:16:46,233   INFO  Train:   25/30 ( 83%) [ 411/3862 ( 11%)]  Loss: -11.74 (-10.9)  LR: 7.260e-04  Time cost: 22:52/3:11:36 [84:54:39/21:03:47]  Acc_iter 93100       Data time: 0.00(0.06)  Forward time: 2.76(3.27)  Batch time: 2.76(3.33)
2025-03-27 22:18:55,628   INFO  Save latest model to /OpenPCDet/output/nuscenes_models/cbgs_voxel01_res3d_centerpoint_uncertainty/shifted_bounded_uncertainty/ckpt/latest_model
2025-03-27 22:19:37,516   INFO  Train:   25/30 ( 83%) [ 461/3862 ( 12%)]  Loss: -10.85 (-11.0)  LR: 7.231e-04  Time cost: 25:43/3:09:25 [84:57:30/21:04:52]  Acc_iter 93150       Data time: 0.00(0.05)  Forward time: 3.67(3.29)  Batch time: 3.67(3.34)
2025-03-27 22:19:38,840   INFO  
2025-03-27 22:22:14,766   INFO  Train:   25/30 ( 83%) [ 511/3862 ( 13%)]  Loss: -10.80 (-11.0)  LR: 7.202e-04  Time cost: 28:21/3:05:33 [85:00:07/20:54:50]  Acc_iter 93200       Data time: 0.00(0.05)  Forward time: 3.59(3.27)  Batch time: 3.60(3.32)
2025-03-27 22:23:55,204   INFO  Save latest model to /OpenPCDet/output/nuscenes_models/cbgs_voxel01_res3d_centerpoint_uncertainty/shifted_bounded_uncertainty/ckpt/latest_model
2025-03-27 22:24:57,147   INFO  Train:   25/30 ( 83%) [ 561/3862 ( 15%)]  Loss: -10.80 (-11.0)  LR: 7.173e-04  Time cost: 31:03/3:02:25 [85:02:50/20:49:33]  Acc_iter 93250       Data time: 0.00(0.05)  Forward time: 3.08(3.27)  Batch time: 3.08(3.32)
2025-03-27 22:27:46,337   INFO  Train:   25/30 ( 83%) [ 611/3862 ( 16%)]  Loss: -11.33 (-11.0)  LR: 7.144e-04  Time cost: 33:52/2:59:57 [85:05:39/20:48:53]  Acc_iter 93300       Data time: 0.01(0.04)  Forward time: 2.60(3.28)  Batch time: 2.60(3.32)
2025-03-27 22:27:47,685   INFO  
2025-03-27 22:28:57,143   INFO  Save latest model to /OpenPCDet/output/nuscenes_models/cbgs_voxel01_res3d_centerpoint_uncertainty/shifted_bounded_uncertainty/ckpt/latest_model
2025-03-27 22:30:36,062   INFO  Train:   25/30 ( 83%) [ 661/3862 ( 17%)]  Loss: -10.87 (-11.0)  LR: 7.116e-04  Time cost: 36:42/2:57:29 [85:08:29/20:48:11]  Acc_iter 93350       Data time: 0.01(0.04)  Forward time: 3.17(3.28)  Batch time: 3.18(3.33)
2025-03-27 22:33:15,007   INFO  Train:   25/30 ( 83%) [ 711/3862 ( 18%)]  Loss: -11.05 (-11.0)  LR: 7.087e-04  Time cost: 39:21/2:54:10 [85:11:08/20:41:31]  Acc_iter 93400       Data time: 0.00(0.04)  Forward time: 3.49(3.28)  Batch time: 3.50(3.32)
2025-03-27 22:33:55,279   INFO  Save latest model to /OpenPCDet/output/nuscenes_models/cbgs_voxel01_res3d_centerpoint_uncertainty/shifted_bounded_uncertainty/ckpt/latest_model
2025-03-27 22:35:57,832   INFO  Train:   25/30 ( 83%) [ 761/3862 ( 20%)]  Loss: -10.81 (-11.0)  LR: 7.058e-04  Time cost: 42:04/2:51:12 [85:13:50/20:37:17]  Acc_iter 93450       Data time: 0.01(0.04)  Forward time: 3.21(3.27)  Batch time: 3.22(3.31)
2025-03-27 22:35:58,930   INFO  
2025-03-27 22:38:41,529   INFO  Train:   25/30 ( 83%) [ 811/3862 ( 21%)]  Loss: -11.57 (-11.0)  LR: 7.029e-04  Time cost: 44:47/2:48:19 [85:16:34/20:33:38]  Acc_iter 93500       Data time: 0.00(0.04)  Forward time: 3.18(3.27)  Batch time: 3.19(3.31)
2025-03-27 22:38:54,655   INFO  Save latest model to /OpenPCDet/output/nuscenes_models/cbgs_voxel01_res3d_centerpoint_uncertainty/shifted_bounded_uncertainty/ckpt/latest_model
2025-03-27 22:41:24,561   INFO  Train:   25/30 ( 83%) [ 861/3862 ( 22%)]  Loss: -11.49 (-11.0)  LR: 7.001e-04  Time cost: 47:30/2:45:25 [85:19:17/20:29:49]  Acc_iter 93550       Data time: 0.00(0.04)  Forward time: 2.53(3.27)  Batch time: 2.53(3.31)
2025-03-27 22:43:56,514   INFO  Save latest model to /OpenPCDet/output/nuscenes_models/cbgs_voxel01_res3d_centerpoint_uncertainty/shifted_bounded_uncertainty/ckpt/latest_model
2025-03-27 22:44:10,940   INFO  Train:   25/30 ( 83%) [ 911/3862 ( 24%)]  Loss: -11.16 (-11.0)  LR: 6.972e-04  Time cost: 50:17/2:42:43 [85:22:04/20:27:28]  Acc_iter 93600       Data time: 0.00(0.04)  Forward time: 3.88(3.27)  Batch time: 3.89(3.31)
2025-03-27 22:44:11,960   INFO  
2025-03-27 22:47:01,761   INFO  Train:   25/30 ( 83%) [ 961/3862 ( 25%)]  Loss: -11.24 (-11.1)  LR: 6.943e-04  Time cost: 53:08/2:40:13 [85:24:54/20:26:47]  Acc_iter 93650       Data time: 0.00(0.04)  Forward time: 3.82(3.28)  Batch time: 3.83(3.31)
2025-03-27 22:48:55,246   INFO  Save latest model to /OpenPCDet/output/nuscenes_models/cbgs_voxel01_res3d_centerpoint_uncertainty/shifted_bounded_uncertainty/ckpt/latest_model
2025-03-27 22:49:44,087   INFO  Train:   25/30 ( 83%) [1011/3862 ( 26%)]  Loss: -10.50 (-11.1)  LR: 6.915e-04  Time cost: 55:50/2:37:18 [85:27:37/20:22:48]  Acc_iter 93700       Data time: 0.00(0.04)  Forward time: 2.87(3.28)  Batch time: 2.87(3.31)
2025-03-27 22:52:34,210   INFO  Train:   25/30 ( 83%) [1061/3862 ( 27%)]  Loss: -12.11 (-11.1)  LR: 6.886e-04  Time cost: 58:40/2:34:45 [85:30:27/20:21:38]  Acc_iter 93750       Data time: 0.00(0.03)  Forward time: 3.01(3.28)  Batch time: 3.01(3.32)
2025-03-27 22:52:35,440   INFO  
2025-03-27 22:53:57,320   INFO  Save latest model to /OpenPCDet/output/nuscenes_models/cbgs_voxel01_res3d_centerpoint_uncertainty/shifted_bounded_uncertainty/ckpt/latest_model
2025-03-27 22:55:23,011   INFO  Train:   25/30 ( 83%) [1111/3862 ( 29%)]  Loss: -11.29 (-11.1)  LR: 6.858e-04  Time cost: 1:01:29/2:32:07 [85:33:16/20:19:53]  Acc_iter 93800       Data time: 0.00(0.03)  Forward time: 2.59(3.28)  Batch time: 2.59(3.32)
2025-03-27 22:58:09,680   INFO  Train:   25/30 ( 83%) [1161/3862 ( 30%)]  Loss: -11.46 (-11.1)  LR: 6.829e-04  Time cost: 1:04:16/2:29:23 [85:36:02/20:17:21]  Acc_iter 93850       Data time: 0.00(0.03)  Forward time: 3.40(3.29)  Batch time: 3.40(3.32)
2025-03-27 22:58:54,068   INFO  Save latest model to /OpenPCDet/output/nuscenes_models/cbgs_voxel01_res3d_centerpoint_uncertainty/shifted_bounded_uncertainty/ckpt/latest_model
2025-03-27 23:01:01,851   INFO  Train:   25/30 ( 83%) [1211/3862 ( 31%)]  Loss: -11.40 (-11.1)  LR: 6.801e-04  Time cost: 1:07:08/2:26:50 [85:38:54/20:16:29]  Acc_iter 93900       Data time: 0.00(0.03)  Forward time: 3.01(3.29)  Batch time: 3.02(3.32)
2025-03-27 23:01:02,781   INFO  
2025-03-27 23:03:52,418   INFO  Train:   25/30 ( 83%) [1261/3862 ( 33%)]  Loss: -11.59 (-10.7)  LR: 6.773e-04  Time cost: 1:09:58/2:24:13 [85:41:45/20:14:59]  Acc_iter 93950       Data time: 0.00(0.03)  Forward time: 2.50(3.30)  Batch time: 2.51(3.33)
2025-03-27 23:03:55,807   INFO  Save latest model to /OpenPCDet/output/nuscenes_models/cbgs_voxel01_res3d_centerpoint_uncertainty/shifted_bounded_uncertainty/ckpt/latest_model
2025-03-27 23:06:43,013   INFO  Train:   25/30 ( 83%) [1311/3862 ( 34%)]  Loss: -10.90 (-10.7)  LR: 6.744e-04  Time cost: 1:12:49/2:21:35 [85:44:36/20:13:23]  Acc_iter 94000       Data time: 0.01(0.03)  Forward time: 4.14(3.30)  Batch time: 4.15(3.33)
2025-03-27 23:08:54,078   INFO  Save latest model to /OpenPCDet/output/nuscenes_models/cbgs_voxel01_res3d_centerpoint_uncertainty/shifted_bounded_uncertainty/ckpt/latest_model
2025-03-27 23:09:28,255   INFO  Train:   25/30 ( 83%) [1361/3862 ( 35%)]  Loss: -11.14 (-10.7)  LR: 6.716e-04  Time cost: 1:15:34/2:18:46 [85:47:21/20:10:16]  Acc_iter 94050       Data time: 0.01(0.03)  Forward time: 3.20(3.30)  Batch time: 3.21(3.33)
2025-03-27 23:09:29,287   INFO  
2025-03-27 23:12:10,687   INFO  Train:   25/30 ( 83%) [1411/3862 ( 37%)]  Loss: -11.66 (-10.8)  LR: 6.688e-04  Time cost: 1:18:17/2:15:53 [85:50:03/20:06:28]  Acc_iter 94100       Data time: 0.00(0.03)  Forward time: 2.76(3.30)  Batch time: 2.76(3.33)
2025-03-27 23:13:57,400   INFO  Save latest model to /OpenPCDet/output/nuscenes_models/cbgs_voxel01_res3d_centerpoint_uncertainty/shifted_bounded_uncertainty/ckpt/latest_model
2025-03-27 23:15:01,018   INFO  Train:   25/30 ( 83%) [1461/3862 ( 38%)]  Loss: -10.96 (-10.8)  LR: 6.659e-04  Time cost: 1:21:07/2:13:13 [85:52:54/20:04:41]  Acc_iter 94150       Data time: 0.00(0.03)  Forward time: 2.80(3.30)  Batch time: 2.81(3.33)
2025-03-27 23:17:44,069   INFO  Train:   25/30 ( 83%) [1511/3862 ( 39%)]  Loss: -12.08 (-10.8)  LR: 6.631e-04  Time cost: 1:23:50/2:10:21 [85:55:37/20:01:05]  Acc_iter 94200       Data time: 0.00(0.03)  Forward time: 3.19(3.30)  Batch time: 3.19(3.33)
2025-03-27 23:17:45,250   INFO  
2025-03-27 23:18:55,137   INFO  Save latest model to /OpenPCDet/output/nuscenes_models/cbgs_voxel01_res3d_centerpoint_uncertainty/shifted_bounded_uncertainty/ckpt/latest_model
2025-03-27 23:20:32,846   INFO  Train:   25/30 ( 83%) [1561/3862 ( 40%)]  Loss: -12.12 (-10.8)  LR: 6.603e-04  Time cost: 1:26:39/2:07:38 [85:58:25/19:58:53]  Acc_iter 94250       Data time: 0.00(0.03)  Forward time: 3.21(3.30)  Batch time: 3.22(3.33)
2025-03-27 23:23:17,928   INFO  Train:   25/30 ( 83%) [1611/3862 ( 42%)]  Loss: -10.98 (-10.8)  LR: 6.575e-04  Time cost: 1:29:24/2:04:50 [86:01:11/19:55:48]  Acc_iter 94300       Data time: 0.00(0.03)  Forward time: 3.53(3.30)  Batch time: 3.53(3.33)
2025-03-27 23:23:55,052   INFO  Save latest model to /OpenPCDet/output/nuscenes_models/cbgs_voxel01_res3d_centerpoint_uncertainty/shifted_bounded_uncertainty/ckpt/latest_model
2025-03-27 23:26:06,515   INFO  Train:   25/30 ( 83%) [1661/3862 ( 43%)]  Loss: -11.04 (-10.8)  LR: 6.547e-04  Time cost: 1:32:12/2:02:07 [86:03:59/19:53:30]  Acc_iter 94350       Data time: 0.00(0.03)  Forward time: 3.30(3.30)  Batch time: 3.30(3.33)
2025-03-27 23:26:07,619   INFO  
2025-03-27 23:28:54,293   INFO  Train:   25/30 ( 83%) [1711/3862 ( 44%)]  Loss: -10.92 (-10.9)  LR: 6.519e-04  Time cost: 1:35:00/1:59:22 [86:06:47/19:51:00]  Acc_iter 94400       Data time: 0.00(0.03)  Forward time: 3.13(3.30)  Batch time: 3.13(3.33)
2025-03-27 23:28:54,593   INFO  Save latest model to /OpenPCDet/output/nuscenes_models/cbgs_voxel01_res3d_centerpoint_uncertainty/shifted_bounded_uncertainty/ckpt/latest_model
2025-03-27 23:31:43,309   INFO  Train:   25/30 ( 83%) [1761/3862 ( 46%)]  Loss: -11.23 (-10.9)  LR: 6.491e-04  Time cost: 1:37:49/1:56:38 [86:09:36/19:48:45]  Acc_iter 94450       Data time: 0.00(0.03)  Forward time: 3.05(3.30)  Batch time: 3.05(3.33)
2025-03-27 23:33:55,835   INFO  Save latest model to /OpenPCDet/output/nuscenes_models/cbgs_voxel01_res3d_centerpoint_uncertainty/shifted_bounded_uncertainty/ckpt/latest_model
2025-03-27 23:34:24,718   INFO  Train:   25/30 ( 83%) [1811/3862 ( 47%)]  Loss: -11.63 (-10.9)  LR: 6.463e-04  Time cost: 1:40:31/1:53:46 [86:12:17/19:44:57]  Acc_iter 94500       Data time: 0.00(0.03)  Forward time: 2.71(3.30)  Batch time: 2.71(3.33)
2025-03-27 23:34:25,865   INFO  
2025-03-27 23:37:03,746   INFO  Train:   25/30 ( 83%) [1861/3862 ( 48%)]  Loss: -11.03 (-10.9)  LR: 6.436e-04  Time cost: 1:43:10/1:50:52 [86:14:56/19:40:46]  Acc_iter 94550       Data time: 0.00(0.03)  Forward time: 3.05(3.30)  Batch time: 3.05(3.32)
2025-03-27 23:38:57,214   INFO  Save latest model to /OpenPCDet/output/nuscenes_models/cbgs_voxel01_res3d_centerpoint_uncertainty/shifted_bounded_uncertainty/ckpt/latest_model
2025-03-27 23:39:43,759   INFO  Train:   25/30 ( 83%) [1911/3862 ( 49%)]  Loss: -10.92 (-10.9)  LR: 6.408e-04  Time cost: 1:45:50/1:47:59 [86:17:36/19:36:51]  Acc_iter 94600       Data time: 0.00(0.03)  Forward time: 4.26(3.29)  Batch time: 4.27(3.32)
2025-03-27 23:42:29,367   INFO  Train:   25/30 ( 83%) [1961/3862 ( 51%)]  Loss: -11.15 (-10.9)  LR: 6.380e-04  Time cost: 1:48:35/1:45:13 [86:20:22/19:34:00]  Acc_iter 94650       Data time: 0.00(0.03)  Forward time: 2.66(3.29)  Batch time: 2.67(3.32)
2025-03-27 23:42:30,669   INFO  
2025-03-27 23:43:57,490   INFO  Save latest model to /OpenPCDet/output/nuscenes_models/cbgs_voxel01_res3d_centerpoint_uncertainty/shifted_bounded_uncertainty/ckpt/latest_model
2025-03-27 23:45:17,580   INFO  Train:   25/30 ( 83%) [2011/3862 ( 52%)]  Loss: -11.53 (-10.9)  LR: 6.352e-04  Time cost: 1:51:23/1:42:29 [86:23:10/19:31:37]  Acc_iter 94700       Data time: 0.00(0.03)  Forward time: 3.53(3.30)  Batch time: 3.53(3.32)
2025-03-27 23:48:05,032   INFO  Train:   25/30 ( 83%) [2061/3862 ( 53%)]  Loss: -11.42 (-10.9)  LR: 6.325e-04  Time cost: 1:54:11/1:39:44 [86:25:58/19:29:05]  Acc_iter 94750       Data time: 0.00(0.03)  Forward time: 3.46(3.30)  Batch time: 3.46(3.32)
2025-03-27 23:48:55,346   INFO  Save latest model to /OpenPCDet/output/nuscenes_models/cbgs_voxel01_res3d_centerpoint_uncertainty/shifted_bounded_uncertainty/ckpt/latest_model
2025-03-27 23:50:47,937   INFO  Train:   25/30 ( 83%) [2111/3862 ( 55%)]  Loss: -11.57 (-10.9)  LR: 6.297e-04  Time cost: 1:56:54/1:36:55 [86:28:41/19:25:46]  Acc_iter 94800       Data time: 0.00(0.03)  Forward time: 3.38(3.30)  Batch time: 3.39(3.32)
2025-03-27 23:50:49,020   INFO  
2025-03-27 23:53:39,341   INFO  Train:   25/30 ( 83%) [2161/3862 ( 56%)]  Loss: -11.12 (-10.9)  LR: 6.269e-04  Time cost: 1:59:45/1:34:13 [86:31:32/19:23:52]  Acc_iter 94850       Data time: 0.00(0.03)  Forward time: 2.88(3.30)  Batch time: 2.89(3.32)
2025-03-27 23:53:56,681   INFO  Save latest model to /OpenPCDet/output/nuscenes_models/cbgs_voxel01_res3d_centerpoint_uncertainty/shifted_bounded_uncertainty/ckpt/latest_model
2025-03-27 23:56:24,327   INFO  Train:   25/30 ( 83%) [2211/3862 ( 57%)]  Loss: -11.33 (-10.9)  LR: 6.242e-04  Time cost: 2:02:30/1:31:26 [86:34:17/19:20:55]  Acc_iter 94900       Data time: 0.00(0.03)  Forward time: 3.08(3.30)  Batch time: 3.09(3.32)
2025-03-27 23:58:56,592   INFO  Save latest model to /OpenPCDet/output/nuscenes_models/cbgs_voxel01_res3d_centerpoint_uncertainty/shifted_bounded_uncertainty/ckpt/latest_model
2025-03-27 23:59:09,552   INFO  Train:   25/30 ( 83%) [2261/3862 ( 59%)]  Loss: -11.05 (-11.0)  LR: 6.214e-04  Time cost: 2:05:15/1:28:39 [86:37:02/19:18:00]  Acc_iter 94950       Data time: 0.02(0.03)  Forward time: 4.35(3.30)  Batch time: 4.37(3.32)
2025-03-27 23:59:10,602   INFO  
2025-03-28 00:01:56,969   INFO  Train:   25/30 ( 83%) [2311/3862 ( 60%)]  Loss: -11.60 (-11.0)  LR: 6.187e-04  Time cost: 2:08:03/1:25:54 [86:39:50/19:15:25]  Acc_iter 95000       Data time: 0.01(0.03)  Forward time: 3.12(3.30)  Batch time: 3.12(3.32)
2025-03-28 00:03:56,736   INFO  Save latest model to /OpenPCDet/output/nuscenes_models/cbgs_voxel01_res3d_centerpoint_uncertainty/shifted_bounded_uncertainty/ckpt/latest_model
2025-03-28 00:04:44,576   INFO  Train:   25/30 ( 83%) [2361/3862 ( 61%)]  Loss: -10.60 (-11.0)  LR: 6.159e-04  Time cost: 2:10:50/1:23:09 [86:42:37/19:12:52]  Acc_iter 95050       Data time: 0.00(0.03)  Forward time: 4.26(3.30)  Batch time: 4.26(3.32)
2025-03-28 00:07:28,898   INFO  Train:   25/30 ( 83%) [2411/3862 ( 62%)]  Loss: -10.91 (-11.0)  LR: 6.132e-04  Time cost: 2:13:35/1:20:21 [86:45:22/19:09:50]  Acc_iter 95100       Data time: 0.00(0.03)  Forward time: 3.58(3.30)  Batch time: 3.58(3.32)
2025-03-28 00:07:29,891   INFO  
2025-03-28 00:08:56,754   INFO  Save latest model to /OpenPCDet/output/nuscenes_models/cbgs_voxel01_res3d_centerpoint_uncertainty/shifted_bounded_uncertainty/ckpt/latest_model
2025-03-28 00:10:04,362   INFO  Train:   25/30 ( 83%) [2461/3862 ( 64%)]  Loss: -10.69 (-11.0)  LR: 6.105e-04  Time cost: 2:16:10/1:17:29 [86:47:57/19:05:34]  Acc_iter 95150       Data time: 0.00(0.03)  Forward time: 3.51(3.29)  Batch time: 3.51(3.32)
2025-03-28 00:12:38,933   INFO  Train:   25/30 ( 83%) [2511/3862 ( 65%)]  Loss: -10.11 (-11.0)  LR: 6.078e-04  Time cost: 2:18:45/1:14:37 [86:50:32/19:01:14]  Acc_iter 95200       Data time: 0.00(0.02)  Forward time: 2.65(3.29)  Batch time: 2.65(3.31)
2025-03-28 00:13:56,772   INFO  Save latest model to /OpenPCDet/output/nuscenes_models/cbgs_voxel01_res3d_centerpoint_uncertainty/shifted_bounded_uncertainty/ckpt/latest_model
2025-03-28 00:15:15,830   INFO  Train:   25/30 ( 83%) [2561/3862 ( 66%)]  Loss: -11.45 (-11.0)  LR: 6.050e-04  Time cost: 2:21:22/1:11:47 [86:53:08/18:57:18]  Acc_iter 95250       Data time: 0.01(0.02)  Forward time: 3.55(3.29)  Batch time: 3.57(3.31)
2025-03-28 00:15:16,998   INFO  
2025-03-28 00:18:01,331   INFO  Train:   25/30 ( 83%) [2611/3862 ( 68%)]  Loss: -11.03 (-11.0)  LR: 6.023e-04  Time cost: 2:24:07/1:09:01 [86:55:54/18:54:32]  Acc_iter 95300       Data time: 0.00(0.02)  Forward time: 2.57(3.29)  Batch time: 2.57(3.31)
2025-03-28 00:18:54,504   INFO  Save latest model to /OpenPCDet/output/nuscenes_models/cbgs_voxel01_res3d_centerpoint_uncertainty/shifted_bounded_uncertainty/ckpt/latest_model
2025-03-28 00:20:48,820   INFO  Train:   25/30 ( 83%) [2661/3862 ( 69%)]  Loss: -10.86 (-11.0)  LR: 5.996e-04  Time cost: 2:26:55/1:06:17 [86:58:41/18:52:01]  Acc_iter 95350       Data time: 0.00(0.02)  Forward time: 3.39(3.29)  Batch time: 3.39(3.31)
2025-03-28 00:23:28,820   INFO  Train:   25/30 ( 83%) [2711/3862 ( 70%)]  Loss: -11.74 (-11.0)  LR: 5.969e-04  Time cost: 2:29:35/1:03:29 [87:01:21/18:48:34]  Acc_iter 95400       Data time: 0.00(0.02)  Forward time: 2.88(3.29)  Batch time: 2.89(3.31)
2025-03-28 00:23:29,987   INFO  
2025-03-28 00:23:56,314   INFO  Save latest model to /OpenPCDet/output/nuscenes_models/cbgs_voxel01_res3d_centerpoint_uncertainty/shifted_bounded_uncertainty/ckpt/latest_model
2025-03-28 00:26:12,478   INFO  Train:   25/30 ( 83%) [2761/3862 ( 71%)]  Loss: -10.43 (-11.0)  LR: 5.942e-04  Time cost: 2:32:18/1:00:42 [87:04:05/18:45:35]  Acc_iter 95450       Data time: 0.00(0.02)  Forward time: 3.08(3.28)  Batch time: 3.08(3.31)
2025-03-28 00:28:51,337   INFO  Train:   25/30 ( 83%) [2811/3862 ( 73%)]  Loss: -11.79 (-11.0)  LR: 5.915e-04  Time cost: 2:34:57/57:55 [87:06:44/18:42:02]  Acc_iter 95500       Data time: 0.00(0.02)  Forward time: 2.70(3.28)  Batch time: 2.71(3.31)
2025-03-28 00:28:54,463   INFO  Save latest model to /OpenPCDet/output/nuscenes_models/cbgs_voxel01_res3d_centerpoint_uncertainty/shifted_bounded_uncertainty/ckpt/latest_model
2025-03-28 00:31:31,466   INFO  Train:   25/30 ( 83%) [2861/3862 ( 74%)]  Loss: -11.54 (-11.0)  LR: 5.888e-04  Time cost: 2:37:37/55:07 [87:09:24/18:38:39]  Acc_iter 95550       Data time: 0.00(0.02)  Forward time: 3.41(3.28)  Batch time: 3.41(3.30)
2025-03-28 00:31:32,559   INFO  
2025-03-28 00:33:56,687   INFO  Save latest model to /OpenPCDet/output/nuscenes_models/cbgs_voxel01_res3d_centerpoint_uncertainty/shifted_bounded_uncertainty/ckpt/latest_model
2025-03-28 00:34:13,917   INFO  Train:   25/30 ( 83%) [2911/3862 ( 75%)]  Loss: -11.46 (-11.0)  LR: 5.861e-04  Time cost: 2:40:20/52:21 [87:12:07/18:35:35]  Acc_iter 95600       Data time: 0.01(0.02)  Forward time: 3.37(3.28)  Batch time: 3.38(3.30)
2025-03-28 00:37:01,448   INFO  Train:   25/30 ( 83%) [2961/3862 ( 77%)]  Loss: -11.23 (-11.0)  LR: 5.834e-04  Time cost: 2:43:07/49:37 [87:14:54/18:33:06]  Acc_iter 95650       Data time: 0.00(0.02)  Forward time: 2.92(3.28)  Batch time: 2.93(3.30)
2025-03-28 00:38:57,075   INFO  Save latest model to /OpenPCDet/output/nuscenes_models/cbgs_voxel01_res3d_centerpoint_uncertainty/shifted_bounded_uncertainty/ckpt/latest_model
2025-03-28 00:39:46,956   INFO  Train:   25/30 ( 83%) [3011/3862 ( 78%)]  Loss: -11.46 (-11.0)  LR: 5.807e-04  Time cost: 2:45:53/46:52 [87:17:40/18:30:22]  Acc_iter 95700       Data time: 0.00(0.02)  Forward time: 3.34(3.28)  Batch time: 3.34(3.30)
2025-03-28 00:39:48,094   INFO  
2025-03-28 00:42:23,359   INFO  Train:   25/30 ( 83%) [3061/3862 ( 79%)]  Loss: -11.25 (-11.0)  LR: 5.781e-04  Time cost: 2:48:29/44:04 [87:20:16/18:26:39]  Acc_iter 95750       Data time: 0.00(0.02)  Forward time: 3.11(3.28)  Batch time: 3.11(3.30)
2025-03-28 00:43:54,345   INFO  Save latest model to /OpenPCDet/output/nuscenes_models/cbgs_voxel01_res3d_centerpoint_uncertainty/shifted_bounded_uncertainty/ckpt/latest_model
2025-03-28 00:45:06,732   INFO  Train:   25/30 ( 83%) [3111/3862 ( 81%)]  Loss: -11.67 (-11.1)  LR: 5.754e-04  Time cost: 2:51:13/41:19 [87:22:59/18:23:43]  Acc_iter 95800       Data time: 0.01(0.02)  Forward time: 3.63(3.28)  Batch time: 3.63(3.30)
2025-03-28 00:47:56,701   INFO  Train:   25/30 ( 83%) [3161/3862 ( 82%)]  Loss: -11.32 (-11.1)  LR: 5.727e-04  Time cost: 2:54:03/38:35 [87:25:49/18:21:29]  Acc_iter 95850       Data time: 0.00(0.02)  Forward time: 4.81(3.28)  Batch time: 4.81(3.30)
2025-03-28 00:47:57,855   INFO  
2025-03-28 00:48:55,216   INFO  Save latest model to /OpenPCDet/output/nuscenes_models/cbgs_voxel01_res3d_centerpoint_uncertainty/shifted_bounded_uncertainty/ckpt/latest_model
2025-03-28 00:50:45,855   INFO  Train:   25/30 ( 83%) [3211/3862 ( 83%)]  Loss: -11.69 (-11.1)  LR: 5.701e-04  Time cost: 2:56:52/35:50 [87:28:38/18:19:09]  Acc_iter 95900       Data time: 0.01(0.02)  Forward time: 2.97(3.28)  Batch time: 2.98(3.30)
2025-03-28 00:53:33,218   INFO  Train:   25/30 ( 83%) [3261/3862 ( 84%)]  Loss: -11.68 (-11.1)  LR: 5.674e-04  Time cost: 2:59:39/33:06 [87:31:26/18:16:37]  Acc_iter 95950       Data time: 0.00(0.02)  Forward time: 4.20(3.28)  Batch time: 4.20(3.30)
2025-03-28 00:53:54,843   INFO  Save latest model to /OpenPCDet/output/nuscenes_models/cbgs_voxel01_res3d_centerpoint_uncertainty/shifted_bounded_uncertainty/ckpt/latest_model
2025-03-28 00:56:26,907   INFO  Train:   25/30 ( 83%) [3311/3862 ( 86%)]  Loss: -11.92 (-11.1)  LR: 5.648e-04  Time cost: 3:02:33/30:22 [87:34:20/18:14:43]  Acc_iter 96000       Data time: 0.00(0.02)  Forward time: 3.36(3.28)  Batch time: 3.37(3.31)
2025-03-28 00:56:27,988   INFO  
2025-03-28 00:58:55,516   INFO  Save latest model to /OpenPCDet/output/nuscenes_models/cbgs_voxel01_res3d_centerpoint_uncertainty/shifted_bounded_uncertainty/ckpt/latest_model
2025-03-28 00:59:16,296   INFO  Train:   25/30 ( 83%) [3361/3862 ( 87%)]  Loss: -11.48 (-11.1)  LR: 5.621e-04  Time cost: 3:05:22/27:37 [87:37:09/18:12:21]  Acc_iter 96050       Data time: 0.01(0.02)  Forward time: 3.66(3.28)  Batch time: 3.67(3.31)
2025-03-28 01:02:06,071   INFO  Train:   25/30 ( 83%) [3411/3862 ( 88%)]  Loss: -11.37 (-11.1)  LR: 5.595e-04  Time cost: 3:08:12/24:52 [87:39:59/18:10:01]  Acc_iter 96100       Data time: 0.01(0.02)  Forward time: 3.50(3.29)  Batch time: 3.51(3.31)
2025-03-28 01:03:56,997   INFO  Save latest model to /OpenPCDet/output/nuscenes_models/cbgs_voxel01_res3d_centerpoint_uncertainty/shifted_bounded_uncertainty/ckpt/latest_model
2025-03-28 01:04:52,130   INFO  Train:   25/30 ( 83%) [3461/3862 ( 90%)]  Loss: -11.20 (-11.1)  LR: 5.568e-04  Time cost: 3:10:58/22:07 [87:42:45/18:07:19]  Acc_iter 96150       Data time: 0.00(0.02)  Forward time: 3.17(3.29)  Batch time: 3.17(3.31)
2025-03-28 01:04:53,494   INFO  
2025-03-28 01:07:38,952   INFO  Train:   25/30 ( 83%) [3511/3862 ( 91%)]  Loss: -11.43 (-11.1)  LR: 5.542e-04  Time cost: 3:13:45/19:21 [87:45:32/18:04:41]  Acc_iter 96200       Data time: 0.00(0.02)  Forward time: 3.08(3.29)  Batch time: 3.08(3.31)
2025-03-28 01:08:57,726   INFO  Save latest model to /OpenPCDet/output/nuscenes_models/cbgs_voxel01_res3d_centerpoint_uncertainty/shifted_bounded_uncertainty/ckpt/latest_model
2025-03-28 01:10:29,922   INFO  Train:   25/30 ( 83%) [3561/3862 ( 92%)]  Loss: -11.23 (-11.1)  LR: 5.516e-04  Time cost: 3:16:36/16:36 [87:48:23/18:02:25]  Acc_iter 96250       Data time: 0.01(0.02)  Forward time: 3.19(3.29)  Batch time: 3.20(3.31)
2025-03-28 01:13:10,643   INFO  Train:   25/30 ( 83%) [3611/3862 ( 94%)]  Loss: -11.17 (-11.1)  LR: 5.489e-04  Time cost: 3:19:16/13:50 [87:51:03/17:59:13]  Acc_iter 96300       Data time: 0.00(0.02)  Forward time: 2.88(3.29)  Batch time: 2.89(3.31)
2025-03-28 01:13:11,540   INFO  
2025-03-28 01:13:55,240   INFO  Save latest model to /OpenPCDet/output/nuscenes_models/cbgs_voxel01_res3d_centerpoint_uncertainty/shifted_bounded_uncertainty/ckpt/latest_model
2025-03-28 01:15:49,922   INFO  Train:   25/30 ( 83%) [3661/3862 ( 95%)]  Loss: -11.29 (-11.1)  LR: 5.463e-04  Time cost: 3:21:56/11:05 [87:53:43/17:55:54]  Acc_iter 96350       Data time: 0.00(0.02)  Forward time: 3.00(3.29)  Batch time: 3.00(3.31)
2025-03-28 01:18:27,644   INFO  Train:   25/30 ( 83%) [3711/3862 ( 96%)]  Loss: -10.48 (-11.1)  LR: 5.437e-04  Time cost: 3:24:33/08:19 [87:56:20/17:52:29]  Acc_iter 96400       Data time: 0.00(0.02)  Forward time: 2.97(3.28)  Batch time: 2.97(3.31)
2025-03-28 01:18:56,450   INFO  Save latest model to /OpenPCDet/output/nuscenes_models/cbgs_voxel01_res3d_centerpoint_uncertainty/shifted_bounded_uncertainty/ckpt/latest_model
2025-03-28 01:21:02,020   INFO  Train:   25/30 ( 83%) [3761/3862 ( 97%)]  Loss: -10.82 (-11.1)  LR: 5.411e-04  Time cost: 3:27:08/05:33 [87:58:55/17:48:47]  Acc_iter 96450       Data time: 0.00(0.02)  Forward time: 3.29(3.28)  Batch time: 3.30(3.30)
2025-03-28 01:21:03,301   INFO  
2025-03-28 01:23:45,147   INFO  Train:   25/30 ( 83%) [3811/3862 ( 99%)]  Loss: -11.83 (-11.1)  LR: 5.385e-04  Time cost: 3:29:51/02:48 [88:01:38/17:45:51]  Acc_iter 96500       Data time: 0.00(0.02)  Forward time: 3.72(3.28)  Batch time: 3.73(3.30)
2025-03-28 01:23:55,309   INFO  Save latest model to /OpenPCDet/output/nuscenes_models/cbgs_voxel01_res3d_centerpoint_uncertainty/shifted_bounded_uncertainty/ckpt/latest_model
2025-03-28 01:26:20,234   INFO  Train:   25/30 ( 83%) [3861/3862 (100%)]  Loss: -11.97 (-11.1)  LR: 5.359e-04  Time cost: 3:32:26/00:03 [88:04:13/17:42:16]  Acc_iter 96550       Data time: 0.00(0.02)  Forward time: 2.01(3.28)  Batch time: 2.01(3.30)
2025-03-28 01:26:48,878   INFO  Train:   26/30 ( 87%) [   0/3862 (  0%)]  Loss: -11.17 (-11.2)  LR: 5.358e-04  Time cost: 00:24/26:47:25 [88:04:42/133:57:08]  Acc_iter 96551       Data time: 21.04(21.04)  Forward time: 3.93(3.93)  Batch time: 24.97(24.97)
2025-03-28 01:29:39,209   INFO  Train:   26/30 ( 87%) [  49/3862 (  1%)]  Loss: -12.26 (-11.3)  LR: 5.333e-04  Time cost: 03:15/4:08:13 [88:07:32/20:53:55]  Acc_iter 96600       Data time: 0.00(0.43)  Forward time: 3.52(3.48)  Batch time: 3.53(3.91)
2025-03-28 01:29:40,057   INFO  
2025-03-28 01:31:25,970   INFO  Save latest model to /OpenPCDet/output/nuscenes_models/cbgs_voxel01_res3d_centerpoint_uncertainty/shifted_bounded_uncertainty/ckpt/latest_model
2025-03-28 01:32:27,931   INFO  Train:   26/30 ( 87%) [  99/3862 (  3%)]  Loss: -11.16 (-11.4)  LR: 5.307e-04  Time cost: 06:04/3:48:18 [88:10:21/19:25:33]  Acc_iter 96650       Data time: 0.00(0.23)  Forward time: 3.86(3.41)  Batch time: 3.86(3.64)
2025-03-28 01:35:15,957   INFO  Train:   26/30 ( 87%) [ 149/3862 (  4%)]  Loss: -11.44 (-11.4)  LR: 5.281e-04  Time cost: 08:52/3:39:30 [88:13:09/18:52:44]  Acc_iter 96700       Data time: 0.01(0.15)  Forward time: 2.92(3.39)  Batch time: 2.92(3.55)
2025-03-28 01:36:25,698   INFO  Save latest model to /OpenPCDet/output/nuscenes_models/cbgs_voxel01_res3d_centerpoint_uncertainty/shifted_bounded_uncertainty/ckpt/latest_model
2025-03-28 01:38:02,983   INFO  Train:   26/30 ( 87%) [ 199/3862 (  5%)]  Loss: -10.93 (-11.4)  LR: 5.255e-04  Time cost: 11:39/3:33:23 [88:15:56/18:33:20]  Acc_iter 96750       Data time: 0.01(0.12)  Forward time: 2.88(3.38)  Batch time: 2.89(3.50)
2025-03-28 01:38:04,034   INFO  
2025-03-28 01:40:49,408   INFO  Train:   26/30 ( 87%) [ 249/3862 (  6%)]  Loss: -11.13 (-11.4)  LR: 5.230e-04  Time cost: 14:25/3:28:28 [88:18:42/18:19:49]  Acc_iter 96800       Data time: 0.00(0.10)  Forward time: 3.21(3.36)  Batch time: 3.22(3.46)
2025-03-28 01:41:24,452   INFO  Save latest model to /OpenPCDet/output/nuscenes_models/cbgs_voxel01_res3d_centerpoint_uncertainty/shifted_bounded_uncertainty/ckpt/latest_model
2025-03-28 01:43:24,027   INFO  Train:   26/30 ( 87%) [ 299/3862 (  8%)]  Loss: -11.13 (-11.4)  LR: 5.204e-04  Time cost: 17:00/3:21:55 [88:21:17/17:57:25]  Acc_iter 96850       Data time: 0.00(0.09)  Forward time: 3.35(3.31)  Batch time: 3.35(3.40)
2025-03-28 01:45:58,288   INFO  Train:   26/30 ( 87%) [ 349/3862 (  9%)]  Loss: -11.62 (-11.4)  LR: 5.178e-04  Time cost: 19:34/3:16:27 [88:23:51/17:40:21]  Acc_iter 96900       Data time: 0.00(0.07)  Forward time: 2.52(3.28)  Batch time: 2.53(3.36)
2025-03-28 01:45:59,322   INFO  
2025-03-28 01:46:24,644   INFO  Save latest model to /OpenPCDet/output/nuscenes_models/cbgs_voxel01_res3d_centerpoint_uncertainty/shifted_bounded_uncertainty/ckpt/latest_model
2025-03-28 01:48:37,098   INFO  Train:   26/30 ( 87%) [ 399/3862 ( 10%)]  Loss: -11.09 (-11.4)  LR: 5.153e-04  Time cost: 22:13/3:12:22 [88:26:30/17:30:30]  Acc_iter 96950       Data time: 0.01(0.07)  Forward time: 3.33(3.26)  Batch time: 3.34(3.33)
2025-03-28 01:51:13,849   INFO  Train:   26/30 ( 87%) [ 449/3862 ( 12%)]  Loss: -11.66 (-11.4)  LR: 5.127e-04  Time cost: 24:49/3:08:20 [88:29:06/17:20:48]  Acc_iter 97000       Data time: 0.00(0.06)  Forward time: 3.37(3.25)  Batch time: 3.37(3.31)
2025-03-28 01:51:27,910   INFO  Save latest model to /OpenPCDet/output/nuscenes_models/cbgs_voxel01_res3d_centerpoint_uncertainty/shifted_bounded_uncertainty/ckpt/latest_model
2025-03-28 01:53:56,036   INFO  Train:   26/30 ( 87%) [ 499/3862 ( 13%)]  Loss: -11.28 (-11.4)  LR: 5.102e-04  Time cost: 27:32/3:05:12 [88:31:49/17:15:56]  Acc_iter 97050       Data time: 0.00(0.06)  Forward time: 3.27(3.25)  Batch time: 3.27(3.30)
2025-03-28 01:53:57,099   INFO  
2025-03-28 01:56:26,402   INFO  Save latest model to /OpenPCDet/output/nuscenes_models/cbgs_voxel01_res3d_centerpoint_uncertainty/shifted_bounded_uncertainty/ckpt/latest_model
2025-03-28 01:56:32,565   INFO  Train:   26/30 ( 87%) [ 549/3862 ( 14%)]  Loss: -11.32 (-11.4)  LR: 5.076e-04  Time cost: 30:08/3:01:34 [88:34:25/17:08:15]  Acc_iter 97100       Data time: 0.00(0.06)  Forward time: 3.06(3.23)  Batch time: 3.06(3.29)
2025-03-28 01:59:15,051   INFO  Train:   26/30 ( 87%) [ 599/3862 ( 16%)]  Loss: -11.49 (-11.4)  LR: 5.051e-04  Time cost: 32:51/2:58:39 [88:37:08/17:04:30]  Acc_iter 97150       Data time: 0.01(0.05)  Forward time: 3.29(3.23)  Batch time: 3.30(3.29)
2025-03-28 02:01:27,526   INFO  Save latest model to /OpenPCDet/output/nuscenes_models/cbgs_voxel01_res3d_centerpoint_uncertainty/shifted_bounded_uncertainty/ckpt/latest_model
2025-03-28 02:02:00,986   INFO  Train:   26/30 ( 87%) [ 649/3862 ( 17%)]  Loss: -11.03 (-11.4)  LR: 5.026e-04  Time cost: 35:37/2:56:03 [88:39:54/17:02:33]  Acc_iter 97200       Data time: 0.00(0.05)  Forward time: 3.26(3.24)  Batch time: 3.26(3.29)
2025-03-28 02:02:02,061   INFO  
2025-03-28 02:04:48,466   INFO  Train:   26/30 ( 87%) [ 699/3862 ( 18%)]  Loss: -11.99 (-11.4)  LR: 5.000e-04  Time cost: 38:24/2:53:33 [88:42:41/17:01:11]  Acc_iter 97250       Data time: 0.00(0.05)  Forward time: 3.01(3.24)  Batch time: 3.02(3.29)
2025-03-28 02:06:27,085   INFO  Save latest model to /OpenPCDet/output/nuscenes_models/cbgs_voxel01_res3d_centerpoint_uncertainty/shifted_bounded_uncertainty/ckpt/latest_model
2025-03-28 02:07:40,231   INFO  Train:   26/30 ( 87%) [ 749/3862 ( 19%)]  Loss: -11.06 (-11.4)  LR: 4.975e-04  Time cost: 41:16/2:51:18 [88:45:33/17:01:24]  Acc_iter 97300       Data time: 0.00(0.04)  Forward time: 3.35(3.26)  Batch time: 3.35(3.30)
2025-03-28 02:10:28,509   INFO  Train:   26/30 ( 87%) [ 799/3862 ( 21%)]  Loss: -10.81 (-11.4)  LR: 4.950e-04  Time cost: 44:04/2:48:45 [88:48:21/16:59:52]  Acc_iter 97350       Data time: 0.00(0.04)  Forward time: 2.58(3.26)  Batch time: 2.58(3.31)
2025-03-28 02:10:29,513   INFO  
2025-03-28 02:11:25,631   INFO  Save latest model to /OpenPCDet/output/nuscenes_models/cbgs_voxel01_res3d_centerpoint_uncertainty/shifted_bounded_uncertainty/ckpt/latest_model
2025-03-28 02:13:08,746   INFO  Train:   26/30 ( 87%) [ 849/3862 ( 22%)]  Loss: -11.85 (-11.4)  LR: 4.925e-04  Time cost: 46:44/2:45:42 [88:51:01/16:55:17]  Acc_iter 97400       Data time: 0.01(0.04)  Forward time: 3.22(3.26)  Batch time: 3.23(3.30)
2025-03-28 02:15:52,178   INFO  Train:   26/30 ( 87%) [ 899/3862 ( 23%)]  Loss: -11.59 (-11.4)  LR: 4.900e-04  Time cost: 49:28/2:42:52 [88:53:45/16:52:00]  Acc_iter 97450       Data time: 0.00(0.04)  Forward time: 3.29(3.26)  Batch time: 3.29(3.30)
2025-03-28 02:16:26,275   INFO  Save latest model to /OpenPCDet/output/nuscenes_models/cbgs_voxel01_res3d_centerpoint_uncertainty/shifted_bounded_uncertainty/ckpt/latest_model
2025-03-28 02:18:35,292   INFO  Train:   26/30 ( 87%) [ 949/3862 ( 25%)]  Loss: -11.29 (-11.4)  LR: 4.875e-04  Time cost: 52:11/2:40:01 [88:56:28/16:48:41]  Acc_iter 97500       Data time: 0.00(0.04)  Forward time: 3.44(3.26)  Batch time: 3.45(3.30)
2025-03-28 02:18:36,320   INFO  
2025-03-28 02:21:23,853   INFO  Train:   26/30 ( 87%) [ 999/3862 ( 26%)]  Loss: -11.28 (-11.4)  LR: 4.850e-04  Time cost: 54:59/2:37:27 [88:59:16/16:47:05]  Acc_iter 97550       Data time: 0.00(0.04)  Forward time: 3.59(3.26)  Batch time: 3.60(3.30)
2025-03-28 02:21:27,658   INFO  Save latest model to /OpenPCDet/output/nuscenes_models/cbgs_voxel01_res3d_centerpoint_uncertainty/shifted_bounded_uncertainty/ckpt/latest_model
2025-03-28 02:24:13,726   INFO  Train:   26/30 ( 87%) [1049/3862 ( 27%)]  Loss: -11.89 (-11.4)  LR: 4.825e-04  Time cost: 57:49/2:34:55 [89:02:06/16:45:45]  Acc_iter 97600       Data time: 0.00(0.04)  Forward time: 3.27(3.27)  Batch time: 3.27(3.30)
2025-03-28 02:26:25,429   INFO  Save latest model to /OpenPCDet/output/nuscenes_models/cbgs_voxel01_res3d_centerpoint_uncertainty/shifted_bounded_uncertainty/ckpt/latest_model
2025-03-28 02:27:01,046   INFO  Train:   26/30 ( 87%) [1099/3862 ( 28%)]  Loss: -10.89 (-11.4)  LR: 4.800e-04  Time cost: 1:00:37/2:32:15 [89:04:54/16:43:34]  Acc_iter 97650       Data time: 0.01(0.04)  Forward time: 2.91(3.27)  Batch time: 2.92(3.31)
2025-03-28 02:27:02,170   INFO  
2025-03-28 02:29:44,187   INFO  Train:   26/30 ( 87%) [1149/3862 ( 30%)]  Loss: -11.31 (-11.4)  LR: 4.775e-04  Time cost: 1:03:20/2:29:25 [89:07:37/16:40:14]  Acc_iter 97700       Data time: 0.01(0.03)  Forward time: 4.01(3.27)  Batch time: 4.03(3.30)
2025-03-28 02:31:25,321   INFO  Save latest model to /OpenPCDet/output/nuscenes_models/cbgs_voxel01_res3d_centerpoint_uncertainty/shifted_bounded_uncertainty/ckpt/latest_model
2025-03-28 02:32:31,304   INFO  Train:   26/30 ( 87%) [1199/3862 ( 31%)]  Loss: -11.69 (-11.4)  LR: 4.750e-04  Time cost: 1:06:07/2:26:44 [89:10:24/16:37:57]  Acc_iter 97750       Data time: 0.00(0.03)  Forward time: 3.56(3.27)  Batch time: 3.57(3.31)
2025-03-28 02:35:19,173   INFO  Train:   26/30 ( 87%) [1249/3862 ( 32%)]  Loss: -11.82 (-11.4)  LR: 4.726e-04  Time cost: 1:08:55/2:24:04 [89:13:12/16:35:49]  Acc_iter 97800       Data time: 0.01(0.03)  Forward time: 3.52(3.28)  Batch time: 3.53(3.31)
2025-03-28 02:35:20,881   INFO  
2025-03-28 02:36:27,373   INFO  Save latest model to /OpenPCDet/output/nuscenes_models/cbgs_voxel01_res3d_centerpoint_uncertainty/shifted_bounded_uncertainty/ckpt/latest_model
2025-03-28 02:38:13,091   INFO  Train:   26/30 ( 87%) [1299/3862 ( 34%)]  Loss: -11.45 (-11.4)  LR: 4.701e-04  Time cost: 1:11:49/2:21:35 [89:16:06/16:35:02]  Acc_iter 97850       Data time: 0.01(0.03)  Forward time: 3.59(3.28)  Batch time: 3.59(3.31)
2025-03-28 02:40:57,792   INFO  Train:   26/30 ( 87%) [1349/3862 ( 35%)]  Loss: -11.02 (-11.4)  LR: 4.676e-04  Time cost: 1:14:33/2:18:48 [89:18:50/16:32:02]  Acc_iter 97900       Data time: 0.02(0.03)  Forward time: 3.60(3.28)  Batch time: 3.62(3.31)
2025-03-28 02:41:26,623   INFO  Save latest model to /OpenPCDet/output/nuscenes_models/cbgs_voxel01_res3d_centerpoint_uncertainty/shifted_bounded_uncertainty/ckpt/latest_model
2025-03-28 02:43:39,816   INFO  Train:   26/30 ( 87%) [1399/3862 ( 36%)]  Loss: -11.96 (-11.4)  LR: 4.652e-04  Time cost: 1:17:15/2:15:55 [89:21:32/16:28:29]  Acc_iter 97950       Data time: 0.00(0.03)  Forward time: 2.54(3.28)  Batch time: 2.55(3.31)
2025-03-28 02:43:40,890   INFO  
2025-03-28 02:46:26,825   INFO  Train:   26/30 ( 87%) [1449/3862 ( 38%)]  Loss: -11.50 (-11.4)  LR: 4.627e-04  Time cost: 1:20:02/2:13:12 [89:24:19/16:26:02]  Acc_iter 98000       Data time: 0.01(0.03)  Forward time: 3.21(3.28)  Batch time: 3.22(3.31)
2025-03-28 02:46:27,245   INFO  Save latest model to /OpenPCDet/output/nuscenes_models/cbgs_voxel01_res3d_centerpoint_uncertainty/shifted_bounded_uncertainty/ckpt/latest_model
2025-03-28 02:49:08,786   INFO  Train:   26/30 ( 87%) [1499/3862 ( 39%)]  Loss: -11.38 (-11.4)  LR: 4.603e-04  Time cost: 1:22:44/2:10:21 [89:27:01/16:22:32]  Acc_iter 98050       Data time: 0.00(0.03)  Forward time: 3.12(3.28)  Batch time: 3.12(3.31)
2025-03-28 02:51:24,701   INFO  Save latest model to /OpenPCDet/output/nuscenes_models/cbgs_voxel01_res3d_centerpoint_uncertainty/shifted_bounded_uncertainty/ckpt/latest_model
2025-03-28 02:51:50,442   INFO  Train:   26/30 ( 87%) [1549/3862 ( 40%)]  Loss: -11.45 (-11.4)  LR: 4.578e-04  Time cost: 1:25:26/2:07:30 [89:29:43/16:19:03]  Acc_iter 98100       Data time: 0.00(0.03)  Forward time: 3.20(3.28)  Batch time: 3.21(3.31)
2025-03-28 02:51:51,403   INFO  
2025-03-28 02:54:40,261   INFO  Train:   26/30 ( 87%) [1599/3862 ( 41%)]  Loss: -11.36 (-11.4)  LR: 4.554e-04  Time cost: 1:28:16/2:04:51 [89:32:33/16:17:07]  Acc_iter 98150       Data time: 0.00(0.03)  Forward time: 4.07(3.28)  Batch time: 4.08(3.31)
2025-03-28 02:56:25,185   INFO  Save latest model to /OpenPCDet/output/nuscenes_models/cbgs_voxel01_res3d_centerpoint_uncertainty/shifted_bounded_uncertainty/ckpt/latest_model
2025-03-28 02:57:28,690   INFO  Train:   26/30 ( 87%) [1649/3862 ( 43%)]  Loss: -11.78 (-11.4)  LR: 4.530e-04  Time cost: 1:31:04/2:02:09 [89:35:21/16:14:53]  Acc_iter 98200       Data time: 0.00(0.03)  Forward time: 4.09(3.28)  Batch time: 4.10(3.31)
2025-03-28 03:00:15,819   INFO  Train:   26/30 ( 87%) [1699/3862 ( 44%)]  Loss: -11.00 (-11.4)  LR: 4.505e-04  Time cost: 1:33:51/1:59:25 [89:38:08/16:12:23]  Acc_iter 98250       Data time: 0.00(0.03)  Forward time: 3.43(3.28)  Batch time: 3.43(3.31)
2025-03-28 03:00:17,031   INFO  
2025-03-28 03:01:27,738   INFO  Save latest model to /OpenPCDet/output/nuscenes_models/cbgs_voxel01_res3d_centerpoint_uncertainty/shifted_bounded_uncertainty/ckpt/latest_model
2025-03-28 03:03:03,410   INFO  Train:   26/30 ( 87%) [1749/3862 ( 45%)]  Loss: -10.95 (-11.5)  LR: 4.481e-04  Time cost: 1:36:39/1:56:42 [89:40:56/16:09:57]  Acc_iter 98300       Data time: 0.00(0.03)  Forward time: 2.72(3.28)  Batch time: 2.72(3.31)
2025-03-28 03:05:44,702   INFO  Train:   26/30 ( 87%) [1799/3862 ( 47%)]  Loss: -11.88 (-11.5)  LR: 4.457e-04  Time cost: 1:39:20/1:53:51 [89:43:37/16:06:28]  Acc_iter 98350       Data time: 0.00(0.03)  Forward time: 2.96(3.28)  Batch time: 2.96(3.31)
2025-03-28 03:06:24,774   INFO  Save latest model to /OpenPCDet/output/nuscenes_models/cbgs_voxel01_res3d_centerpoint_uncertainty/shifted_bounded_uncertainty/ckpt/latest_model
2025-03-28 03:08:26,094   INFO  Train:   26/30 ( 87%) [1849/3862 ( 48%)]  Loss: -11.43 (-11.5)  LR: 4.433e-04  Time cost: 1:42:02/1:51:01 [89:46:19/16:03:03]  Acc_iter 98400       Data time: 0.00(0.03)  Forward time: 3.37(3.28)  Batch time: 3.37(3.31)
2025-03-28 03:08:26,973   INFO  
2025-03-28 03:11:04,857   INFO  Train:   26/30 ( 87%) [1899/3862 ( 49%)]  Loss: -11.11 (-11.5)  LR: 4.409e-04  Time cost: 1:44:40/1:48:09 [89:48:57/15:59:16]  Acc_iter 98450       Data time: 0.00(0.03)  Forward time: 3.69(3.28)  Batch time: 3.69(3.31)
2025-03-28 03:11:24,546   INFO  Save latest model to /OpenPCDet/output/nuscenes_models/cbgs_voxel01_res3d_centerpoint_uncertainty/shifted_bounded_uncertainty/ckpt/latest_model
2025-03-28 03:13:39,761   INFO  Train:   26/30 ( 87%) [1949/3862 ( 50%)]  Loss: -10.75 (-11.5)  LR: 4.385e-04  Time cost: 1:47:15/1:45:13 [89:51:32/15:54:58]  Acc_iter 98500       Data time: 0.00(0.03)  Forward time: 3.68(3.27)  Batch time: 3.68(3.30)
2025-03-28 03:16:16,463   INFO  Train:   26/30 ( 87%) [1999/3862 ( 52%)]  Loss: -11.32 (-11.5)  LR: 4.361e-04  Time cost: 1:49:52/1:42:20 [89:54:09/15:51:01]  Acc_iter 98550       Data time: 0.01(0.03)  Forward time: 3.04(3.27)  Batch time: 3.05(3.30)
2025-03-28 03:16:17,488   INFO  
2025-03-28 03:16:26,581   INFO  Save latest model to /OpenPCDet/output/nuscenes_models/cbgs_voxel01_res3d_centerpoint_uncertainty/shifted_bounded_uncertainty/ckpt/latest_model
2025-03-28 03:18:57,585   INFO  Train:   26/30 ( 87%) [2049/3862 ( 53%)]  Loss: -11.49 (-11.5)  LR: 4.337e-04  Time cost: 1:52:33/1:39:32 [89:56:50/15:47:45]  Acc_iter 98600       Data time: 0.00(0.03)  Forward time: 3.37(3.27)  Batch time: 3.37(3.29)
2025-03-28 03:21:26,867   INFO  Save latest model to /OpenPCDet/output/nuscenes_models/cbgs_voxel01_res3d_centerpoint_uncertainty/shifted_bounded_uncertainty/ckpt/latest_model
2025-03-28 03:21:39,371   INFO  Train:   26/30 ( 87%) [2099/3862 ( 54%)]  Loss: -12.53 (-11.5)  LR: 4.313e-04  Time cost: 1:55:15/1:36:45 [89:59:32/15:44:37]  Acc_iter 98650       Data time: 0.00(0.03)  Forward time: 3.45(3.27)  Batch time: 3.46(3.29)
2025-03-28 03:24:19,068   INFO  Train:   26/30 ( 87%) [2149/3862 ( 56%)]  Loss: -10.88 (-11.5)  LR: 4.290e-04  Time cost: 1:57:55/1:33:57 [90:02:12/15:41:12]  Acc_iter 98700       Data time: 0.00(0.03)  Forward time: 3.42(3.26)  Batch time: 3.42(3.29)
2025-03-28 03:24:20,128   INFO  
2025-03-28 03:26:27,387   INFO  Save latest model to /OpenPCDet/output/nuscenes_models/cbgs_voxel01_res3d_centerpoint_uncertainty/shifted_bounded_uncertainty/ckpt/latest_model
2025-03-28 03:27:04,001   INFO  Train:   26/30 ( 87%) [2199/3862 ( 57%)]  Loss: -11.63 (-11.5)  LR: 4.266e-04  Time cost: 2:00:40/1:31:12 [90:04:57/15:38:31]  Acc_iter 98750       Data time: 0.00(0.03)  Forward time: 3.67(3.26)  Batch time: 3.67(3.29)
2025-03-28 03:29:50,911   INFO  Train:   26/30 ( 87%) [2249/3862 ( 58%)]  Loss: -11.12 (-11.5)  LR: 4.242e-04  Time cost: 2:03:27/1:28:30 [90:07:44/15:36:04]  Acc_iter 98800       Data time: 0.00(0.03)  Forward time: 3.26(3.27)  Batch time: 3.27(3.29)
2025-03-28 03:31:26,907   INFO  Save latest model to /OpenPCDet/output/nuscenes_models/cbgs_voxel01_res3d_centerpoint_uncertainty/shifted_bounded_uncertainty/ckpt/latest_model
2025-03-28 03:32:42,437   INFO  Train:   26/30 ( 87%) [2299/3862 ( 60%)]  Loss: -10.82 (-11.5)  LR: 4.219e-04  Time cost: 2:06:18/1:25:50 [90:10:35/15:34:11]  Acc_iter 98850       Data time: 0.02(0.03)  Forward time: 3.03(3.27)  Batch time: 3.05(3.30)
2025-03-28 03:32:43,472   INFO  
2025-03-28 03:35:27,364   INFO  Train:   26/30 ( 87%) [2349/3862 ( 61%)]  Loss: -11.87 (-11.5)  LR: 4.195e-04  Time cost: 2:09:03/1:23:05 [90:13:20/15:31:28]  Acc_iter 98900       Data time: 0.00(0.03)  Forward time: 2.73(3.27)  Batch time: 2.74(3.30)
2025-03-28 03:36:27,501   INFO  Save latest model to /OpenPCDet/output/nuscenes_models/cbgs_voxel01_res3d_centerpoint_uncertainty/shifted_bounded_uncertainty/ckpt/latest_model
2025-03-28 03:38:14,918   INFO  Train:   26/30 ( 87%) [2399/3862 ( 62%)]  Loss: -11.81 (-11.5)  LR: 4.172e-04  Time cost: 2:11:51/1:20:22 [90:16:08/15:29:02]  Acc_iter 98950       Data time: 0.00(0.03)  Forward time: 3.47(3.27)  Batch time: 3.47(3.30)
2025-03-28 03:41:03,486   INFO  Train:   26/30 ( 87%) [2449/3862 ( 63%)]  Loss: -11.97 (-11.5)  LR: 4.148e-04  Time cost: 2:14:39/1:17:39 [90:18:56/15:26:44]  Acc_iter 99000       Data time: 0.01(0.03)  Forward time: 3.23(3.27)  Batch time: 3.24(3.30)
2025-03-28 03:41:04,437   INFO  
2025-03-28 03:41:25,434   INFO  Save latest model to /OpenPCDet/output/nuscenes_models/cbgs_voxel01_res3d_centerpoint_uncertainty/shifted_bounded_uncertainty/ckpt/latest_model
2025-03-28 03:43:51,782   INFO  Train:   26/30 ( 87%) [2499/3862 ( 65%)]  Loss: -11.28 (-11.5)  LR: 4.125e-04  Time cost: 2:17:27/1:14:56 [90:21:44/15:24:22]  Acc_iter 99050       Data time: 0.00(0.03)  Forward time: 4.46(3.27)  Batch time: 4.46(3.30)
2025-03-28 03:46:24,931   INFO  Save latest model to /OpenPCDet/output/nuscenes_models/cbgs_voxel01_res3d_centerpoint_uncertainty/shifted_bounded_uncertainty/ckpt/latest_model
2025-03-28 03:46:28,174   INFO  Train:   26/30 ( 87%) [2549/3862 ( 66%)]  Loss: -11.46 (-11.5)  LR: 4.102e-04  Time cost: 2:20:04/1:12:07 [90:24:21/15:20:40]  Acc_iter 99100       Data time: 0.33(0.03)  Forward time: 3.24(3.27)  Batch time: 3.57(3.30)
2025-03-28 03:49:08,460   INFO  Train:   26/30 ( 87%) [2599/3862 ( 67%)]  Loss: -11.78 (-11.5)  LR: 4.078e-04  Time cost: 2:22:44/1:09:20 [90:27:01/15:17:27]  Acc_iter 99150       Data time: 0.00(0.02)  Forward time: 3.28(3.27)  Batch time: 3.28(3.29)
2025-03-28 03:49:09,508   INFO  
2025-03-28 03:51:27,296   INFO  Save latest model to /OpenPCDet/output/nuscenes_models/cbgs_voxel01_res3d_centerpoint_uncertainty/shifted_bounded_uncertainty/ckpt/latest_model
2025-03-28 03:51:50,640   INFO  Train:   26/30 ( 87%) [2649/3862 ( 69%)]  Loss: -11.28 (-11.5)  LR: 4.055e-04  Time cost: 2:25:26/1:06:34 [90:29:43/15:14:26]  Acc_iter 99200       Data time: 0.00(0.02)  Forward time: 3.36(3.27)  Batch time: 3.37(3.29)
2025-03-28 03:54:33,280   INFO  Train:   26/30 ( 87%) [2699/3862 ( 70%)]  Loss: -11.26 (-11.5)  LR: 4.032e-04  Time cost: 2:28:09/1:03:49 [90:32:26/15:11:29]  Acc_iter 99250       Data time: 0.00(0.02)  Forward time: 2.67(3.27)  Batch time: 2.68(3.29)
2025-03-28 03:56:27,692   INFO  Save latest model to /OpenPCDet/output/nuscenes_models/cbgs_voxel01_res3d_centerpoint_uncertainty/shifted_bounded_uncertainty/ckpt/latest_model
2025-03-28 03:57:16,439   INFO  Train:   26/30 ( 87%) [2749/3862 ( 71%)]  Loss: -11.34 (-11.5)  LR: 4.009e-04  Time cost: 2:30:52/1:01:03 [90:35:09/15:08:36]  Acc_iter 99300       Data time: 0.00(0.02)  Forward time: 2.98(3.27)  Batch time: 2.98(3.29)
2025-03-28 03:57:17,448   INFO  
2025-03-28 04:00:02,837   INFO  Train:   26/30 ( 87%) [2799/3862 ( 72%)]  Loss: -12.27 (-11.5)  LR: 3.986e-04  Time cost: 2:33:38/58:19 [90:37:55/15:06:02]  Acc_iter 99350       Data time: 0.00(0.02)  Forward time: 2.70(3.27)  Batch time: 2.70(3.29)
2025-03-28 04:01:27,101   INFO  Save latest model to /OpenPCDet/output/nuscenes_models/cbgs_voxel01_res3d_centerpoint_uncertainty/shifted_bounded_uncertainty/ckpt/latest_model
2025-03-28 04:02:38,868   INFO  Train:   26/30 ( 87%) [2849/3862 ( 74%)]  Loss: -11.42 (-11.5)  LR: 3.963e-04  Time cost: 2:36:14/55:32 [90:40:31/15:02:27]  Acc_iter 99400       Data time: 0.00(0.02)  Forward time: 3.44(3.27)  Batch time: 3.44(3.29)
2025-03-28 04:05:19,861   INFO  Train:   26/30 ( 87%) [2899/3862 ( 75%)]  Loss: -11.24 (-11.5)  LR: 3.940e-04  Time cost: 2:38:55/52:46 [90:43:12/14:59:23]  Acc_iter 99450       Data time: 0.00(0.02)  Forward time: 3.39(3.26)  Batch time: 3.39(3.29)
2025-03-28 04:05:20,965   INFO  
2025-03-28 04:06:26,152   INFO  Save latest model to /OpenPCDet/output/nuscenes_models/cbgs_voxel01_res3d_centerpoint_uncertainty/shifted_bounded_uncertainty/ckpt/latest_model
2025-03-28 04:07:56,774   INFO  Train:   26/30 ( 87%) [2949/3862 ( 76%)]  Loss: -10.99 (-11.5)  LR: 3.917e-04  Time cost: 2:41:32/49:59 [90:45:49/14:55:57]  Acc_iter 99500       Data time: 0.03(0.02)  Forward time: 4.34(3.26)  Batch time: 4.37(3.29)
2025-03-28 04:10:44,855   INFO  Train:   26/30 ( 87%) [2999/3862 ( 78%)]  Loss: -12.02 (-11.5)  LR: 3.894e-04  Time cost: 2:44:20/47:16 [90:48:37/14:53:33]  Acc_iter 99550       Data time: 0.00(0.02)  Forward time: 3.51(3.26)  Batch time: 3.51(3.29)
2025-03-28 04:11:26,266   INFO  Save latest model to /OpenPCDet/output/nuscenes_models/cbgs_voxel01_res3d_centerpoint_uncertainty/shifted_bounded_uncertainty/ckpt/latest_model
2025-03-28 04:13:28,206   INFO  Train:   26/30 ( 87%) [3049/3862 ( 79%)]  Loss: -11.06 (-11.5)  LR: 3.872e-04  Time cost: 2:47:04/44:32 [90:51:21/14:50:44]  Acc_iter 99600       Data time: 0.00(0.02)  Forward time: 2.85(3.26)  Batch time: 2.85(3.29)
2025-03-28 04:13:29,170   INFO  
2025-03-28 04:16:12,533   INFO  Train:   26/30 ( 87%) [3099/3862 ( 80%)]  Loss: -11.15 (-11.5)  LR: 3.849e-04  Time cost: 2:49:48/41:47 [90:54:05/14:47:59]  Acc_iter 99650       Data time: 0.00(0.02)  Forward time: 3.14(3.26)  Batch time: 3.14(3.29)
2025-03-28 04:16:25,688   INFO  Save latest model to /OpenPCDet/output/nuscenes_models/cbgs_voxel01_res3d_centerpoint_uncertainty/shifted_bounded_uncertainty/ckpt/latest_model
2025-03-28 04:18:51,090   INFO  Train:   26/30 ( 87%) [3149/3862 ( 82%)]  Loss: -11.75 (-11.5)  LR: 3.826e-04  Time cost: 2:52:27/39:02 [90:56:44/14:44:45]  Acc_iter 99700       Data time: 0.00(0.02)  Forward time: 3.91(3.26)  Batch time: 3.92(3.28)
2025-03-28 04:21:27,218   INFO  Save latest model to /OpenPCDet/output/nuscenes_models/cbgs_voxel01_res3d_centerpoint_uncertainty/shifted_bounded_uncertainty/ckpt/latest_model
2025-03-28 04:21:33,219   INFO  Train:   26/30 ( 87%) [3199/3862 ( 83%)]  Loss: -11.52 (-11.5)  LR: 3.804e-04  Time cost: 2:55:09/36:17 [90:59:26/14:41:51]  Acc_iter 99750       Data time: 0.00(0.02)  Forward time: 2.81(3.26)  Batch time: 2.82(3.28)
2025-03-28 04:21:34,262   INFO  
2025-03-28 04:24:20,537   INFO  Train:   26/30 ( 87%) [3249/3862 ( 84%)]  Loss: -11.68 (-11.5)  LR: 3.781e-04  Time cost: 2:57:56/33:33 [91:02:13/14:39:22]  Acc_iter 99800       Data time: 0.01(0.02)  Forward time: 3.56(3.26)  Batch time: 3.57(3.29)
2025-03-28 04:26:26,251   INFO  Save latest model to /OpenPCDet/output/nuscenes_models/cbgs_voxel01_res3d_centerpoint_uncertainty/shifted_bounded_uncertainty/ckpt/latest_model
2025-03-28 04:27:13,663   INFO  Train:   26/30 ( 87%) [3299/3862 ( 85%)]  Loss: -11.47 (-11.5)  LR: 3.759e-04  Time cost: 3:00:49/30:51 [91:05:06/14:37:21]  Acc_iter 99850       Data time: 0.01(0.02)  Forward time: 3.62(3.26)  Batch time: 3.62(3.29)
2025-03-28 04:29:58,399   INFO  Train:   26/30 ( 87%) [3349/3862 ( 87%)]  Loss: -12.20 (-11.5)  LR: 3.736e-04  Time cost: 3:03:34/28:06 [91:07:51/14:34:38]  Acc_iter 99900       Data time: 0.00(0.02)  Forward time: 3.23(3.26)  Batch time: 3.23(3.29)
2025-03-28 04:29:59,521   INFO  
2025-03-28 04:31:27,962   INFO  Save latest model to /OpenPCDet/output/nuscenes_models/cbgs_voxel01_res3d_centerpoint_uncertainty/shifted_bounded_uncertainty/ckpt/latest_model
2025-03-28 04:32:44,900   INFO  Train:   26/30 ( 87%) [3399/3862 ( 88%)]  Loss: -11.58 (-11.5)  LR: 3.714e-04  Time cost: 3:06:20/25:22 [91:10:38/14:32:03]  Acc_iter 99950       Data time: 0.00(0.02)  Forward time: 3.21(3.27)  Batch time: 3.21(3.29)
2025-03-28 04:35:25,804   INFO  Train:   26/30 ( 87%) [3449/3862 ( 89%)]  Loss: -11.31 (-11.5)  LR: 3.692e-04  Time cost: 3:09:01/22:37 [91:13:18/14:29:03]  Acc_iter 100000      Data time: 0.00(0.02)  Forward time: 3.12(3.26)  Batch time: 3.13(3.29)
2025-03-28 04:36:26,828   INFO  Save latest model to /OpenPCDet/output/nuscenes_models/cbgs_voxel01_res3d_centerpoint_uncertainty/shifted_bounded_uncertainty/ckpt/latest_model
2025-03-28 04:38:15,118   INFO  Train:   26/30 ( 87%) [3499/3862 ( 91%)]  Loss: -12.29 (-11.5)  LR: 3.669e-04  Time cost: 3:11:51/19:53 [91:16:08/14:26:41]  Acc_iter 100050      Data time: 0.00(0.02)  Forward time: 3.39(3.27)  Batch time: 3.40(3.29)
2025-03-28 04:38:16,137   INFO  
2025-03-28 04:41:02,207   INFO  Train:   26/30 ( 87%) [3549/3862 ( 92%)]  Loss: -12.21 (-11.5)  LR: 3.647e-04  Time cost: 3:14:38/17:09 [91:18:55/14:24:08]  Acc_iter 100100      Data time: 0.01(0.02)  Forward time: 3.25(3.27)  Batch time: 3.25(3.29)
2025-03-28 04:41:26,243   INFO  Save latest model to /OpenPCDet/output/nuscenes_models/cbgs_voxel01_res3d_centerpoint_uncertainty/shifted_bounded_uncertainty/ckpt/latest_model
2025-03-28 04:43:49,414   INFO  Train:   26/30 ( 87%) [3599/3862 ( 93%)]  Loss: -12.01 (-11.5)  LR: 3.625e-04  Time cost: 3:17:25/14:25 [91:21:42/14:21:35]  Acc_iter 100150      Data time: 0.01(0.02)  Forward time: 3.56(3.27)  Batch time: 3.56(3.29)
2025-03-28 04:46:25,020   INFO  Save latest model to /OpenPCDet/output/nuscenes_models/cbgs_voxel01_res3d_centerpoint_uncertainty/shifted_bounded_uncertainty/ckpt/latest_model
2025-03-28 04:46:37,588   INFO  Train:   26/30 ( 87%) [3649/3862 ( 94%)]  Loss: -10.95 (-11.5)  LR: 3.603e-04  Time cost: 3:20:13/11:41 [91:24:30/14:19:06]  Acc_iter 100200      Data time: 0.00(0.02)  Forward time: 3.04(3.27)  Batch time: 3.05(3.29)
2025-03-28 04:46:38,712   INFO  
2025-03-28 04:49:27,579   INFO  Train:   26/30 ( 87%) [3699/3862 ( 96%)]  Loss: -11.52 (-11.5)  LR: 3.581e-04  Time cost: 3:23:03/08:56 [91:27:20/14:16:45]  Acc_iter 100250      Data time: 0.01(0.02)  Forward time: 3.40(3.27)  Batch time: 3.41(3.29)
2025-03-28 04:51:25,703   INFO  Save latest model to /OpenPCDet/output/nuscenes_models/cbgs_voxel01_res3d_centerpoint_uncertainty/shifted_bounded_uncertainty/ckpt/latest_model
2025-03-28 04:52:11,613   INFO  Train:   26/30 ( 87%) [3749/3862 ( 97%)]  Loss: -11.97 (-11.5)  LR: 3.559e-04  Time cost: 3:25:47/06:12 [91:30:04/14:13:58]  Acc_iter 100300      Data time: 0.00(0.02)  Forward time: 2.73(3.27)  Batch time: 2.74(3.29)
2025-03-28 04:54:55,524   INFO  Train:   26/30 ( 87%) [3799/3862 ( 98%)]  Loss: -11.56 (-11.5)  LR: 3.537e-04  Time cost: 3:28:31/03:27 [91:32:48/14:11:10]  Acc_iter 100350      Data time: 0.01(0.02)  Forward time: 2.84(3.27)  Batch time: 2.84(3.29)
2025-03-28 04:54:56,629   INFO  
2025-03-28 04:56:25,040   INFO  Save latest model to /OpenPCDet/output/nuscenes_models/cbgs_voxel01_res3d_centerpoint_uncertainty/shifted_bounded_uncertainty/ckpt/latest_model
2025-03-28 04:57:50,916   INFO  Train:   26/30 ( 87%) [3849/3862 (100%)]  Loss: -11.64 (-11.5)  LR: 3.515e-04  Time cost: 3:31:27/00:42 [91:35:44/14:09:09]  Acc_iter 100400      Data time: 0.00(0.02)  Forward time: 4.35(3.27)  Batch time: 4.35(3.30)
2025-03-28 04:58:24,212   INFO  Train:   26/30 ( 87%) [3861/3862 (100%)]  Loss: -11.94 (-11.5)  LR: 3.510e-04  Time cost: 3:32:00/00:03 [91:36:17/14:08:04]  Acc_iter 100412      Data time: 0.00(0.02)  Forward time: 2.18(3.27)  Batch time: 2.18(3.29)
2025-03-28 04:58:50,080   INFO  Train:   27/30 ( 90%) [   0/3862 (  0%)]  Loss: -12.05 (-12.1)  LR: 3.510e-04  Time cost: 00:22/24:17:58 [91:36:43/97:11:54]  Acc_iter 100413      Data time: 19.34(19.34)  Forward time: 3.31(3.31)  Batch time: 22.65(22.65)
2025-03-28 05:01:01,062   INFO  Train:   27/30 ( 90%) [  37/3862 (  1%)]  Loss: -11.71 (-11.5)  LR: 3.493e-04  Time cost: 02:33/4:17:44 [91:38:54/17:18:26]  Acc_iter 100450      Data time: 0.00(0.51)  Forward time: 3.53(3.53)  Batch time: 3.54(4.04)
2025-03-28 05:03:30,908   INFO  Save latest model to /OpenPCDet/output/nuscenes_models/cbgs_voxel01_res3d_centerpoint_uncertainty/shifted_bounded_uncertainty/ckpt/latest_model
2025-03-28 05:03:55,476   INFO  Train:   27/30 ( 90%) [  87/3862 (  2%)]  Loss: -11.29 (-11.5)  LR: 3.472e-04  Time cost: 05:28/3:54:32 [91:41:48/15:54:22]  Acc_iter 100500      Data time: 0.00(0.23)  Forward time: 2.61(3.50)  Batch time: 2.61(3.73)
2025-03-28 05:03:56,670   INFO  
2025-03-28 05:06:39,644   INFO  Train:   27/30 ( 90%) [ 137/3862 (  4%)]  Loss: -11.63 (-11.5)  LR: 3.450e-04  Time cost: 08:12/3:41:26 [91:44:32/15:10:10]  Acc_iter 100550      Data time: 0.00(0.16)  Forward time: 2.49(3.41)  Batch time: 2.49(3.57)
2025-03-28 05:08:29,449   INFO  Save latest model to /OpenPCDet/output/nuscenes_models/cbgs_voxel01_res3d_centerpoint_uncertainty/shifted_bounded_uncertainty/ckpt/latest_model
2025-03-28 05:09:12,289   INFO  Train:   27/30 ( 90%) [ 187/3862 (  5%)]  Loss: -11.54 (-11.6)  LR: 3.429e-04  Time cost: 10:44/3:30:05 [91:47:05/14:32:26]  Acc_iter 100600      Data time: 0.00(0.12)  Forward time: 3.05(3.31)  Batch time: 3.05(3.43)
2025-03-28 05:11:44,221   INFO  Train:   27/30 ( 90%) [ 237/3862 (  6%)]  Loss: -12.14 (-11.6)  LR: 3.407e-04  Time cost: 13:16/3:22:16 [91:49:37/14:08:44]  Acc_iter 100650      Data time: 0.00(0.10)  Forward time: 2.76(3.25)  Batch time: 2.76(3.35)
2025-03-28 05:11:45,511   INFO  
2025-03-28 05:13:30,655   INFO  Save latest model to /OpenPCDet/output/nuscenes_models/cbgs_voxel01_res3d_centerpoint_uncertainty/shifted_bounded_uncertainty/ckpt/latest_model
2025-03-28 05:14:31,845   INFO  Train:   27/30 ( 90%) [ 287/3862 (  7%)]  Loss: -11.90 (-11.6)  LR: 3.386e-04  Time cost: 16:04/3:19:31 [91:52:24/14:06:09]  Acc_iter 100700      Data time: 0.00(0.09)  Forward time: 3.53(3.26)  Batch time: 3.54(3.35)
2025-03-28 05:17:17,483   INFO  Train:   27/30 ( 90%) [ 337/3862 (  9%)]  Loss: -11.86 (-11.6)  LR: 3.364e-04  Time cost: 18:50/3:16:25 [91:55:10/14:02:01]  Acc_iter 100750      Data time: 0.00(0.07)  Forward time: 3.41(3.27)  Batch time: 3.42(3.34)
2025-03-28 05:18:29,204   INFO  Save latest model to /OpenPCDet/output/nuscenes_models/cbgs_voxel01_res3d_centerpoint_uncertainty/shifted_bounded_uncertainty/ckpt/latest_model
2025-03-28 05:19:57,674   INFO  Train:   27/30 ( 90%) [ 387/3862 ( 10%)]  Loss: -11.34 (-11.6)  LR: 3.343e-04  Time cost: 21:30/3:12:35 [91:57:50/13:54:43]  Acc_iter 100800      Data time: 0.00(0.07)  Forward time: 3.00(3.26)  Batch time: 3.01(3.33)
2025-03-28 05:19:58,583   INFO  
2025-03-28 05:22:33,021   INFO  Train:   27/30 ( 90%) [ 437/3862 ( 11%)]  Loss: -11.62 (-11.6)  LR: 3.321e-04  Time cost: 24:05/3:08:24 [92:00:26/13:45:42]  Acc_iter 100850      Data time: 0.00(0.06)  Forward time: 3.07(3.24)  Batch time: 3.07(3.30)
2025-03-28 05:23:31,024   INFO  Save latest model to /OpenPCDet/output/nuscenes_models/cbgs_voxel01_res3d_centerpoint_uncertainty/shifted_bounded_uncertainty/ckpt/latest_model
2025-03-28 05:25:08,969   INFO  Train:   27/30 ( 90%) [ 487/3862 ( 13%)]  Loss: -11.34 (-11.6)  LR: 3.300e-04  Time cost: 26:41/3:04:36 [92:03:02/13:38:19]  Acc_iter 100900      Data time: 0.00(0.06)  Forward time: 3.04(3.22)  Batch time: 3.04(3.28)
2025-03-28 05:27:44,474   INFO  Train:   27/30 ( 90%) [ 537/3862 ( 14%)]  Loss: -11.54 (-11.6)  LR: 3.279e-04  Time cost: 29:17/3:00:59 [92:05:37/13:31:37]  Acc_iter 100950      Data time: 0.01(0.05)  Forward time: 3.37(3.21)  Batch time: 3.38(3.27)
2025-03-28 05:27:45,781   INFO  
2025-03-28 05:28:30,014   INFO  Save latest model to /OpenPCDet/output/nuscenes_models/cbgs_voxel01_res3d_centerpoint_uncertainty/shifted_bounded_uncertainty/ckpt/latest_model
2025-03-28 05:30:29,954   INFO  Train:   27/30 ( 90%) [ 587/3862 ( 15%)]  Loss: -11.36 (-11.6)  LR: 3.258e-04  Time cost: 32:02/2:58:27 [92:08:23/13:29:49]  Acc_iter 101000      Data time: 0.00(0.05)  Forward time: 3.02(3.22)  Batch time: 3.03(3.27)
2025-03-28 05:33:00,003   INFO  Train:   27/30 ( 90%) [ 637/3862 ( 16%)]  Loss: -11.81 (-11.6)  LR: 3.237e-04  Time cost: 34:32/2:54:36 [92:10:53/13:21:54]  Acc_iter 101050      Data time: 0.00(0.05)  Forward time: 2.66(3.20)  Batch time: 2.66(3.25)
2025-03-28 05:33:29,104   INFO  Save latest model to /OpenPCDet/output/nuscenes_models/cbgs_voxel01_res3d_centerpoint_uncertainty/shifted_bounded_uncertainty/ckpt/latest_model
2025-03-28 05:35:34,568   INFO  Train:   27/30 ( 90%) [ 687/3862 ( 18%)]  Loss: -12.13 (-11.6)  LR: 3.216e-04  Time cost: 37:07/2:51:17 [92:13:27/13:16:23]  Acc_iter 101100      Data time: 0.00(0.05)  Forward time: 3.02(3.19)  Batch time: 3.03(3.24)
2025-03-28 05:35:35,507   INFO  
2025-03-28 05:38:17,098   INFO  Train:   27/30 ( 90%) [ 737/3862 ( 19%)]  Loss: -11.95 (-11.6)  LR: 3.195e-04  Time cost: 39:49/2:48:38 [92:16:10/13:13:54]  Acc_iter 101150      Data time: 0.00(0.04)  Forward time: 3.05(3.19)  Batch time: 3.06(3.24)
2025-03-28 05:38:28,596   INFO  Save latest model to /OpenPCDet/output/nuscenes_models/cbgs_voxel01_res3d_centerpoint_uncertainty/shifted_bounded_uncertainty/ckpt/latest_model
2025-03-28 05:40:57,327   INFO  Train:   27/30 ( 90%) [ 787/3862 ( 20%)]  Loss: -11.15 (-11.6)  LR: 3.174e-04  Time cost: 42:29/2:45:50 [92:18:50/13:10:41]  Acc_iter 101200      Data time: 0.00(0.04)  Forward time: 3.07(3.19)  Batch time: 3.07(3.24)
2025-03-28 05:43:28,985   INFO  Save latest model to /OpenPCDet/output/nuscenes_models/cbgs_voxel01_res3d_centerpoint_uncertainty/shifted_bounded_uncertainty/ckpt/latest_model
2025-03-28 05:43:32,406   INFO  Train:   27/30 ( 90%) [ 837/3862 ( 22%)]  Loss: -11.88 (-11.6)  LR: 3.153e-04  Time cost: 45:04/2:42:44 [92:21:25/13:06:02]  Acc_iter 101250      Data time: 0.39(0.04)  Forward time: 3.42(3.19)  Batch time: 3.81(3.23)
2025-03-28 05:43:33,632   INFO  
2025-03-28 05:46:09,080   INFO  Train:   27/30 ( 90%) [ 887/3862 ( 23%)]  Loss: -10.81 (-11.6)  LR: 3.132e-04  Time cost: 47:41/2:39:47 [92:24:02/13:02:03]  Acc_iter 101300      Data time: 0.00(0.04)  Forward time: 3.20(3.18)  Batch time: 3.20(3.22)
2025-03-28 05:48:28,705   INFO  Save latest model to /OpenPCDet/output/nuscenes_models/cbgs_voxel01_res3d_centerpoint_uncertainty/shifted_bounded_uncertainty/ckpt/latest_model
2025-03-28 05:48:46,368   INFO  Train:   27/30 ( 90%) [ 937/3862 ( 24%)]  Loss: -11.55 (-11.6)  LR: 3.112e-04  Time cost: 50:18/2:36:54 [92:26:39/12:58:23]  Acc_iter 101350      Data time: 0.00(0.04)  Forward time: 2.78(3.18)  Batch time: 2.78(3.22)
2025-03-28 05:51:21,547   INFO  Train:   27/30 ( 90%) [ 987/3862 ( 26%)]  Loss: -11.73 (-11.6)  LR: 3.091e-04  Time cost: 52:54/2:33:56 [92:29:14/12:54:18]  Acc_iter 101400      Data time: 0.00(0.04)  Forward time: 3.54(3.18)  Batch time: 3.54(3.21)
2025-03-28 05:51:22,612   INFO  
2025-03-28 05:53:27,863   INFO  Save latest model to /OpenPCDet/output/nuscenes_models/cbgs_voxel01_res3d_centerpoint_uncertainty/shifted_bounded_uncertainty/ckpt/latest_model
2025-03-28 05:54:06,425   INFO  Train:   27/30 ( 90%) [1037/3862 ( 27%)]  Loss: -11.80 (-11.6)  LR: 3.071e-04  Time cost: 55:38/2:31:27 [92:31:59/12:52:36]  Acc_iter 101450      Data time: 0.01(0.04)  Forward time: 4.28(3.18)  Batch time: 4.28(3.22)
2025-03-28 05:56:50,462   INFO  Train:   27/30 ( 90%) [1087/3862 ( 28%)]  Loss: -11.81 (-11.7)  LR: 3.050e-04  Time cost: 58:23/2:28:54 [92:34:43/12:50:38]  Acc_iter 101500      Data time: 0.00(0.03)  Forward time: 2.90(3.18)  Batch time: 2.90(3.22)
2025-03-28 05:58:30,331   INFO  Save latest model to /OpenPCDet/output/nuscenes_models/cbgs_voxel01_res3d_centerpoint_uncertainty/shifted_bounded_uncertainty/ckpt/latest_model
2025-03-28 05:59:36,891   INFO  Train:   27/30 ( 90%) [1137/3862 ( 29%)]  Loss: -11.32 (-11.6)  LR: 3.030e-04  Time cost: 1:01:09/2:26:26 [92:37:30/12:49:05]  Acc_iter 101550      Data time: 0.00(0.03)  Forward time: 3.35(3.19)  Batch time: 3.35(3.22)
2025-03-28 05:59:38,024   INFO  
2025-03-28 06:02:24,419   INFO  Train:   27/30 ( 90%) [1187/3862 ( 31%)]  Loss: -11.38 (-11.6)  LR: 3.009e-04  Time cost: 1:03:56/2:23:59 [92:40:17/12:47:40]  Acc_iter 101600      Data time: 0.00(0.03)  Forward time: 3.27(3.20)  Batch time: 3.28(3.23)
2025-03-28 06:03:29,891   INFO  Save latest model to /OpenPCDet/output/nuscenes_models/cbgs_voxel01_res3d_centerpoint_uncertainty/shifted_bounded_uncertainty/ckpt/latest_model
2025-03-28 06:05:08,026   INFO  Train:   27/30 ( 90%) [1237/3862 ( 32%)]  Loss: -11.87 (-11.6)  LR: 2.989e-04  Time cost: 1:06:40/2:21:22 [92:43:01/12:45:22]  Acc_iter 101650      Data time: 0.00(0.03)  Forward time: 3.16(3.20)  Batch time: 3.17(3.23)
2025-03-28 06:07:55,990   INFO  Train:   27/30 ( 90%) [1287/3862 ( 33%)]  Loss: -11.92 (-11.6)  LR: 2.969e-04  Time cost: 1:09:28/2:18:53 [92:45:49/12:43:51]  Acc_iter 101700      Data time: 0.00(0.03)  Forward time: 3.45(3.20)  Batch time: 3.45(3.24)
2025-03-28 06:07:57,244   INFO  
2025-03-28 06:08:28,964   INFO  Save latest model to /OpenPCDet/output/nuscenes_models/cbgs_voxel01_res3d_centerpoint_uncertainty/shifted_bounded_uncertainty/ckpt/latest_model
2025-03-28 06:10:42,137   INFO  Train:   27/30 ( 90%) [1337/3862 ( 35%)]  Loss: -11.89 (-11.6)  LR: 2.948e-04  Time cost: 1:12:14/2:16:20 [92:48:35/12:41:55]  Acc_iter 101750      Data time: 0.00(0.03)  Forward time: 3.70(3.21)  Batch time: 3.70(3.24)
2025-03-28 06:13:18,751   INFO  Train:   27/30 ( 90%) [1387/3862 ( 36%)]  Loss: -10.05 (-11.6)  LR: 2.928e-04  Time cost: 1:14:51/2:13:28 [92:51:11/12:38:18]  Acc_iter 101800      Data time: 0.00(0.03)  Forward time: 2.51(3.20)  Batch time: 2.52(3.24)
2025-03-28 06:13:29,273   INFO  Save latest model to /OpenPCDet/output/nuscenes_models/cbgs_voxel01_res3d_centerpoint_uncertainty/shifted_bounded_uncertainty/ckpt/latest_model
2025-03-28 06:15:59,423   INFO  Train:   27/30 ( 90%) [1437/3862 ( 37%)]  Loss: -11.27 (-11.6)  LR: 2.908e-04  Time cost: 1:17:31/2:10:44 [92:53:52/12:35:26]  Acc_iter 101850      Data time: 0.02(0.03)  Forward time: 3.26(3.20)  Batch time: 3.28(3.24)
2025-03-28 06:16:00,498   INFO  
2025-03-28 06:18:31,065   INFO  Save latest model to /OpenPCDet/output/nuscenes_models/cbgs_voxel01_res3d_centerpoint_uncertainty/shifted_bounded_uncertainty/ckpt/latest_model
2025-03-28 06:18:40,925   INFO  Train:   27/30 ( 90%) [1487/3862 ( 39%)]  Loss: -11.50 (-11.6)  LR: 2.888e-04  Time cost: 1:20:13/2:08:02 [92:56:34/12:32:42]  Acc_iter 101900      Data time: 0.00(0.03)  Forward time: 3.56(3.20)  Batch time: 3.56(3.23)
2025-03-28 06:21:26,007   INFO  Train:   27/30 ( 90%) [1537/3862 ( 40%)]  Loss: -11.43 (-11.6)  LR: 2.868e-04  Time cost: 1:22:58/2:05:26 [92:59:19/12:30:30]  Acc_iter 101950      Data time: 0.01(0.03)  Forward time: 4.58(3.21)  Batch time: 4.59(3.24)
2025-03-28 06:23:28,160   INFO  Save latest model to /OpenPCDet/output/nuscenes_models/cbgs_voxel01_res3d_centerpoint_uncertainty/shifted_bounded_uncertainty/ckpt/latest_model
2025-03-28 06:24:08,544   INFO  Train:   27/30 ( 90%) [1587/3862 ( 41%)]  Loss: -12.03 (-11.6)  LR: 2.848e-04  Time cost: 1:25:41/2:02:45 [93:02:01/12:27:54]  Acc_iter 102000      Data time: 0.01(0.03)  Forward time: 2.51(3.21)  Batch time: 2.53(3.24)
2025-03-28 06:24:09,428   INFO  
2025-03-28 06:26:56,074   INFO  Train:   27/30 ( 90%) [1637/3862 ( 42%)]  Loss: -11.16 (-11.6)  LR: 2.828e-04  Time cost: 1:28:28/2:00:11 [93:04:49/12:26:00]  Acc_iter 102050      Data time: 0.00(0.03)  Forward time: 3.32(3.21)  Batch time: 3.32(3.24)
2025-03-28 06:28:29,121   INFO  Save latest model to /OpenPCDet/output/nuscenes_models/cbgs_voxel01_res3d_centerpoint_uncertainty/shifted_bounded_uncertainty/ckpt/latest_model
2025-03-28 06:29:39,697   INFO  Train:   27/30 ( 90%) [1687/3862 ( 44%)]  Loss: -11.78 (-11.6)  LR: 2.809e-04  Time cost: 1:31:12/1:57:31 [93:07:32/12:23:31]  Acc_iter 102100      Data time: 0.00(0.03)  Forward time: 3.14(3.21)  Batch time: 3.14(3.24)
2025-03-28 06:32:15,838   INFO  Train:   27/30 ( 90%) [1737/3862 ( 45%)]  Loss: -11.47 (-11.6)  LR: 2.789e-04  Time cost: 1:33:48/1:54:41 [93:10:08/12:20:02]  Acc_iter 102150      Data time: 0.00(0.03)  Forward time: 2.90(3.21)  Batch time: 2.90(3.24)
2025-03-28 06:32:16,921   INFO  
2025-03-28 06:33:30,809   INFO  Save latest model to /OpenPCDet/output/nuscenes_models/cbgs_voxel01_res3d_centerpoint_uncertainty/shifted_bounded_uncertainty/ckpt/latest_model
2025-03-28 06:35:00,405   INFO  Train:   27/30 ( 90%) [1787/3862 ( 46%)]  Loss: -12.03 (-11.6)  LR: 2.769e-04  Time cost: 1:36:32/1:52:02 [93:12:53/12:17:40]  Acc_iter 102200      Data time: 0.00(0.03)  Forward time: 3.04(3.21)  Batch time: 3.04(3.24)
2025-03-28 06:37:44,409   INFO  Train:   27/30 ( 90%) [1837/3862 ( 48%)]  Loss: -11.08 (-11.6)  LR: 2.750e-04  Time cost: 1:39:16/1:49:23 [93:15:37/12:15:13]  Acc_iter 102250      Data time: 0.00(0.03)  Forward time: 3.81(3.21)  Batch time: 3.81(3.24)
2025-03-28 06:38:29,067   INFO  Save latest model to /OpenPCDet/output/nuscenes_models/cbgs_voxel01_res3d_centerpoint_uncertainty/shifted_bounded_uncertainty/ckpt/latest_model
2025-03-28 06:40:33,377   INFO  Train:   27/30 ( 90%) [1887/3862 ( 49%)]  Loss: -11.49 (-11.6)  LR: 2.730e-04  Time cost: 1:42:05/1:46:48 [93:18:26/12:13:21]  Acc_iter 102300      Data time: 0.01(0.03)  Forward time: 3.34(3.22)  Batch time: 3.35(3.24)
2025-03-28 06:40:34,529   INFO  
2025-03-28 06:43:24,054   INFO  Train:   27/30 ( 90%) [1937/3862 ( 50%)]  Loss: -11.49 (-11.6)  LR: 2.711e-04  Time cost: 1:44:56/1:44:14 [93:21:17/12:11:37]  Acc_iter 102350      Data time: 0.01(0.03)  Forward time: 2.63(3.22)  Batch time: 2.64(3.25)
2025-03-28 06:43:30,364   INFO  Save latest model to /OpenPCDet/output/nuscenes_models/cbgs_voxel01_res3d_centerpoint_uncertainty/shifted_bounded_uncertainty/ckpt/latest_model
2025-03-28 06:46:10,391   INFO  Train:   27/30 ( 90%) [1987/3862 ( 51%)]  Loss: -11.65 (-11.6)  LR: 2.691e-04  Time cost: 1:47:42/1:41:35 [93:24:03/12:09:21]  Acc_iter 102400      Data time: 0.00(0.03)  Forward time: 2.59(3.22)  Batch time: 2.59(3.25)
2025-03-28 06:48:28,630   INFO  Save latest model to /OpenPCDet/output/nuscenes_models/cbgs_voxel01_res3d_centerpoint_uncertainty/shifted_bounded_uncertainty/ckpt/latest_model
2025-03-28 06:48:55,480   INFO  Train:   27/30 ( 90%) [2037/3862 ( 53%)]  Loss: -10.99 (-11.6)  LR: 2.672e-04  Time cost: 1:50:28/1:38:55 [93:26:48/12:06:55]  Acc_iter 102450      Data time: 0.02(0.03)  Forward time: 3.49(3.23)  Batch time: 3.51(3.25)
2025-03-28 06:48:56,578   INFO  
2025-03-28 06:51:44,730   INFO  Train:   27/30 ( 90%) [2087/3862 ( 54%)]  Loss: -11.73 (-11.6)  LR: 2.653e-04  Time cost: 1:53:17/1:36:18 [93:29:37/12:04:55]  Acc_iter 102500      Data time: 0.00(0.03)  Forward time: 3.42(3.23)  Batch time: 3.42(3.26)
2025-03-28 06:53:27,997   INFO  Save latest model to /OpenPCDet/output/nuscenes_models/cbgs_voxel01_res3d_centerpoint_uncertainty/shifted_bounded_uncertainty/ckpt/latest_model
2025-03-28 06:54:26,824   INFO  Train:   27/30 ( 90%) [2137/3862 ( 55%)]  Loss: -10.48 (-11.6)  LR: 2.633e-04  Time cost: 1:55:59/1:33:35 [93:32:19/12:02:08]  Acc_iter 102550      Data time: 0.00(0.03)  Forward time: 3.42(3.23)  Batch time: 3.42(3.26)
2025-03-28 06:56:58,736   INFO  Train:   27/30 ( 90%) [2187/3862 ( 57%)]  Loss: -11.36 (-11.7)  LR: 2.614e-04  Time cost: 1:58:31/1:30:43 [93:34:51/11:58:20]  Acc_iter 102600      Data time: 0.01(0.03)  Forward time: 2.69(3.22)  Batch time: 2.69(3.25)
2025-03-28 06:56:59,601   INFO  
2025-03-28 06:58:29,851   INFO  Save latest model to /OpenPCDet/output/nuscenes_models/cbgs_voxel01_res3d_centerpoint_uncertainty/shifted_bounded_uncertainty/ckpt/latest_model
2025-03-28 06:59:40,322   INFO  Train:   27/30 ( 90%) [2237/3862 ( 58%)]  Loss: -11.35 (-11.6)  LR: 2.595e-04  Time cost: 2:01:12/1:28:00 [93:37:33/11:55:32]  Acc_iter 102650      Data time: 0.00(0.03)  Forward time: 3.17(3.22)  Batch time: 3.17(3.25)
2025-03-28 07:02:20,444   INFO  Train:   27/30 ( 90%) [2287/3862 ( 59%)]  Loss: -11.60 (-11.7)  LR: 2.576e-04  Time cost: 2:03:53/1:25:16 [93:40:13/11:52:36]  Acc_iter 102700      Data time: 0.00(0.03)  Forward time: 3.48(3.22)  Batch time: 3.49(3.25)
2025-03-28 07:03:30,349   INFO  Save latest model to /OpenPCDet/output/nuscenes_models/cbgs_voxel01_res3d_centerpoint_uncertainty/shifted_bounded_uncertainty/ckpt/latest_model
2025-03-28 07:04:56,642   INFO  Train:   27/30 ( 90%) [2337/3862 ( 61%)]  Loss: -11.79 (-11.7)  LR: 2.557e-04  Time cost: 2:06:29/1:22:30 [93:42:49/11:49:18]  Acc_iter 102750      Data time: 0.00(0.03)  Forward time: 3.77(3.22)  Batch time: 3.77(3.25)
2025-03-28 07:04:57,495   INFO  
2025-03-28 07:07:43,200   INFO  Train:   27/30 ( 90%) [2387/3862 ( 62%)]  Loss: -11.89 (-11.7)  LR: 2.538e-04  Time cost: 2:09:15/1:19:50 [93:45:36/11:46:59]  Acc_iter 102800      Data time: 0.00(0.03)  Forward time: 2.59(3.22)  Batch time: 2.60(3.25)
2025-03-28 07:08:29,508   INFO  Save latest model to /OpenPCDet/output/nuscenes_models/cbgs_voxel01_res3d_centerpoint_uncertainty/shifted_bounded_uncertainty/ckpt/latest_model
2025-03-28 07:10:28,265   INFO  Train:   27/30 ( 90%) [2437/3862 ( 63%)]  Loss: -11.04 (-11.7)  LR: 2.519e-04  Time cost: 2:12:00/1:17:09 [93:48:21/11:44:31]  Acc_iter 102850      Data time: 0.00(0.03)  Forward time: 2.82(3.22)  Batch time: 2.82(3.25)
2025-03-28 07:13:10,983   INFO  Train:   27/30 ( 90%) [2487/3862 ( 64%)]  Loss: -12.34 (-11.7)  LR: 2.501e-04  Time cost: 2:14:43/1:14:27 [93:51:04/11:41:50]  Acc_iter 102900      Data time: 0.01(0.02)  Forward time: 2.66(3.22)  Batch time: 2.66(3.25)
2025-03-28 07:13:12,209   INFO  
2025-03-28 07:13:30,175   INFO  Save latest model to /OpenPCDet/output/nuscenes_models/cbgs_voxel01_res3d_centerpoint_uncertainty/shifted_bounded_uncertainty/ckpt/latest_model
2025-03-28 07:15:58,736   INFO  Train:   27/30 ( 90%) [2537/3862 ( 66%)]  Loss: -11.27 (-11.7)  LR: 2.482e-04  Time cost: 2:17:31/1:11:47 [93:53:51/11:39:35]  Acc_iter 102950      Data time: 0.00(0.03)  Forward time: 4.06(3.23)  Batch time: 4.07(3.25)
2025-03-28 07:18:29,352   INFO  Save latest model to /OpenPCDet/output/nuscenes_models/cbgs_voxel01_res3d_centerpoint_uncertainty/shifted_bounded_uncertainty/ckpt/latest_model
2025-03-28 07:18:45,367   INFO  Train:   27/30 ( 90%) [2587/3862 ( 67%)]  Loss: -11.34 (-11.7)  LR: 2.463e-04  Time cost: 2:20:17/1:09:07 [93:56:38/11:37:12]  Acc_iter 103000      Data time: 0.01(0.02)  Forward time: 3.80(3.23)  Batch time: 3.80(3.25)
2025-03-28 07:21:30,513   INFO  Train:   27/30 ( 90%) [2637/3862 ( 68%)]  Loss: -11.39 (-11.7)  LR: 2.445e-04  Time cost: 2:23:03/1:06:25 [93:59:23/11:34:42]  Acc_iter 103050      Data time: 0.00(0.02)  Forward time: 3.07(3.23)  Batch time: 3.07(3.25)
2025-03-28 07:21:31,591   INFO  
2025-03-28 07:23:28,633   INFO  Save latest model to /OpenPCDet/output/nuscenes_models/cbgs_voxel01_res3d_centerpoint_uncertainty/shifted_bounded_uncertainty/ckpt/latest_model
2025-03-28 07:24:16,674   INFO  Train:   27/30 ( 90%) [2687/3862 ( 70%)]  Loss: -11.52 (-11.7)  LR: 2.426e-04  Time cost: 2:25:49/1:03:44 [94:02:09/11:32:16]  Acc_iter 103100      Data time: 0.00(0.02)  Forward time: 2.74(3.23)  Batch time: 2.75(3.25)
2025-03-28 07:26:53,957   INFO  Train:   27/30 ( 90%) [2737/3862 ( 71%)]  Loss: -11.96 (-11.7)  LR: 2.408e-04  Time cost: 2:28:26/1:00:59 [94:04:47/11:29:08]  Acc_iter 103150      Data time: 0.00(0.02)  Forward time: 3.53(3.23)  Batch time: 3.53(3.25)
2025-03-28 07:28:28,501   INFO  Save latest model to /OpenPCDet/output/nuscenes_models/cbgs_voxel01_res3d_centerpoint_uncertainty/shifted_bounded_uncertainty/ckpt/latest_model
2025-03-28 07:29:39,033   INFO  Train:   27/30 ( 90%) [2787/3862 ( 72%)]  Loss: -12.91 (-11.7)  LR: 2.389e-04  Time cost: 2:31:11/58:17 [94:07:32/11:26:36]  Acc_iter 103200      Data time: 0.00(0.02)  Forward time: 3.49(3.23)  Batch time: 3.49(3.25)
2025-03-28 07:29:40,182   INFO  
2025-03-28 07:32:29,274   INFO  Train:   27/30 ( 90%) [2837/3862 ( 73%)]  Loss: -10.76 (-11.7)  LR: 2.371e-04  Time cost: 2:34:01/55:37 [94:10:22/11:24:27]  Acc_iter 103250      Data time: 0.01(0.02)  Forward time: 3.77(3.23)  Batch time: 3.77(3.26)
2025-03-28 07:33:27,754   INFO  Save latest model to /OpenPCDet/output/nuscenes_models/cbgs_voxel01_res3d_centerpoint_uncertainty/shifted_bounded_uncertainty/ckpt/latest_model
2025-03-28 07:35:09,651   INFO  Train:   27/30 ( 90%) [2887/3862 ( 75%)]  Loss: -11.92 (-11.7)  LR: 2.353e-04  Time cost: 2:36:42/52:54 [94:13:02/11:21:33]  Acc_iter 103300      Data time: 0.00(0.02)  Forward time: 3.19(3.23)  Batch time: 3.19(3.26)
2025-03-28 07:37:53,251   INFO  Train:   27/30 ( 90%) [2937/3862 ( 76%)]  Loss: -11.31 (-11.7)  LR: 2.335e-04  Time cost: 2:39:25/50:11 [94:15:46/11:18:54]  Acc_iter 103350      Data time: 0.01(0.02)  Forward time: 3.35(3.23)  Batch time: 3.35(3.26)
2025-03-28 07:37:54,380   INFO  
2025-03-28 07:38:31,169   INFO  Save latest model to /OpenPCDet/output/nuscenes_models/cbgs_voxel01_res3d_centerpoint_uncertainty/shifted_bounded_uncertainty/ckpt/latest_model
2025-03-28 07:40:39,869   INFO  Train:   27/30 ( 90%) [2987/3862 ( 77%)]  Loss: -11.30 (-11.7)  LR: 2.317e-04  Time cost: 2:42:12/47:30 [94:18:32/11:16:27]  Acc_iter 103400      Data time: 0.00(0.02)  Forward time: 2.73(3.23)  Batch time: 2.74(3.26)
2025-03-28 07:43:26,787   INFO  Train:   27/30 ( 90%) [3037/3862 ( 79%)]  Loss: -11.59 (-11.7)  LR: 2.298e-04  Time cost: 2:44:59/44:48 [94:21:19/11:14:01]  Acc_iter 103450      Data time: 0.04(0.02)  Forward time: 3.37(3.23)  Batch time: 3.41(3.26)
2025-03-28 07:43:31,280   INFO  Save latest model to /OpenPCDet/output/nuscenes_models/cbgs_voxel01_res3d_centerpoint_uncertainty/shifted_bounded_uncertainty/ckpt/latest_model
2025-03-28 07:46:13,577   INFO  Train:   27/30 ( 90%) [3087/3862 ( 80%)]  Loss: -12.41 (-11.7)  LR: 2.280e-04  Time cost: 2:47:46/42:06 [94:24:06/11:11:33]  Acc_iter 103500      Data time: 0.00(0.02)  Forward time: 4.49(3.24)  Batch time: 4.50(3.26)
2025-03-28 07:46:14,668   INFO  
2025-03-28 07:48:28,346   INFO  Save latest model to /OpenPCDet/output/nuscenes_models/cbgs_voxel01_res3d_centerpoint_uncertainty/shifted_bounded_uncertainty/ckpt/latest_model
2025-03-28 07:49:07,359   INFO  Train:   27/30 ( 90%) [3137/3862 ( 81%)]  Loss: -11.63 (-11.7)  LR: 2.263e-04  Time cost: 2:50:39/39:25 [94:27:00/11:09:33]  Acc_iter 103550      Data time: 0.00(0.02)  Forward time: 4.65(3.24)  Batch time: 4.66(3.26)
2025-03-28 07:51:55,086   INFO  Train:   27/30 ( 90%) [3187/3862 ( 83%)]  Loss: -12.04 (-11.7)  LR: 2.245e-04  Time cost: 2:53:27/36:43 [94:29:48/11:07:07]  Acc_iter 103600      Data time: 0.05(0.02)  Forward time: 4.18(3.24)  Batch time: 4.23(3.26)
2025-03-28 07:53:28,608   INFO  Save latest model to /OpenPCDet/output/nuscenes_models/cbgs_voxel01_res3d_centerpoint_uncertainty/shifted_bounded_uncertainty/ckpt/latest_model
2025-03-28 07:54:42,655   INFO  Train:   27/30 ( 90%) [3237/3862 ( 84%)]  Loss: -11.97 (-11.7)  LR: 2.227e-04  Time cost: 2:56:15/34:01 [94:32:35/11:04:40]  Acc_iter 103650      Data time: 0.00(0.02)  Forward time: 3.53(3.24)  Batch time: 3.53(3.27)
2025-03-28 07:54:43,868   INFO  
2025-03-28 07:57:26,148   INFO  Train:   27/30 ( 90%) [3287/3862 ( 85%)]  Loss: -11.70 (-11.7)  LR: 2.209e-04  Time cost: 2:58:58/31:17 [94:35:19/11:01:58]  Acc_iter 103700      Data time: 0.01(0.02)  Forward time: 2.75(3.24)  Batch time: 2.76(3.27)
2025-03-28 07:58:30,293   INFO  Save latest model to /OpenPCDet/output/nuscenes_models/cbgs_voxel01_res3d_centerpoint_uncertainty/shifted_bounded_uncertainty/ckpt/latest_model
2025-03-28 08:00:19,764   INFO  Train:   27/30 ( 90%) [3337/3862 ( 86%)]  Loss: -11.71 (-11.7)  LR: 2.191e-04  Time cost: 3:01:52/28:36 [94:38:12/10:59:52]  Acc_iter 103750      Data time: 0.01(0.02)  Forward time: 3.40(3.25)  Batch time: 3.41(3.27)
2025-03-28 08:02:59,609   INFO  Train:   27/30 ( 90%) [3387/3862 ( 88%)]  Loss: -11.64 (-11.7)  LR: 2.174e-04  Time cost: 3:04:32/25:52 [94:40:52/10:56:56]  Acc_iter 103800      Data time: 0.00(0.02)  Forward time: 3.84(3.25)  Batch time: 3.84(3.27)
2025-03-28 08:03:01,057   INFO  
2025-03-28 08:03:29,585   INFO  Save latest model to /OpenPCDet/output/nuscenes_models/cbgs_voxel01_res3d_centerpoint_uncertainty/shifted_bounded_uncertainty/ckpt/latest_model
2025-03-28 08:05:49,515   INFO  Train:   27/30 ( 90%) [3437/3862 ( 89%)]  Loss: -11.31 (-11.7)  LR: 2.156e-04  Time cost: 3:07:22/23:09 [94:43:42/10:54:35]  Acc_iter 103850      Data time: 0.00(0.02)  Forward time: 3.02(3.25)  Batch time: 3.02(3.27)
2025-03-28 08:08:28,247   INFO  Save latest model to /OpenPCDet/output/nuscenes_models/cbgs_voxel01_res3d_centerpoint_uncertainty/shifted_bounded_uncertainty/ckpt/latest_model
2025-03-28 08:08:31,319   INFO  Train:   27/30 ( 90%) [3487/3862 ( 90%)]  Loss: -11.45 (-11.7)  LR: 2.139e-04  Time cost: 3:10:03/20:26 [94:46:24/10:51:46]  Acc_iter 103900      Data time: 0.30(0.02)  Forward time: 3.07(3.25)  Batch time: 3.37(3.27)
2025-03-28 08:11:17,526   INFO  Train:   27/30 ( 90%) [3537/3862 ( 92%)]  Loss: -11.75 (-11.7)  LR: 2.121e-04  Time cost: 3:12:50/17:42 [94:49:10/10:49:11]  Acc_iter 103950      Data time: 0.00(0.02)  Forward time: 3.05(3.25)  Batch time: 3.05(3.27)
2025-03-28 08:11:18,504   INFO  
2025-03-28 08:13:28,291   INFO  Save latest model to /OpenPCDet/output/nuscenes_models/cbgs_voxel01_res3d_centerpoint_uncertainty/shifted_bounded_uncertainty/ckpt/latest_model
2025-03-28 08:13:57,533   INFO  Train:   27/30 ( 90%) [3587/3862 ( 93%)]  Loss: -11.46 (-11.7)  LR: 2.104e-04  Time cost: 3:15:30/14:59 [94:51:50/10:46:16]  Acc_iter 104000      Data time: 0.00(0.02)  Forward time: 2.79(3.25)  Batch time: 2.79(3.27)
2025-03-28 08:16:45,555   INFO  Train:   27/30 ( 90%) [3637/3862 ( 94%)]  Loss: -11.91 (-11.7)  LR: 2.087e-04  Time cost: 3:18:18/12:15 [94:54:38/10:43:48]  Acc_iter 104050      Data time: 0.00(0.02)  Forward time: 3.72(3.25)  Batch time: 3.73(3.27)
2025-03-28 08:18:31,201   INFO  Save latest model to /OpenPCDet/output/nuscenes_models/cbgs_voxel01_res3d_centerpoint_uncertainty/shifted_bounded_uncertainty/ckpt/latest_model
2025-03-28 08:19:29,445   INFO  Train:   27/30 ( 90%) [3687/3862 ( 95%)]  Loss: -11.80 (-11.7)  LR: 2.070e-04  Time cost: 3:21:02/09:32 [94:57:22/10:41:05]  Acc_iter 104100      Data time: 0.01(0.02)  Forward time: 3.76(3.25)  Batch time: 3.77(3.27)
2025-03-28 08:19:30,885   INFO  
2025-03-28 08:22:19,693   INFO  Train:   27/30 ( 90%) [3737/3862 ( 97%)]  Loss: -12.27 (-11.7)  LR: 2.052e-04  Time cost: 3:23:52/06:49 [95:00:12/10:38:43]  Acc_iter 104150      Data time: 0.00(0.02)  Forward time: 2.64(3.25)  Batch time: 2.65(3.27)
2025-03-28 08:23:28,471   INFO  Save latest model to /OpenPCDet/output/nuscenes_models/cbgs_voxel01_res3d_centerpoint_uncertainty/shifted_bounded_uncertainty/ckpt/latest_model
2025-03-28 08:25:02,414   INFO  Train:   27/30 ( 90%) [3787/3862 ( 98%)]  Loss: -11.39 (-11.7)  LR: 2.035e-04  Time cost: 3:26:34/04:05 [95:02:55/10:35:56]  Acc_iter 104200      Data time: 0.00(0.02)  Forward time: 3.24(3.25)  Batch time: 3.24(3.27)
2025-03-28 08:27:47,224   INFO  Train:   27/30 ( 90%) [3837/3862 ( 99%)]  Loss: -12.10 (-11.7)  LR: 2.018e-04  Time cost: 3:29:19/01:21 [95:05:40/10:33:16]  Acc_iter 104250      Data time: 0.00(0.02)  Forward time: 2.93(3.25)  Batch time: 2.94(3.27)
2025-03-28 08:27:48,476   INFO  
2025-03-28 08:28:27,854   INFO  Save latest model to /OpenPCDet/output/nuscenes_models/cbgs_voxel01_res3d_centerpoint_uncertainty/shifted_bounded_uncertainty/ckpt/latest_model
2025-03-28 08:29:00,397   INFO  Train:   27/30 ( 90%) [3861/3862 (100%)]  Loss: -11.93 (-11.7)  LR: 2.010e-04  Time cost: 3:30:32/00:03 [95:06:53/10:31:42]  Acc_iter 104274      Data time: 0.00(0.02)  Forward time: 2.22(3.25)  Batch time: 2.22(3.27)
2025-03-28 08:29:28,619   INFO  Train:   28/30 ( 93%) [   0/3862 (  0%)]  Loss: -11.88 (-11.9)  LR: 2.010e-04  Time cost: 00:25/26:50:11 [95:07:21/80:30:34]  Acc_iter 104275      Data time: 21.73(21.73)  Forward time: 3.28(3.28)  Batch time: 25.02(25.02)
2025-03-28 08:30:55,284   INFO  Train:   28/30 ( 93%) [  25/3862 (  1%)]  Loss: -12.08 (-11.9)  LR: 2.001e-04  Time cost: 01:51/4:34:41 [95:08:48/13:47:38]  Acc_iter 104300      Data time: 0.00(0.84)  Forward time: 3.62(3.45)  Batch time: 3.62(4.30)
2025-03-28 08:33:45,564   INFO  Train:   28/30 ( 93%) [  75/3862 (  2%)]  Loss: -12.10 (-11.9)  LR: 1.985e-04  Time cost: 04:41/3:54:09 [95:11:38/11:51:45]  Acc_iter 104350      Data time: 0.01(0.29)  Forward time: 3.87(3.42)  Batch time: 3.88(3.71)
2025-03-28 08:34:06,742   INFO  Save latest model to /OpenPCDet/output/nuscenes_models/cbgs_voxel01_res3d_centerpoint_uncertainty/shifted_bounded_uncertainty/ckpt/latest_model
2025-03-28 08:36:28,005   INFO  Train:   28/30 ( 93%) [ 125/3862 (  3%)]  Loss: -11.54 (-11.7)  LR: 1.968e-04  Time cost: 07:24/3:39:40 [95:14:21/11:13:42]  Acc_iter 104400      Data time: 0.00(0.18)  Forward time: 2.68(3.35)  Batch time: 2.68(3.53)
2025-03-28 08:36:28,973   INFO  
2025-03-28 08:39:05,203   INFO  Save latest model to /OpenPCDet/output/nuscenes_models/cbgs_voxel01_res3d_centerpoint_uncertainty/shifted_bounded_uncertainty/ckpt/latest_model
2025-03-28 08:39:11,606   INFO  Train:   28/30 ( 93%) [ 175/3862 (  5%)]  Loss: -11.30 (-11.7)  LR: 1.951e-04  Time cost: 10:08/3:32:16 [95:17:04/10:56:59]  Acc_iter 104450      Data time: 0.00(0.14)  Forward time: 3.04(3.32)  Batch time: 3.04(3.45)
2025-03-28 08:41:53,109   INFO  Train:   28/30 ( 93%) [ 225/3862 (  6%)]  Loss: -12.57 (-11.7)  LR: 1.934e-04  Time cost: 12:49/3:26:23 [95:19:46/10:44:42]  Acc_iter 104500      Data time: 0.00(0.11)  Forward time: 3.95(3.30)  Batch time: 3.95(3.40)
2025-03-28 08:44:04,892   INFO  Save latest model to /OpenPCDet/output/nuscenes_models/cbgs_voxel01_res3d_centerpoint_uncertainty/shifted_bounded_uncertainty/ckpt/latest_model
2025-03-28 08:44:32,412   INFO  Train:   28/30 ( 93%) [ 275/3862 (  7%)]  Loss: -12.49 (-11.7)  LR: 1.918e-04  Time cost: 15:28/3:21:11 [95:22:25/10:34:24]  Acc_iter 104550      Data time: 0.00(0.09)  Forward time: 3.08(3.27)  Batch time: 3.08(3.37)
2025-03-28 08:44:34,111   INFO  
2025-03-28 08:47:19,536   INFO  Train:   28/30 ( 93%) [ 325/3862 (  8%)]  Loss: -11.47 (-11.8)  LR: 1.901e-04  Time cost: 18:15/3:18:10 [95:25:12/10:30:56]  Acc_iter 104600      Data time: 0.00(0.08)  Forward time: 3.64(3.28)  Batch time: 3.65(3.36)
2025-03-28 08:49:05,372   INFO  Save latest model to /OpenPCDet/output/nuscenes_models/cbgs_voxel01_res3d_centerpoint_uncertainty/shifted_bounded_uncertainty/ckpt/latest_model
2025-03-28 08:50:03,986   INFO  Train:   28/30 ( 93%) [ 375/3862 ( 10%)]  Loss: -12.47 (-11.8)  LR: 1.885e-04  Time cost: 21:00/3:14:48 [95:27:57/10:26:20]  Acc_iter 104650      Data time: 0.00(0.08)  Forward time: 2.59(3.28)  Batch time: 2.60(3.35)
2025-03-28 08:52:49,970   INFO  Train:   28/30 ( 93%) [ 425/3862 ( 11%)]  Loss: -11.41 (-11.8)  LR: 1.868e-04  Time cost: 23:46/3:11:48 [95:30:43/10:22:50]  Acc_iter 104700      Data time: 0.00(0.07)  Forward time: 2.26(3.28)  Batch time: 2.26(3.35)
2025-03-28 08:52:51,061   INFO  
2025-03-28 08:54:04,601   INFO  Save latest model to /OpenPCDet/output/nuscenes_models/cbgs_voxel01_res3d_centerpoint_uncertainty/shifted_bounded_uncertainty/ckpt/latest_model
2025-03-28 08:55:41,970   INFO  Train:   28/30 ( 93%) [ 475/3862 ( 12%)]  Loss: -11.91 (-11.8)  LR: 1.852e-04  Time cost: 26:38/3:09:33 [95:33:35/10:21:49]  Acc_iter 104750      Data time: 0.00(0.06)  Forward time: 3.74(3.29)  Batch time: 3.74(3.36)
2025-03-28 08:58:27,814   INFO  Train:   28/30 ( 93%) [ 525/3862 ( 14%)]  Loss: -11.80 (-11.8)  LR: 1.836e-04  Time cost: 29:24/3:06:32 [95:36:20/10:18:18]  Acc_iter 104800      Data time: 0.00(0.06)  Forward time: 2.74(3.30)  Batch time: 2.74(3.35)
2025-03-28 08:59:06,759   INFO  Save latest model to /OpenPCDet/output/nuscenes_models/cbgs_voxel01_res3d_centerpoint_uncertainty/shifted_bounded_uncertainty/ckpt/latest_model
2025-03-28 09:01:08,856   INFO  Train:   28/30 ( 93%) [ 575/3862 ( 15%)]  Loss: -12.25 (-11.8)  LR: 1.819e-04  Time cost: 32:05/3:03:06 [95:39:01/10:13:23]  Acc_iter 104850      Data time: 0.00(0.05)  Forward time: 3.00(3.29)  Batch time: 3.01(3.34)
2025-03-28 09:01:10,063   INFO  
2025-03-28 09:03:56,247   INFO  Train:   28/30 ( 93%) [ 625/3862 ( 16%)]  Loss: -11.54 (-11.8)  LR: 1.803e-04  Time cost: 34:52/3:00:20 [95:41:49/10:10:41]  Acc_iter 104900      Data time: 0.39(0.05)  Forward time: 2.58(3.29)  Batch time: 2.97(3.34)
2025-03-28 09:04:06,393   INFO  Save latest model to /OpenPCDet/output/nuscenes_models/cbgs_voxel01_res3d_centerpoint_uncertainty/shifted_bounded_uncertainty/ckpt/latest_model
2025-03-28 09:06:44,064   INFO  Train:   28/30 ( 93%) [ 675/3862 ( 17%)]  Loss: -11.89 (-11.8)  LR: 1.787e-04  Time cost: 37:40/2:57:36 [95:44:37/10:08:05]  Acc_iter 104950      Data time: 0.01(0.05)  Forward time: 4.11(3.29)  Batch time: 4.12(3.34)
2025-03-28 09:09:06,413   INFO  Save latest model to /OpenPCDet/output/nuscenes_models/cbgs_voxel01_res3d_centerpoint_uncertainty/shifted_bounded_uncertainty/ckpt/latest_model
2025-03-28 09:09:27,611   INFO  Train:   28/30 ( 93%) [ 725/3862 ( 19%)]  Loss: -12.11 (-11.8)  LR: 1.771e-04  Time cost: 40:24/2:54:33 [95:47:20/10:04:23]  Acc_iter 105000      Data time: 0.00(0.05)  Forward time: 2.46(3.29)  Batch time: 2.46(3.34)
2025-03-28 09:09:28,813   INFO  
2025-03-28 09:12:09,606   INFO  Train:   28/30 ( 93%) [ 775/3862 ( 20%)]  Loss: -11.37 (-11.8)  LR: 1.755e-04  Time cost: 43:06/2:51:27 [95:50:02/10:00:27]  Acc_iter 105050      Data time: 0.00(0.05)  Forward time: 3.22(3.29)  Batch time: 3.22(3.33)
2025-03-28 09:14:06,869   INFO  Save latest model to /OpenPCDet/output/nuscenes_models/cbgs_voxel01_res3d_centerpoint_uncertainty/shifted_bounded_uncertainty/ckpt/latest_model
2025-03-28 09:14:52,584   INFO  Train:   28/30 ( 93%) [ 825/3862 ( 21%)]  Loss: -11.76 (-11.8)  LR: 1.739e-04  Time cost: 45:48/2:48:27 [95:52:45/9:56:53]  Acc_iter 105100      Data time: 0.01(0.04)  Forward time: 3.08(3.28)  Batch time: 3.09(3.33)
2025-03-28 09:17:40,823   INFO  Train:   28/30 ( 93%) [ 875/3862 ( 23%)]  Loss: -12.39 (-11.8)  LR: 1.724e-04  Time cost: 48:37/2:45:47 [95:55:33/9:54:29]  Acc_iter 105150      Data time: 0.00(0.04)  Forward time: 3.36(3.29)  Batch time: 3.36(3.33)
2025-03-28 09:17:41,821   INFO  
2025-03-28 09:19:06,167   INFO  Save latest model to /OpenPCDet/output/nuscenes_models/cbgs_voxel01_res3d_centerpoint_uncertainty/shifted_bounded_uncertainty/ckpt/latest_model
2025-03-28 09:20:30,263   INFO  Train:   28/30 ( 93%) [ 925/3862 ( 24%)]  Loss: -11.81 (-11.8)  LR: 1.708e-04  Time cost: 51:26/2:43:09 [95:58:23/9:52:16]  Acc_iter 105200      Data time: 0.00(0.04)  Forward time: 3.52(3.29)  Batch time: 3.53(3.33)
2025-03-28 09:23:21,598   INFO  Train:   28/30 ( 93%) [ 975/3862 ( 25%)]  Loss: -12.42 (-11.8)  LR: 1.692e-04  Time cost: 54:17/2:40:37 [96:01:14/9:50:20]  Acc_iter 105250      Data time: 0.00(0.04)  Forward time: 2.91(3.30)  Batch time: 2.91(3.34)
2025-03-28 09:24:08,303   INFO  Save latest model to /OpenPCDet/output/nuscenes_models/cbgs_voxel01_res3d_centerpoint_uncertainty/shifted_bounded_uncertainty/ckpt/latest_model
2025-03-28 09:26:13,232   INFO  Train:   28/30 ( 93%) [1025/3862 ( 27%)]  Loss: -10.35 (-11.8)  LR: 1.677e-04  Time cost: 57:09/2:38:03 [96:04:06/9:48:22]  Acc_iter 105300      Data time: 0.00(0.04)  Forward time: 3.02(3.30)  Batch time: 3.03(3.34)
2025-03-28 09:26:14,299   INFO  
2025-03-28 09:28:52,509   INFO  Train:   28/30 ( 93%) [1075/3862 ( 28%)]  Loss: -12.21 (-11.8)  LR: 1.661e-04  Time cost: 59:48/2:34:55 [96:06:45/9:44:18]  Acc_iter 105350      Data time: 0.00(0.04)  Forward time: 2.85(3.30)  Batch time: 2.85(3.34)
2025-03-28 09:29:05,581   INFO  Save latest model to /OpenPCDet/output/nuscenes_models/cbgs_voxel01_res3d_centerpoint_uncertainty/shifted_bounded_uncertainty/ckpt/latest_model
2025-03-28 09:31:34,439   INFO  Train:   28/30 ( 93%) [1125/3862 ( 29%)]  Loss: -11.59 (-11.8)  LR: 1.646e-04  Time cost: 1:02:30/2:31:57 [96:09:27/9:40:46]  Acc_iter 105400      Data time: 0.01(0.04)  Forward time: 3.80(3.29)  Batch time: 3.81(3.33)
2025-03-28 09:34:06,893   INFO  Save latest model to /OpenPCDet/output/nuscenes_models/cbgs_voxel01_res3d_centerpoint_uncertainty/shifted_bounded_uncertainty/ckpt/latest_model
2025-03-28 09:34:17,577   INFO  Train:   28/30 ( 93%) [1175/3862 ( 30%)]  Loss: -12.08 (-11.8)  LR: 1.630e-04  Time cost: 1:05:13/2:29:02 [96:12:10/9:37:29]  Acc_iter 105450      Data time: 0.01(0.04)  Forward time: 4.22(3.29)  Batch time: 4.22(3.33)
2025-03-28 09:34:18,731   INFO  
2025-03-28 09:37:06,948   INFO  Train:   28/30 ( 93%) [1225/3862 ( 32%)]  Loss: -12.22 (-11.8)  LR: 1.615e-04  Time cost: 1:08:03/2:26:22 [96:15:00/9:35:08]  Acc_iter 105500      Data time: 0.00(0.04)  Forward time: 3.53(3.30)  Batch time: 3.53(3.33)
2025-03-28 09:39:06,600   INFO  Save latest model to /OpenPCDet/output/nuscenes_models/cbgs_voxel01_res3d_centerpoint_uncertainty/shifted_bounded_uncertainty/ckpt/latest_model
2025-03-28 09:39:59,526   INFO  Train:   28/30 ( 93%) [1275/3862 ( 33%)]  Loss: -10.92 (-11.8)  LR: 1.600e-04  Time cost: 1:10:55/2:23:48 [96:17:52/9:33:10]  Acc_iter 105550      Data time: 0.00(0.03)  Forward time: 3.07(3.30)  Batch time: 3.08(3.34)
2025-03-28 09:42:50,095   INFO  Train:   28/30 ( 93%) [1325/3862 ( 34%)]  Loss: -11.40 (-11.8)  LR: 1.584e-04  Time cost: 1:13:46/2:21:09 [96:20:43/9:30:53]  Acc_iter 105600      Data time: 0.06(0.03)  Forward time: 3.92(3.30)  Batch time: 3.98(3.34)
2025-03-28 09:42:51,368   INFO  
2025-03-28 09:44:04,438   INFO  Save latest model to /OpenPCDet/output/nuscenes_models/cbgs_voxel01_res3d_centerpoint_uncertainty/shifted_bounded_uncertainty/ckpt/latest_model
2025-03-28 09:45:37,418   INFO  Train:   28/30 ( 93%) [1375/3862 ( 36%)]  Loss: -12.21 (-11.8)  LR: 1.569e-04  Time cost: 1:16:33/2:18:22 [96:23:30/9:28:09]  Acc_iter 105650      Data time: 0.00(0.03)  Forward time: 2.58(3.30)  Batch time: 2.59(3.34)
2025-03-28 09:48:17,180   INFO  Train:   28/30 ( 93%) [1425/3862 ( 37%)]  Loss: -11.57 (-11.8)  LR: 1.554e-04  Time cost: 1:19:13/2:15:23 [96:26:10/9:24:31]  Acc_iter 105700      Data time: 0.00(0.03)  Forward time: 3.54(3.30)  Batch time: 3.54(3.33)
2025-03-28 09:49:05,643   INFO  Save latest model to /OpenPCDet/output/nuscenes_models/cbgs_voxel01_res3d_centerpoint_uncertainty/shifted_bounded_uncertainty/ckpt/latest_model
2025-03-28 09:51:00,238   INFO  Train:   28/30 ( 93%) [1475/3862 ( 38%)]  Loss: -11.72 (-11.8)  LR: 1.539e-04  Time cost: 1:21:56/2:12:31 [96:28:53/9:21:20]  Acc_iter 105750      Data time: 0.01(0.03)  Forward time: 2.69(3.30)  Batch time: 2.69(3.33)
2025-03-28 09:51:01,321   INFO  
2025-03-28 09:53:49,535   INFO  Train:   28/30 ( 93%) [1525/3862 ( 39%)]  Loss: -11.94 (-11.8)  LR: 1.524e-04  Time cost: 1:24:45/2:09:48 [96:31:42/9:18:51]  Acc_iter 105800      Data time: 0.00(0.03)  Forward time: 2.90(3.30)  Batch time: 2.90(3.33)
2025-03-28 09:54:06,657   INFO  Save latest model to /OpenPCDet/output/nuscenes_models/cbgs_voxel01_res3d_centerpoint_uncertainty/shifted_bounded_uncertainty/ckpt/latest_model
2025-03-28 09:56:35,980   INFO  Train:   28/30 ( 93%) [1575/3862 ( 41%)]  Loss: -12.83 (-11.8)  LR: 1.509e-04  Time cost: 1:27:32/2:07:01 [96:34:29/9:16:03]  Acc_iter 105850      Data time: 0.00(0.03)  Forward time: 3.70(3.30)  Batch time: 3.71(3.33)
2025-03-28 09:59:05,812   INFO  Save latest model to /OpenPCDet/output/nuscenes_models/cbgs_voxel01_res3d_centerpoint_uncertainty/shifted_bounded_uncertainty/ckpt/latest_model
2025-03-28 09:59:26,496   INFO  Train:   28/30 ( 93%) [1625/3862 ( 42%)]  Loss: -11.05 (-11.8)  LR: 1.495e-04  Time cost: 1:30:22/2:04:20 [96:37:19/9:13:41]  Acc_iter 105900      Data time: 0.01(0.03)  Forward time: 3.69(3.30)  Batch time: 3.69(3.34)
2025-03-28 09:59:27,657   INFO  
2025-03-28 10:02:18,292   INFO  Train:   28/30 ( 93%) [1675/3862 ( 43%)]  Loss: -12.20 (-11.8)  LR: 1.480e-04  Time cost: 1:33:14/2:01:40 [96:40:11/9:11:24]  Acc_iter 105950      Data time: 0.00(0.03)  Forward time: 2.75(3.31)  Batch time: 2.76(3.34)
2025-03-28 10:04:04,595   INFO  Save latest model to /OpenPCDet/output/nuscenes_models/cbgs_voxel01_res3d_centerpoint_uncertainty/shifted_bounded_uncertainty/ckpt/latest_model
2025-03-28 10:04:58,199   INFO  Train:   28/30 ( 93%) [1725/3862 ( 45%)]  Loss: -11.52 (-11.8)  LR: 1.465e-04  Time cost: 1:35:54/1:58:44 [96:42:51/9:07:57]  Acc_iter 106000      Data time: 0.00(0.03)  Forward time: 2.55(3.30)  Batch time: 2.56(3.33)
2025-03-28 10:07:38,135   INFO  Train:   28/30 ( 93%) [1775/3862 ( 46%)]  Loss: -12.18 (-11.8)  LR: 1.451e-04  Time cost: 1:38:34/1:55:50 [96:45:31/9:04:33]  Acc_iter 106050      Data time: 0.00(0.03)  Forward time: 2.77(3.30)  Batch time: 2.77(3.33)
2025-03-28 10:07:39,068   INFO  
2025-03-28 10:09:06,828   INFO  Save latest model to /OpenPCDet/output/nuscenes_models/cbgs_voxel01_res3d_centerpoint_uncertainty/shifted_bounded_uncertainty/ckpt/latest_model
2025-03-28 10:10:28,530   INFO  Train:   28/30 ( 93%) [1825/3862 ( 47%)]  Loss: -12.01 (-11.8)  LR: 1.436e-04  Time cost: 1:41:24/1:53:08 [96:48:21/9:02:07]  Acc_iter 106100      Data time: 0.00(0.03)  Forward time: 2.51(3.30)  Batch time: 2.51(3.33)
2025-03-28 10:13:21,611   INFO  Train:   28/30 ( 93%) [1875/3862 ( 49%)]  Loss: -12.17 (-11.8)  LR: 1.422e-04  Time cost: 1:44:18/1:50:28 [96:51:14/8:59:54]  Acc_iter 106150      Data time: 0.00(0.03)  Forward time: 2.69(3.31)  Batch time: 2.69(3.34)
2025-03-28 10:14:05,981   INFO  Save latest model to /OpenPCDet/output/nuscenes_models/cbgs_voxel01_res3d_centerpoint_uncertainty/shifted_bounded_uncertainty/ckpt/latest_model
2025-03-28 10:16:12,673   INFO  Train:   28/30 ( 93%) [1925/3862 ( 50%)]  Loss: -11.71 (-11.8)  LR: 1.407e-04  Time cost: 1:47:09/1:47:45 [96:54:05/8:57:28]  Acc_iter 106200      Data time: 0.01(0.03)  Forward time: 3.59(3.31)  Batch time: 3.60(3.34)
2025-03-28 10:16:13,581   INFO  
2025-03-28 10:19:01,886   INFO  Train:   28/30 ( 93%) [1975/3862 ( 51%)]  Loss: -12.08 (-11.8)  LR: 1.393e-04  Time cost: 1:49:58/1:45:01 [96:56:55/8:54:53]  Acc_iter 106250      Data time: 0.00(0.03)  Forward time: 3.73(3.31)  Batch time: 3.73(3.34)
2025-03-28 10:19:05,846   INFO  Save latest model to /OpenPCDet/output/nuscenes_models/cbgs_voxel01_res3d_centerpoint_uncertainty/shifted_bounded_uncertainty/ckpt/latest_model
2025-03-28 10:21:47,478   INFO  Train:   28/30 ( 93%) [2025/3862 ( 52%)]  Loss: -11.40 (-11.8)  LR: 1.379e-04  Time cost: 1:52:43/1:42:12 [96:59:40/8:51:59]  Acc_iter 106300      Data time: 0.00(0.03)  Forward time: 3.37(3.31)  Batch time: 3.37(3.34)
2025-03-28 10:24:05,251   INFO  Save latest model to /OpenPCDet/output/nuscenes_models/cbgs_voxel01_res3d_centerpoint_uncertainty/shifted_bounded_uncertainty/ckpt/latest_model
2025-03-28 10:24:35,854   INFO  Train:   28/30 ( 93%) [2075/3862 ( 54%)]  Loss: -12.45 (-11.8)  LR: 1.365e-04  Time cost: 1:55:32/1:39:27 [97:02:28/8:49:19]  Acc_iter 106350      Data time: 0.01(0.03)  Forward time: 3.95(3.31)  Batch time: 3.96(3.34)
2025-03-28 10:24:37,056   INFO  
2025-03-28 10:27:34,322   INFO  Train:   28/30 ( 93%) [2125/3862 ( 55%)]  Loss: -11.90 (-11.8)  LR: 1.351e-04  Time cost: 1:58:30/1:36:49 [97:05:27/8:47:23]  Acc_iter 106400      Data time: 0.00(0.03)  Forward time: 3.32(3.32)  Batch time: 3.32(3.34)
2025-03-28 10:29:04,897   INFO  Save latest model to /OpenPCDet/output/nuscenes_models/cbgs_voxel01_res3d_centerpoint_uncertainty/shifted_bounded_uncertainty/ckpt/latest_model
2025-03-28 10:30:23,051   INFO  Train:   28/30 ( 93%) [2175/3862 ( 56%)]  Loss: -11.49 (-11.8)  LR: 1.337e-04  Time cost: 2:01:19/1:34:03 [97:08:16/8:44:42]  Acc_iter 106450      Data time: 0.00(0.03)  Forward time: 3.04(3.32)  Batch time: 3.04(3.35)
2025-03-28 10:33:05,241   INFO  Train:   28/30 ( 93%) [2225/3862 ( 58%)]  Loss: -12.02 (-11.8)  LR: 1.323e-04  Time cost: 2:04:01/1:31:12 [97:10:58/8:41:34]  Acc_iter 106500      Data time: 0.00(0.03)  Forward time: 3.07(3.32)  Batch time: 3.08(3.34)
2025-03-28 10:33:06,239   INFO  
2025-03-28 10:34:06,812   INFO  Save latest model to /OpenPCDet/output/nuscenes_models/cbgs_voxel01_res3d_centerpoint_uncertainty/shifted_bounded_uncertainty/ckpt/latest_model
2025-03-28 10:35:56,068   INFO  Train:   28/30 ( 93%) [2275/3862 ( 59%)]  Loss: -10.83 (-11.8)  LR: 1.309e-04  Time cost: 2:06:52/1:28:27 [97:13:49/8:39:02]  Acc_iter 106550      Data time: 0.00(0.03)  Forward time: 3.39(3.32)  Batch time: 3.39(3.34)
2025-03-28 10:38:46,676   INFO  Train:   28/30 ( 93%) [2325/3862 ( 60%)]  Loss: -12.55 (-11.8)  LR: 1.295e-04  Time cost: 2:09:43/1:25:42 [97:16:39/8:36:28]  Acc_iter 106600      Data time: 0.00(0.03)  Forward time: 3.19(3.32)  Batch time: 3.20(3.35)
2025-03-28 10:39:07,067   INFO  Save latest model to /OpenPCDet/output/nuscenes_models/cbgs_voxel01_res3d_centerpoint_uncertainty/shifted_bounded_uncertainty/ckpt/latest_model
2025-03-28 10:41:32,974   INFO  Train:   28/30 ( 93%) [2375/3862 ( 61%)]  Loss: -11.84 (-11.8)  LR: 1.281e-04  Time cost: 2:12:29/1:22:55 [97:19:26/8:33:37]  Acc_iter 106650      Data time: 0.02(0.03)  Forward time: 3.49(3.32)  Batch time: 3.50(3.35)
2025-03-28 10:41:33,951   INFO  
2025-03-28 10:44:06,766   INFO  Save latest model to /OpenPCDet/output/nuscenes_models/cbgs_voxel01_res3d_centerpoint_uncertainty/shifted_bounded_uncertainty/ckpt/latest_model
2025-03-28 10:44:16,176   INFO  Train:   28/30 ( 93%) [2425/3862 ( 63%)]  Loss: -11.67 (-11.8)  LR: 1.268e-04  Time cost: 2:15:12/1:20:05 [97:22:09/8:30:34]  Acc_iter 106700      Data time: 0.01(0.03)  Forward time: 3.08(3.32)  Batch time: 3.09(3.34)
2025-03-28 10:47:09,560   INFO  Train:   28/30 ( 93%) [2475/3862 ( 64%)]  Loss: -11.53 (-11.8)  LR: 1.254e-04  Time cost: 2:18:05/1:17:21 [97:25:02/8:28:10]  Acc_iter 106750      Data time: 0.00(0.03)  Forward time: 3.68(3.32)  Batch time: 3.68(3.35)
2025-03-28 10:49:06,561   INFO  Save latest model to /OpenPCDet/output/nuscenes_models/cbgs_voxel01_res3d_centerpoint_uncertainty/shifted_bounded_uncertainty/ckpt/latest_model
2025-03-28 10:50:01,569   INFO  Train:   28/30 ( 93%) [2525/3862 ( 65%)]  Loss: -11.69 (-11.8)  LR: 1.240e-04  Time cost: 2:20:57/1:14:36 [97:27:54/8:25:39]  Acc_iter 106800      Data time: 0.00(0.03)  Forward time: 3.21(3.32)  Batch time: 3.22(3.35)
2025-03-28 10:50:02,509   INFO  
2025-03-28 10:52:53,108   INFO  Train:   28/30 ( 93%) [2575/3862 ( 67%)]  Loss: -11.99 (-11.8)  LR: 1.227e-04  Time cost: 2:23:49/1:11:51 [97:30:46/8:23:06]  Acc_iter 106850      Data time: 0.00(0.03)  Forward time: 2.81(3.32)  Batch time: 2.81(3.35)
2025-03-28 10:54:06,330   INFO  Save latest model to /OpenPCDet/output/nuscenes_models/cbgs_voxel01_res3d_centerpoint_uncertainty/shifted_bounded_uncertainty/ckpt/latest_model
2025-03-28 10:55:39,783   INFO  Train:   28/30 ( 93%) [2625/3862 ( 68%)]  Loss: -12.29 (-11.8)  LR: 1.214e-04  Time cost: 2:26:36/1:09:03 [97:33:32/8:20:16]  Acc_iter 106900      Data time: 0.00(0.03)  Forward time: 2.69(3.32)  Batch time: 2.69(3.35)
2025-03-28 10:58:24,799   INFO  Train:   28/30 ( 93%) [2675/3862 ( 69%)]  Loss: -11.21 (-11.8)  LR: 1.200e-04  Time cost: 2:29:21/1:06:14 [97:36:17/8:17:20]  Acc_iter 106950      Data time: 0.01(0.03)  Forward time: 4.09(3.32)  Batch time: 4.09(3.35)
2025-03-28 10:58:26,114   INFO  
2025-03-28 10:59:05,508   INFO  Save latest model to /OpenPCDet/output/nuscenes_models/cbgs_voxel01_res3d_centerpoint_uncertainty/shifted_bounded_uncertainty/ckpt/latest_model
2025-03-28 11:01:07,537   INFO  Train:   28/30 ( 93%) [2725/3862 ( 71%)]  Loss: -11.91 (-11.8)  LR: 1.187e-04  Time cost: 2:32:03/1:03:25 [97:39:00/8:14:17]  Acc_iter 107000      Data time: 0.00(0.03)  Forward time: 2.92(3.32)  Batch time: 2.93(3.35)
2025-03-28 11:03:52,690   INFO  Train:   28/30 ( 93%) [2775/3862 ( 72%)]  Loss: -12.10 (-11.8)  LR: 1.174e-04  Time cost: 2:34:49/1:00:37 [97:41:45/8:11:23]  Acc_iter 107050      Data time: 0.00(0.03)  Forward time: 3.73(3.32)  Batch time: 3.73(3.35)
2025-03-28 11:04:05,103   INFO  Save latest model to /OpenPCDet/output/nuscenes_models/cbgs_voxel01_res3d_centerpoint_uncertainty/shifted_bounded_uncertainty/ckpt/latest_model
2025-03-28 11:06:42,307   INFO  Train:   28/30 ( 93%) [2825/3862 ( 73%)]  Loss: -11.77 (-11.8)  LR: 1.161e-04  Time cost: 2:37:38/57:50 [97:44:35/8:08:43]  Acc_iter 107100      Data time: 0.00(0.03)  Forward time: 3.50(3.32)  Batch time: 3.50(3.35)
2025-03-28 11:06:43,113   INFO  
2025-03-28 11:09:05,677   INFO  Save latest model to /OpenPCDet/output/nuscenes_models/cbgs_voxel01_res3d_centerpoint_uncertainty/shifted_bounded_uncertainty/ckpt/latest_model
2025-03-28 11:09:34,895   INFO  Train:   28/30 ( 93%) [2875/3862 ( 74%)]  Loss: -11.14 (-11.8)  LR: 1.148e-04  Time cost: 2:40:31/55:05 [97:47:28/8:06:11]  Acc_iter 107150      Data time: 0.01(0.03)  Forward time: 3.03(3.32)  Batch time: 3.04(3.35)
2025-03-28 11:12:19,456   INFO  Train:   28/30 ( 93%) [2925/3862 ( 76%)]  Loss: -11.61 (-11.8)  LR: 1.135e-04  Time cost: 2:43:15/52:16 [97:50:12/8:03:15]  Acc_iter 107200      Data time: 0.02(0.03)  Forward time: 3.35(3.32)  Batch time: 3.37(3.35)
2025-03-28 11:14:05,036   INFO  Save latest model to /OpenPCDet/output/nuscenes_models/cbgs_voxel01_res3d_centerpoint_uncertainty/shifted_bounded_uncertainty/ckpt/latest_model
2025-03-28 11:15:12,255   INFO  Train:   28/30 ( 93%) [2975/3862 ( 77%)]  Loss: -11.50 (-11.8)  LR: 1.122e-04  Time cost: 2:46:08/49:31 [97:53:05/8:00:44]  Acc_iter 107250      Data time: 0.00(0.03)  Forward time: 2.95(3.32)  Batch time: 2.96(3.35)
2025-03-28 11:15:13,193   INFO  
2025-03-28 11:17:59,440   INFO  Train:   28/30 ( 93%) [3025/3862 ( 78%)]  Loss: -11.69 (-11.8)  LR: 1.109e-04  Time cost: 2:48:55/46:43 [97:55:52/7:57:55]  Acc_iter 107300      Data time: 0.01(0.03)  Forward time: 3.00(3.32)  Batch time: 3.01(3.35)
2025-03-28 11:19:04,650   INFO  Save latest model to /OpenPCDet/output/nuscenes_models/cbgs_voxel01_res3d_centerpoint_uncertainty/shifted_bounded_uncertainty/ckpt/latest_model
2025-03-28 11:20:42,161   INFO  Train:   28/30 ( 93%) [3075/3862 ( 80%)]  Loss: -11.71 (-11.8)  LR: 1.096e-04  Time cost: 2:51:38/43:54 [97:58:35/7:54:55]  Acc_iter 107350      Data time: 0.00(0.03)  Forward time: 2.79(3.32)  Batch time: 2.79(3.35)
2025-03-28 11:23:29,225   INFO  Train:   28/30 ( 93%) [3125/3862 ( 81%)]  Loss: -12.15 (-11.8)  LR: 1.084e-04  Time cost: 2:54:25/41:07 [98:01:22/7:52:06]  Acc_iter 107400      Data time: 0.01(0.03)  Forward time: 4.00(3.32)  Batch time: 4.01(3.35)
2025-03-28 11:23:30,306   INFO  
2025-03-28 11:24:05,513   INFO  Save latest model to /OpenPCDet/output/nuscenes_models/cbgs_voxel01_res3d_centerpoint_uncertainty/shifted_bounded_uncertainty/ckpt/latest_model
2025-03-28 11:26:17,378   INFO  Train:   28/30 ( 93%) [3175/3862 ( 82%)]  Loss: -12.07 (-11.8)  LR: 1.071e-04  Time cost: 2:57:13/38:20 [98:04:10/7:49:21]  Acc_iter 107450      Data time: 0.00(0.03)  Forward time: 2.96(3.32)  Batch time: 2.97(3.35)
2025-03-28 11:29:03,997   INFO  Train:   28/30 ( 93%) [3225/3862 ( 84%)]  Loss: -12.50 (-11.8)  LR: 1.058e-04  Time cost: 3:00:00/35:32 [98:06:57/7:46:31]  Acc_iter 107500      Data time: 0.00(0.02)  Forward time: 2.64(3.32)  Batch time: 2.64(3.35)
2025-03-28 11:29:04,795   INFO  Save latest model to /OpenPCDet/output/nuscenes_models/cbgs_voxel01_res3d_centerpoint_uncertainty/shifted_bounded_uncertainty/ckpt/latest_model
2025-03-28 11:31:52,960   INFO  Train:   28/30 ( 93%) [3275/3862 ( 85%)]  Loss: -11.25 (-11.8)  LR: 1.046e-04  Time cost: 3:02:49/32:45 [98:09:46/7:43:48]  Acc_iter 107550      Data time: 0.01(0.02)  Forward time: 3.50(3.32)  Batch time: 3.51(3.35)
2025-03-28 11:31:53,862   INFO  
2025-03-28 11:34:05,714   INFO  Save latest model to /OpenPCDet/output/nuscenes_models/cbgs_voxel01_res3d_centerpoint_uncertainty/shifted_bounded_uncertainty/ckpt/latest_model
2025-03-28 11:34:43,256   INFO  Train:   28/30 ( 93%) [3325/3862 ( 86%)]  Loss: -12.47 (-11.8)  LR: 1.034e-04  Time cost: 3:05:39/29:58 [98:12:36/7:41:08]  Acc_iter 107600      Data time: 0.01(0.02)  Forward time: 4.28(3.32)  Batch time: 4.28(3.35)
2025-03-28 11:37:33,546   INFO  Train:   28/30 ( 93%) [3375/3862 ( 87%)]  Loss: -11.75 (-11.8)  LR: 1.021e-04  Time cost: 3:08:29/27:11 [98:15:26/7:38:27]  Acc_iter 107650      Data time: 0.00(0.02)  Forward time: 2.75(3.33)  Batch time: 2.75(3.35)
2025-03-28 11:39:06,444   INFO  Save latest model to /OpenPCDet/output/nuscenes_models/cbgs_voxel01_res3d_centerpoint_uncertainty/shifted_bounded_uncertainty/ckpt/latest_model
2025-03-28 11:40:22,642   INFO  Train:   28/30 ( 93%) [3425/3862 ( 89%)]  Loss: -12.21 (-11.8)  LR: 1.009e-04  Time cost: 3:11:19/24:24 [98:18:15/7:35:43]  Acc_iter 107700      Data time: 0.01(0.02)  Forward time: 3.74(3.33)  Batch time: 3.75(3.35)
2025-03-28 11:40:23,924   INFO  
2025-03-28 11:43:10,323   INFO  Train:   28/30 ( 93%) [3475/3862 ( 90%)]  Loss: -11.49 (-11.8)  LR: 9.968e-05  Time cost: 3:14:06/21:36 [98:21:03/7:32:56]  Acc_iter 107750      Data time: 0.00(0.02)  Forward time: 2.44(3.33)  Batch time: 2.45(3.35)
2025-03-28 11:44:07,564   INFO  Save latest model to /OpenPCDet/output/nuscenes_models/cbgs_voxel01_res3d_centerpoint_uncertainty/shifted_bounded_uncertainty/ckpt/latest_model
2025-03-28 11:45:58,389   INFO  Train:   28/30 ( 93%) [3525/3862 ( 91%)]  Loss: -11.62 (-11.8)  LR: 9.847e-05  Time cost: 3:16:54/18:49 [98:23:51/7:30:10]  Acc_iter 107800      Data time: 0.00(0.02)  Forward time: 2.72(3.33)  Batch time: 2.73(3.35)
2025-03-28 11:48:43,156   INFO  Train:   28/30 ( 93%) [3575/3862 ( 93%)]  Loss: -12.00 (-11.8)  LR: 9.726e-05  Time cost: 3:19:39/16:01 [98:26:36/7:27:16]  Acc_iter 107850      Data time: 0.01(0.02)  Forward time: 2.81(3.33)  Batch time: 2.82(3.35)
2025-03-28 11:48:44,122   INFO  
2025-03-28 11:49:05,187   INFO  Save latest model to /OpenPCDet/output/nuscenes_models/cbgs_voxel01_res3d_centerpoint_uncertainty/shifted_bounded_uncertainty/ckpt/latest_model
2025-03-28 11:51:26,760   INFO  Train:   28/30 ( 93%) [3625/3862 ( 94%)]  Loss: -12.33 (-11.8)  LR: 9.607e-05  Time cost: 3:22:23/13:13 [98:29:19/7:24:20]  Acc_iter 107900      Data time: 0.00(0.02)  Forward time: 3.52(3.32)  Batch time: 3.53(3.35)
2025-03-28 11:54:07,529   INFO  Save latest model to /OpenPCDet/output/nuscenes_models/cbgs_voxel01_res3d_centerpoint_uncertainty/shifted_bounded_uncertainty/ckpt/latest_model
2025-03-28 11:54:12,699   INFO  Train:   28/30 ( 93%) [3675/3862 ( 95%)]  Loss: -12.39 (-11.8)  LR: 9.488e-05  Time cost: 3:25:09/10:26 [98:32:05/7:21:30]  Acc_iter 107950      Data time: 0.36(0.02)  Forward time: 5.17(3.32)  Batch time: 5.53(3.35)
2025-03-28 11:56:56,707   INFO  Train:   28/30 ( 93%) [3725/3862 ( 96%)]  Loss: -11.62 (-11.8)  LR: 9.369e-05  Time cost: 3:27:53/07:38 [98:34:49/7:18:35]  Acc_iter 108000      Data time: 0.00(0.02)  Forward time: 3.23(3.32)  Batch time: 3.23(3.35)
2025-03-28 11:56:57,574   INFO  
2025-03-28 11:59:05,259   INFO  Save latest model to /OpenPCDet/output/nuscenes_models/cbgs_voxel01_res3d_centerpoint_uncertainty/shifted_bounded_uncertainty/ckpt/latest_model
2025-03-28 11:59:41,102   INFO  Train:   28/30 ( 93%) [3775/3862 ( 98%)]  Loss: -10.97 (-11.8)  LR: 9.252e-05  Time cost: 3:30:37/04:51 [98:37:34/7:15:41]  Acc_iter 108050      Data time: 0.01(0.02)  Forward time: 3.12(3.32)  Batch time: 3.13(3.35)
2025-03-28 12:02:28,526   INFO  Train:   28/30 ( 93%) [3825/3862 ( 99%)]  Loss: -11.75 (-11.8)  LR: 9.135e-05  Time cost: 3:33:24/02:03 [98:40:21/7:12:54]  Acc_iter 108100      Data time: 0.01(0.02)  Forward time: 3.71(3.32)  Batch time: 3.71(3.35)
2025-03-28 12:04:06,523   INFO  Save latest model to /OpenPCDet/output/nuscenes_models/cbgs_voxel01_res3d_centerpoint_uncertainty/shifted_bounded_uncertainty/ckpt/latest_model
2025-03-28 12:04:26,876   INFO  Train:   28/30 ( 93%) [3861/3862 (100%)]  Loss: -11.81 (-11.8)  LR: 9.051e-05  Time cost: 3:35:23/00:03 [98:42:20/7:10:49]  Acc_iter 108136      Data time: 0.00(0.02)  Forward time: 2.09(3.32)  Batch time: 2.09(3.35)
2025-03-28 12:04:54,750   INFO  Train:   29/30 ( 97%) [   0/3862 (  0%)]  Loss: -12.43 (-12.4)  LR: 9.049e-05  Time cost: 00:25/27:12:47 [98:42:47/54:25:34]  Acc_iter 108137      Data time: 22.69(22.69)  Forward time: 2.67(2.67)  Batch time: 25.37(25.37)
2025-03-28 12:05:42,944   INFO  Train:   29/30 ( 97%) [  13/3862 (  0%)]  Loss: -12.07 (-11.8)  LR: 9.019e-05  Time cost: 01:13/5:37:03 [98:43:36/11:15:16]  Acc_iter 108150      Data time: 0.03(1.63)  Forward time: 3.53(3.63)  Batch time: 3.56(5.25)
2025-03-28 12:05:43,997   INFO  
2025-03-28 12:08:45,794   INFO  Train:   29/30 ( 97%) [  63/3862 (  2%)]  Loss: -12.39 (-11.9)  LR: 8.904e-05  Time cost: 04:16/4:13:40 [98:46:38/8:31:33]  Acc_iter 108200      Data time: 0.00(0.38)  Forward time: 2.51(3.63)  Batch time: 2.51(4.01)
2025-03-28 12:09:31,504   INFO  Save latest model to /OpenPCDet/output/nuscenes_models/cbgs_voxel01_res3d_centerpoint_uncertainty/shifted_bounded_uncertainty/ckpt/latest_model
2025-03-28 12:11:33,306   INFO  Train:   29/30 ( 97%) [ 113/3862 (  3%)]  Loss: -11.67 (-11.9)  LR: 8.789e-05  Time cost: 07:03/3:52:21 [98:49:26/7:51:42]  Acc_iter 108250      Data time: 0.00(0.22)  Forward time: 3.26(3.50)  Batch time: 3.26(3.72)
2025-03-28 12:14:19,398   INFO  Train:   29/30 ( 97%) [ 163/3862 (  4%)]  Loss: -12.46 (-11.9)  LR: 8.675e-05  Time cost: 09:50/3:41:47 [98:52:12/7:33:21]  Acc_iter 108300      Data time: 0.02(0.15)  Forward time: 3.58(3.44)  Batch time: 3.61(3.60)
2025-03-28 12:14:20,414   INFO  
2025-03-28 12:14:30,596   INFO  Save latest model to /OpenPCDet/output/nuscenes_models/cbgs_voxel01_res3d_centerpoint_uncertainty/shifted_bounded_uncertainty/ckpt/latest_model
2025-03-28 12:17:06,938   INFO  Train:   29/30 ( 97%) [ 213/3862 (  6%)]  Loss: -11.85 (-11.9)  LR: 8.562e-05  Time cost: 12:37/3:35:17 [98:55:00/7:23:08]  Acc_iter 108350      Data time: 0.00(0.13)  Forward time: 3.59(3.41)  Batch time: 3.60(3.54)
2025-03-28 12:19:30,777   INFO  Save latest model to /OpenPCDet/output/nuscenes_models/cbgs_voxel01_res3d_centerpoint_uncertainty/shifted_bounded_uncertainty/ckpt/latest_model
2025-03-28 12:19:49,987   INFO  Train:   29/30 ( 97%) [ 263/3862 (  7%)]  Loss: -12.18 (-11.9)  LR: 8.449e-05  Time cost: 15:20/3:29:10 [98:57:43/7:13:37]  Acc_iter 108400      Data time: 0.00(0.10)  Forward time: 3.78(3.38)  Batch time: 3.78(3.49)
2025-03-28 12:22:37,957   INFO  Train:   29/30 ( 97%) [ 313/3862 (  8%)]  Loss: -11.62 (-11.9)  LR: 8.337e-05  Time cost: 18:08/3:25:03 [99:00:31/7:08:12]  Acc_iter 108450      Data time: 0.00(0.09)  Forward time: 2.77(3.38)  Batch time: 2.77(3.47)
2025-03-28 12:22:39,079   INFO  
2025-03-28 12:24:32,894   INFO  Save latest model to /OpenPCDet/output/nuscenes_models/cbgs_voxel01_res3d_centerpoint_uncertainty/shifted_bounded_uncertainty/ckpt/latest_model
2025-03-28 12:25:23,452   INFO  Train:   29/30 ( 97%) [ 363/3862 (  9%)]  Loss: -12.04 (-11.9)  LR: 8.226e-05  Time cost: 20:54/3:20:54 [99:03:16/7:02:40]  Acc_iter 108500      Data time: 0.00(0.08)  Forward time: 3.60(3.36)  Batch time: 3.60(3.45)
2025-03-28 12:28:08,516   INFO  Train:   29/30 ( 97%) [ 413/3862 ( 11%)]  Loss: -11.88 (-11.9)  LR: 8.116e-05  Time cost: 23:39/3:17:02 [99:06:01/6:57:41]  Acc_iter 108550      Data time: 0.00(0.07)  Forward time: 3.17(3.35)  Batch time: 3.17(3.43)
2025-03-28 12:29:30,447   INFO  Save latest model to /OpenPCDet/output/nuscenes_models/cbgs_voxel01_res3d_centerpoint_uncertainty/shifted_bounded_uncertainty/ckpt/latest_model
2025-03-28 12:30:52,256   INFO  Train:   29/30 ( 97%) [ 463/3862 ( 12%)]  Loss: -11.75 (-11.9)  LR: 8.006e-05  Time cost: 26:22/3:13:15 [99:08:45/6:52:49]  Acc_iter 108600      Data time: 0.00(0.07)  Forward time: 2.92(3.34)  Batch time: 2.92(3.41)
2025-03-28 12:30:53,186   INFO  
2025-03-28 12:33:37,933   INFO  Train:   29/30 ( 97%) [ 513/3862 ( 13%)]  Loss: -11.40 (-11.9)  LR: 7.898e-05  Time cost: 29:08/3:09:52 [99:11:31/6:48:50]  Acc_iter 108650      Data time: 0.00(0.06)  Forward time: 3.25(3.34)  Batch time: 3.25(3.40)
2025-03-28 12:34:31,887   INFO  Save latest model to /OpenPCDet/output/nuscenes_models/cbgs_voxel01_res3d_centerpoint_uncertainty/shifted_bounded_uncertainty/ckpt/latest_model
2025-03-28 12:36:18,927   INFO  Train:   29/30 ( 97%) [ 563/3862 ( 15%)]  Loss: -11.83 (-11.9)  LR: 7.789e-05  Time cost: 31:49/3:06:09 [99:14:12/6:44:05]  Acc_iter 108700      Data time: 0.00(0.06)  Forward time: 2.90(3.33)  Batch time: 2.90(3.39)
2025-03-28 12:39:02,501   INFO  Train:   29/30 ( 97%) [ 613/3862 ( 16%)]  Loss: -11.49 (-11.9)  LR: 7.682e-05  Time cost: 34:33/3:02:49 [99:16:55/6:40:09]  Acc_iter 108750      Data time: 0.01(0.06)  Forward time: 3.18(3.32)  Batch time: 3.19(3.38)
2025-03-28 12:39:03,456   INFO  
2025-03-28 12:39:29,857   INFO  Save latest model to /OpenPCDet/output/nuscenes_models/cbgs_voxel01_res3d_centerpoint_uncertainty/shifted_bounded_uncertainty/ckpt/latest_model
2025-03-28 12:41:57,368   INFO  Train:   29/30 ( 97%) [ 663/3862 ( 17%)]  Loss: -11.80 (-11.9)  LR: 7.575e-05  Time cost: 37:27/3:00:30 [99:19:50/6:38:25]  Acc_iter 108800      Data time: 0.00(0.05)  Forward time: 5.33(3.33)  Batch time: 5.33(3.39)
2025-03-28 12:44:31,300   INFO  Save latest model to /OpenPCDet/output/nuscenes_models/cbgs_voxel01_res3d_centerpoint_uncertainty/shifted_bounded_uncertainty/ckpt/latest_model
2025-03-28 12:44:40,750   INFO  Train:   29/30 ( 97%) [ 713/3862 ( 18%)]  Loss: -12.53 (-11.9)  LR: 7.469e-05  Time cost: 40:11/2:57:15 [99:22:33/6:34:38]  Acc_iter 108850      Data time: 0.00(0.05)  Forward time: 2.66(3.33)  Batch time: 2.66(3.38)
2025-03-28 12:47:17,988   INFO  Train:   29/30 ( 97%) [ 763/3862 ( 20%)]  Loss: -12.68 (-11.9)  LR: 7.364e-05  Time cost: 42:48/2:53:38 [99:25:11/6:30:03]  Acc_iter 108900      Data time: 0.00(0.05)  Forward time: 3.55(3.31)  Batch time: 3.55(3.36)
2025-03-28 12:47:19,205   INFO  
2025-03-28 12:49:32,471   INFO  Save latest model to /OpenPCDet/output/nuscenes_models/cbgs_voxel01_res3d_centerpoint_uncertainty/shifted_bounded_uncertainty/ckpt/latest_model
2025-03-28 12:49:58,485   INFO  Train:   29/30 ( 97%) [ 813/3862 ( 21%)]  Loss: -12.04 (-11.9)  LR: 7.260e-05  Time cost: 45:29/2:50:22 [99:27:51/6:26:10]  Acc_iter 108950      Data time: 0.01(0.05)  Forward time: 2.78(3.30)  Batch time: 2.79(3.35)
2025-03-28 12:52:38,973   INFO  Train:   29/30 ( 97%) [ 863/3862 ( 22%)]  Loss: -12.17 (-11.6)  LR: 7.156e-05  Time cost: 48:09/2:47:09 [99:30:32/6:22:26]  Acc_iter 109000      Data time: 0.00(0.05)  Forward time: 2.70(3.30)  Batch time: 2.70(3.34)
2025-03-28 12:54:31,538   INFO  Save latest model to /OpenPCDet/output/nuscenes_models/cbgs_voxel01_res3d_centerpoint_uncertainty/shifted_bounded_uncertainty/ckpt/latest_model
2025-03-28 12:55:12,935   INFO  Train:   29/30 ( 97%) [ 913/3862 ( 24%)]  Loss: -11.41 (-11.6)  LR: 7.053e-05  Time cost: 50:43/2:43:39 [99:33:06/6:18:00]  Acc_iter 109050      Data time: 0.00(0.04)  Forward time: 2.65(3.29)  Batch time: 2.65(3.33)
2025-03-28 12:55:13,909   INFO  
2025-03-28 12:57:57,815   INFO  Train:   29/30 ( 97%) [ 963/3862 ( 25%)]  Loss: -11.59 (-11.6)  LR: 6.950e-05  Time cost: 53:28/2:40:48 [99:35:50/6:15:02]  Acc_iter 109100      Data time: 0.00(0.04)  Forward time: 2.63(3.29)  Batch time: 2.63(3.33)
2025-03-28 12:59:30,119   INFO  Save latest model to /OpenPCDet/output/nuscenes_models/cbgs_voxel01_res3d_centerpoint_uncertainty/shifted_bounded_uncertainty/ckpt/latest_model
2025-03-28 13:00:41,443   INFO  Train:   29/30 ( 97%) [1013/3862 ( 26%)]  Loss: -11.94 (-11.6)  LR: 6.849e-05  Time cost: 56:12/2:37:54 [99:38:34/6:11:57]  Acc_iter 109150      Data time: 0.00(0.04)  Forward time: 3.37(3.28)  Batch time: 3.38(3.33)
2025-03-28 13:03:23,433   INFO  Train:   29/30 ( 97%) [1063/3862 ( 28%)]  Loss: -12.64 (-11.6)  LR: 6.748e-05  Time cost: 58:54/2:34:56 [99:41:16/6:08:44]  Acc_iter 109200      Data time: 0.00(0.04)  Forward time: 2.55(3.28)  Batch time: 2.55(3.32)
2025-03-28 13:03:24,514   INFO  
2025-03-28 13:04:30,924   INFO  Save latest model to /OpenPCDet/output/nuscenes_models/cbgs_voxel01_res3d_centerpoint_uncertainty/shifted_bounded_uncertainty/ckpt/latest_model
2025-03-28 13:06:06,380   INFO  Train:   29/30 ( 97%) [1113/3862 ( 29%)]  Loss: -12.35 (-11.6)  LR: 6.648e-05  Time cost: 1:01:36/2:32:03 [99:43:59/6:05:39]  Acc_iter 109250      Data time: 0.06(0.04)  Forward time: 3.64(3.28)  Batch time: 3.70(3.32)
2025-03-28 13:08:50,844   INFO  Train:   29/30 ( 97%) [1163/3862 ( 30%)]  Loss: -12.21 (-11.7)  LR: 6.549e-05  Time cost: 1:04:21/2:29:13 [99:46:43/6:02:45]  Acc_iter 109300      Data time: 0.00(0.04)  Forward time: 2.99(3.28)  Batch time: 3.00(3.32)
2025-03-28 13:09:31,044   INFO  Save latest model to /OpenPCDet/output/nuscenes_models/cbgs_voxel01_res3d_centerpoint_uncertainty/shifted_bounded_uncertainty/ckpt/latest_model
2025-03-28 13:11:30,667   INFO  Train:   29/30 ( 97%) [1213/3862 ( 31%)]  Loss: -12.28 (-11.7)  LR: 6.450e-05  Time cost: 1:07:01/2:26:14 [99:49:23/5:59:27]  Acc_iter 109350      Data time: 0.00(0.04)  Forward time: 2.95(3.28)  Batch time: 2.95(3.31)
2025-03-28 13:11:31,690   INFO  
2025-03-28 13:14:22,249   INFO  Train:   29/30 ( 97%) [1263/3862 ( 33%)]  Loss: -11.99 (-11.7)  LR: 6.352e-05  Time cost: 1:09:52/2:23:41 [99:52:15/5:57:12]  Acc_iter 109400      Data time: 0.00(0.04)  Forward time: 3.13(3.28)  Batch time: 3.13(3.32)
2025-03-28 13:14:32,766   INFO  Save latest model to /OpenPCDet/output/nuscenes_models/cbgs_voxel01_res3d_centerpoint_uncertainty/shifted_bounded_uncertainty/ckpt/latest_model
2025-03-28 13:17:09,226   INFO  Train:   29/30 ( 97%) [1313/3862 ( 34%)]  Loss: -11.89 (-11.7)  LR: 6.255e-05  Time cost: 1:12:39/2:20:57 [99:55:02/5:54:31]  Acc_iter 109450      Data time: 0.01(0.04)  Forward time: 4.43(3.28)  Batch time: 4.43(3.32)
2025-03-28 13:19:30,525   INFO  Save latest model to /OpenPCDet/output/nuscenes_models/cbgs_voxel01_res3d_centerpoint_uncertainty/shifted_bounded_uncertainty/ckpt/latest_model
2025-03-28 13:19:46,286   INFO  Train:   29/30 ( 97%) [1363/3862 ( 35%)]  Loss: -11.02 (-11.7)  LR: 6.158e-05  Time cost: 1:15:16/2:17:55 [99:57:39/5:51:04]  Acc_iter 109500      Data time: 0.00(0.03)  Forward time: 3.58(3.28)  Batch time: 3.58(3.31)
2025-03-28 13:19:47,250   INFO  
2025-03-28 13:22:33,957   INFO  Train:   29/30 ( 97%) [1413/3862 ( 37%)]  Loss: -12.48 (-11.7)  LR: 6.063e-05  Time cost: 1:18:04/2:15:13 [100:00:27/5:48:28]  Acc_iter 109550      Data time: 0.02(0.03)  Forward time: 2.79(3.28)  Batch time: 2.81(3.31)
2025-03-28 13:24:31,280   INFO  Save latest model to /OpenPCDet/output/nuscenes_models/cbgs_voxel01_res3d_centerpoint_uncertainty/shifted_bounded_uncertainty/ckpt/latest_model
2025-03-28 13:25:03,592   INFO  Train:   29/30 ( 97%) [1463/3862 ( 38%)]  Loss: -12.17 (-11.7)  LR: 5.968e-05  Time cost: 1:20:34/2:12:01 [100:02:56/5:44:34]  Acc_iter 109600      Data time: 0.01(0.04)  Forward time: 2.74(3.27)  Batch time: 2.74(3.30)
2025-03-28 13:27:48,097   INFO  Train:   29/30 ( 97%) [1513/3862 ( 39%)]  Loss: -11.96 (-11.7)  LR: 5.873e-05  Time cost: 1:23:18/2:09:15 [100:05:41/5:41:46]  Acc_iter 109650      Data time: 0.00(0.03)  Forward time: 2.80(3.27)  Batch time: 2.81(3.30)
2025-03-28 13:27:49,478   INFO  
2025-03-28 13:29:32,350   INFO  Save latest model to /OpenPCDet/output/nuscenes_models/cbgs_voxel01_res3d_centerpoint_uncertainty/shifted_bounded_uncertainty/ckpt/latest_model
2025-03-28 13:30:38,539   INFO  Train:   29/30 ( 97%) [1563/3862 ( 40%)]  Loss: -11.34 (-11.7)  LR: 5.780e-05  Time cost: 1:26:09/2:06:38 [100:08:31/5:39:22]  Acc_iter 109700      Data time: 0.00(0.03)  Forward time: 2.91(3.27)  Batch time: 2.91(3.31)
2025-03-28 13:33:27,598   INFO  Train:   29/30 ( 97%) [1613/3862 ( 42%)]  Loss: -11.39 (-11.7)  LR: 5.687e-05  Time cost: 1:28:58/2:03:58 [100:11:20/5:36:51]  Acc_iter 109750      Data time: 0.00(0.03)  Forward time: 3.18(3.27)  Batch time: 3.19(3.31)
2025-03-28 13:34:30,132   INFO  Save latest model to /OpenPCDet/output/nuscenes_models/cbgs_voxel01_res3d_centerpoint_uncertainty/shifted_bounded_uncertainty/ckpt/latest_model
2025-03-28 13:36:05,318   INFO  Train:   29/30 ( 97%) [1663/3862 ( 43%)]  Loss: -11.63 (-11.7)  LR: 5.595e-05  Time cost: 1:31:35/2:01:02 [100:13:58/5:33:38]  Acc_iter 109800      Data time: 0.00(0.03)  Forward time: 2.32(3.27)  Batch time: 2.32(3.30)
2025-03-28 13:36:06,457   INFO  
2025-03-28 13:38:45,158   INFO  Train:   29/30 ( 97%) [1713/3862 ( 44%)]  Loss: -12.54 (-11.7)  LR: 5.504e-05  Time cost: 1:34:15/1:58:11 [100:16:38/5:30:34]  Acc_iter 109850      Data time: 0.00(0.03)  Forward time: 2.30(3.27)  Batch time: 2.30(3.30)
2025-03-28 13:39:32,193   INFO  Save latest model to /OpenPCDet/output/nuscenes_models/cbgs_voxel01_res3d_centerpoint_uncertainty/shifted_bounded_uncertainty/ckpt/latest_model
2025-03-28 13:41:23,049   INFO  Train:   29/30 ( 97%) [1763/3862 ( 46%)]  Loss: -11.67 (-11.7)  LR: 5.413e-05  Time cost: 1:36:53/1:55:17 [100:19:16/5:27:25]  Acc_iter 109900      Data time: 0.00(0.03)  Forward time: 3.39(3.26)  Batch time: 3.39(3.30)
2025-03-28 13:43:58,750   INFO  Train:   29/30 ( 97%) [1813/3862 ( 47%)]  Loss: -11.88 (-11.8)  LR: 5.323e-05  Time cost: 1:39:29/1:52:22 [100:21:51/5:24:11]  Acc_iter 109950      Data time: 0.00(0.03)  Forward time: 2.88(3.26)  Batch time: 2.88(3.29)
2025-03-28 13:43:59,666   INFO  
2025-03-28 13:44:32,125   INFO  Save latest model to /OpenPCDet/output/nuscenes_models/cbgs_voxel01_res3d_centerpoint_uncertainty/shifted_bounded_uncertainty/ckpt/latest_model
2025-03-28 13:46:39,706   INFO  Train:   29/30 ( 97%) [1863/3862 ( 48%)]  Loss: -12.60 (-11.8)  LR: 5.234e-05  Time cost: 1:42:10/1:49:34 [100:24:32/5:21:15]  Acc_iter 110000      Data time: 0.02(0.03)  Forward time: 2.79(3.26)  Batch time: 2.80(3.29)
2025-03-28 13:49:24,596   INFO  Train:   29/30 ( 97%) [1913/3862 ( 50%)]  Loss: -12.06 (-11.8)  LR: 5.146e-05  Time cost: 1:44:55/1:46:50 [100:27:17/5:18:32]  Acc_iter 110050      Data time: 0.00(0.03)  Forward time: 3.41(3.26)  Batch time: 3.41(3.29)
2025-03-28 13:49:31,032   INFO  Save latest model to /OpenPCDet/output/nuscenes_models/cbgs_voxel01_res3d_centerpoint_uncertainty/shifted_bounded_uncertainty/ckpt/latest_model
2025-03-28 13:52:03,114   INFO  Train:   29/30 ( 97%) [1963/3862 ( 51%)]  Loss: -11.64 (-11.8)  LR: 5.058e-05  Time cost: 1:47:33/1:44:00 [100:29:56/5:15:30]  Acc_iter 110100      Data time: 0.00(0.03)  Forward time: 2.56(3.26)  Batch time: 2.56(3.29)
2025-03-28 13:52:04,463   INFO  
2025-03-28 13:54:31,689   INFO  Save latest model to /OpenPCDet/output/nuscenes_models/cbgs_voxel01_res3d_centerpoint_uncertainty/shifted_bounded_uncertainty/ckpt/latest_model
2025-03-28 13:54:45,075   INFO  Train:   29/30 ( 97%) [2013/3862 ( 52%)]  Loss: -11.85 (-11.8)  LR: 4.971e-05  Time cost: 1:50:15/1:41:13 [100:32:38/5:12:39]  Acc_iter 110150      Data time: 0.00(0.03)  Forward time: 2.79(3.25)  Batch time: 2.79(3.28)
2025-03-28 13:57:22,317   INFO  Train:   29/30 ( 97%) [2063/3862 ( 53%)]  Loss: -11.11 (-11.8)  LR: 4.885e-05  Time cost: 1:52:52/1:38:23 [100:35:15/5:09:36]  Acc_iter 110200      Data time: 0.00(0.03)  Forward time: 4.64(3.25)  Batch time: 4.64(3.28)
2025-03-28 13:59:30,573   INFO  Save latest model to /OpenPCDet/output/nuscenes_models/cbgs_voxel01_res3d_centerpoint_uncertainty/shifted_bounded_uncertainty/ckpt/latest_model
2025-03-28 14:00:06,712   INFO  Train:   29/30 ( 97%) [2113/3862 ( 55%)]  Loss: -11.85 (-11.8)  LR: 4.800e-05  Time cost: 1:55:37/1:35:39 [100:37:59/5:06:53]  Acc_iter 110250      Data time: 0.00(0.03)  Forward time: 2.60(3.25)  Batch time: 2.60(3.28)
2025-03-28 14:00:07,977   INFO  
2025-03-28 14:02:48,516   INFO  Train:   29/30 ( 97%) [2163/3862 ( 56%)]  Loss: -12.09 (-11.8)  LR: 4.715e-05  Time cost: 1:58:19/1:32:53 [100:40:41/5:04:03]  Acc_iter 110300      Data time: 0.05(0.03)  Forward time: 3.23(3.25)  Batch time: 3.28(3.28)
2025-03-28 14:04:31,029   INFO  Save latest model to /OpenPCDet/output/nuscenes_models/cbgs_voxel01_res3d_centerpoint_uncertainty/shifted_bounded_uncertainty/ckpt/latest_model
2025-03-28 14:05:24,852   INFO  Train:   29/30 ( 97%) [2213/3862 ( 57%)]  Loss: -11.65 (-11.8)  LR: 4.631e-05  Time cost: 2:00:55/1:30:03 [100:43:17/5:01:00]  Acc_iter 110350      Data time: 0.00(0.03)  Forward time: 2.37(3.25)  Batch time: 2.38(3.28)
2025-03-28 14:08:04,862   INFO  Train:   29/30 ( 97%) [2263/3862 ( 59%)]  Loss: -12.76 (-11.8)  LR: 4.548e-05  Time cost: 2:03:35/1:27:17 [100:45:57/4:58:06]  Acc_iter 110400      Data time: 0.00(0.03)  Forward time: 2.58(3.25)  Batch time: 2.58(3.28)
2025-03-28 14:08:05,841   INFO  
2025-03-28 14:09:30,110   INFO  Save latest model to /OpenPCDet/output/nuscenes_models/cbgs_voxel01_res3d_centerpoint_uncertainty/shifted_bounded_uncertainty/ckpt/latest_model
2025-03-28 14:10:52,705   INFO  Train:   29/30 ( 97%) [2313/3862 ( 60%)]  Loss: -11.74 (-11.8)  LR: 4.465e-05  Time cost: 2:06:23/1:24:36 [100:48:45/4:55:32]  Acc_iter 110450      Data time: 0.00(0.03)  Forward time: 3.87(3.25)  Batch time: 3.87(3.28)
2025-03-28 14:13:28,819   INFO  Train:   29/30 ( 97%) [2363/3862 ( 61%)]  Loss: -12.64 (-11.8)  LR: 4.384e-05  Time cost: 2:08:59/1:21:47 [100:51:21/4:52:31]  Acc_iter 110500      Data time: 0.01(0.03)  Forward time: 2.31(3.25)  Batch time: 2.32(3.27)
2025-03-28 14:14:31,997   INFO  Save latest model to /OpenPCDet/output/nuscenes_models/cbgs_voxel01_res3d_centerpoint_uncertainty/shifted_bounded_uncertainty/ckpt/latest_model
2025-03-28 14:16:10,847   INFO  Train:   29/30 ( 97%) [2413/3862 ( 62%)]  Loss: -12.51 (-11.8)  LR: 4.303e-05  Time cost: 2:11:41/1:19:02 [100:54:03/4:49:43]  Acc_iter 110550      Data time: 0.00(0.03)  Forward time: 3.24(3.24)  Batch time: 3.25(3.27)
2025-03-28 14:16:12,418   INFO  
2025-03-28 14:18:54,949   INFO  Train:   29/30 ( 97%) [2463/3862 ( 64%)]  Loss: -11.96 (-11.8)  LR: 4.223e-05  Time cost: 2:14:25/1:16:19 [100:56:48/4:47:01]  Acc_iter 110600      Data time: 0.01(0.03)  Forward time: 2.68(3.24)  Batch time: 2.69(3.27)
2025-03-28 14:19:30,887   INFO  Save latest model to /OpenPCDet/output/nuscenes_models/cbgs_voxel01_res3d_centerpoint_uncertainty/shifted_bounded_uncertainty/ckpt/latest_model
2025-03-28 14:21:39,220   INFO  Train:   29/30 ( 97%) [2513/3862 ( 65%)]  Loss: -12.27 (-11.8)  LR: 4.143e-05  Time cost: 2:17:09/1:13:36 [100:59:32/4:44:18]  Acc_iter 110650      Data time: 0.00(0.03)  Forward time: 2.72(3.25)  Batch time: 2.72(3.27)
2025-03-28 14:24:22,468   INFO  Train:   29/30 ( 97%) [2563/3862 ( 66%)]  Loss: -11.59 (-11.8)  LR: 4.064e-05  Time cost: 2:19:53/1:10:52 [101:02:15/4:41:34]  Acc_iter 110700      Data time: 0.00(0.03)  Forward time: 3.44(3.25)  Batch time: 3.44(3.27)
2025-03-28 14:24:23,758   INFO  
2025-03-28 14:24:31,496   INFO  Save latest model to /OpenPCDet/output/nuscenes_models/cbgs_voxel01_res3d_centerpoint_uncertainty/shifted_bounded_uncertainty/ckpt/latest_model
2025-03-28 14:27:09,225   INFO  Train:   29/30 ( 97%) [2613/3862 ( 68%)]  Loss: -10.78 (-11.8)  LR: 3.987e-05  Time cost: 2:22:39/1:08:09 [101:05:02/4:38:56]  Acc_iter 110750      Data time: 0.00(0.03)  Forward time: 2.81(3.25)  Batch time: 2.81(3.27)
2025-03-28 14:29:32,129   INFO  Save latest model to /OpenPCDet/output/nuscenes_models/cbgs_voxel01_res3d_centerpoint_uncertainty/shifted_bounded_uncertainty/ckpt/latest_model
2025-03-28 14:29:47,881   INFO  Train:   29/30 ( 97%) [2663/3862 ( 69%)]  Loss: -11.86 (-11.8)  LR: 3.909e-05  Time cost: 2:25:18/1:05:23 [101:07:41/4:36:03]  Acc_iter 110800      Data time: 0.00(0.03)  Forward time: 3.60(3.24)  Batch time: 3.61(3.27)
2025-03-28 14:32:24,193   INFO  Train:   29/30 ( 97%) [2713/3862 ( 70%)]  Loss: -11.34 (-11.8)  LR: 3.833e-05  Time cost: 2:27:54/1:02:37 [101:10:17/4:33:06]  Acc_iter 110850      Data time: 0.01(0.03)  Forward time: 4.18(3.24)  Batch time: 4.19(3.27)
2025-03-28 14:32:25,230   INFO  
2025-03-28 14:34:32,806   INFO  Save latest model to /OpenPCDet/output/nuscenes_models/cbgs_voxel01_res3d_centerpoint_uncertainty/shifted_bounded_uncertainty/ckpt/latest_model
2025-03-28 14:35:07,126   INFO  Train:   29/30 ( 97%) [2763/3862 ( 72%)]  Loss: -12.08 (-11.8)  LR: 3.757e-05  Time cost: 2:30:37/59:53 [101:13:00/4:30:21]  Acc_iter 110900      Data time: 0.00(0.03)  Forward time: 2.62(3.24)  Batch time: 2.62(3.27)
2025-03-28 14:37:48,874   INFO  Train:   29/30 ( 97%) [2813/3862 ( 73%)]  Loss: -12.04 (-11.8)  LR: 3.682e-05  Time cost: 2:33:19/57:09 [101:15:41/4:27:34]  Acc_iter 110950      Data time: 0.01(0.03)  Forward time: 3.71(3.24)  Batch time: 3.72(3.27)
2025-03-28 14:39:32,041   INFO  Save latest model to /OpenPCDet/output/nuscenes_models/cbgs_voxel01_res3d_centerpoint_uncertainty/shifted_bounded_uncertainty/ckpt/latest_model
2025-03-28 14:40:34,845   INFO  Train:   29/30 ( 97%) [2863/3862 ( 74%)]  Loss: -11.56 (-11.8)  LR: 3.608e-05  Time cost: 2:36:05/54:26 [101:18:27/4:24:55]  Acc_iter 111000      Data time: 0.01(0.03)  Forward time: 3.05(3.24)  Batch time: 3.06(3.27)
2025-03-28 14:40:35,809   INFO  
2025-03-28 14:43:22,025   INFO  Train:   29/30 ( 97%) [2913/3862 ( 75%)]  Loss: -12.25 (-11.8)  LR: 3.534e-05  Time cost: 2:38:52/51:44 [101:21:15/4:22:18]  Acc_iter 111050      Data time: 0.00(0.03)  Forward time: 2.56(3.24)  Batch time: 2.56(3.27)
2025-03-28 14:44:30,384   INFO  Save latest model to /OpenPCDet/output/nuscenes_models/cbgs_voxel01_res3d_centerpoint_uncertainty/shifted_bounded_uncertainty/ckpt/latest_model
2025-03-28 14:45:57,082   INFO  Train:   29/30 ( 97%) [2963/3862 ( 77%)]  Loss: -12.20 (-11.8)  LR: 3.462e-05  Time cost: 2:41:27/48:58 [101:23:50/4:19:21]  Acc_iter 111100      Data time: 0.00(0.03)  Forward time: 2.75(3.24)  Batch time: 2.75(3.27)
2025-03-28 14:48:41,534   INFO  Train:   29/30 ( 97%) [3013/3862 ( 78%)]  Loss: -11.86 (-11.8)  LR: 3.390e-05  Time cost: 2:44:12/46:15 [101:26:34/4:16:39]  Acc_iter 111150      Data time: 0.00(0.03)  Forward time: 3.19(3.24)  Batch time: 3.19(3.27)
2025-03-28 14:48:42,462   INFO  
2025-03-28 14:49:29,820   INFO  Save latest model to /OpenPCDet/output/nuscenes_models/cbgs_voxel01_res3d_centerpoint_uncertainty/shifted_bounded_uncertainty/ckpt/latest_model
2025-03-28 14:51:20,256   INFO  Train:   29/30 ( 97%) [3063/3862 ( 79%)]  Loss: -11.38 (-11.8)  LR: 3.318e-05  Time cost: 2:46:50/43:30 [101:29:13/4:13:48]  Acc_iter 111200      Data time: 0.00(0.03)  Forward time: 3.52(3.24)  Batch time: 3.52(3.27)
2025-03-28 14:53:56,046   INFO  Train:   29/30 ( 97%) [3113/3862 ( 81%)]  Loss: -11.88 (-11.8)  LR: 3.248e-05  Time cost: 2:49:26/40:45 [101:31:49/4:10:54]  Acc_iter 111250      Data time: 0.00(0.03)  Forward time: 4.19(3.24)  Batch time: 4.19(3.26)
2025-03-28 14:54:29,966   INFO  Save latest model to /OpenPCDet/output/nuscenes_models/cbgs_voxel01_res3d_centerpoint_uncertainty/shifted_bounded_uncertainty/ckpt/latest_model
2025-03-28 14:56:46,938   INFO  Train:   29/30 ( 97%) [3163/3862 ( 82%)]  Loss: -11.86 (-11.8)  LR: 3.178e-05  Time cost: 2:52:17/38:03 [101:34:40/4:08:21]  Acc_iter 111300      Data time: 0.00(0.03)  Forward time: 3.40(3.24)  Batch time: 3.41(3.27)
2025-03-28 14:56:48,253   INFO  
2025-03-28 14:59:27,509   INFO  Train:   29/30 ( 97%) [3213/3862 ( 83%)]  Loss: -11.99 (-11.8)  LR: 3.109e-05  Time cost: 2:54:58/35:19 [101:37:20/4:05:34]  Acc_iter 111350      Data time: 0.00(0.03)  Forward time: 2.60(3.24)  Batch time: 2.60(3.27)
2025-03-28 14:59:30,572   INFO  Save latest model to /OpenPCDet/output/nuscenes_models/cbgs_voxel01_res3d_centerpoint_uncertainty/shifted_bounded_uncertainty/ckpt/latest_model
2025-03-28 15:02:15,660   INFO  Train:   29/30 ( 97%) [3263/3862 ( 84%)]  Loss: -12.32 (-11.8)  LR: 3.041e-05  Time cost: 2:57:46/32:37 [101:40:08/4:02:57]  Acc_iter 111400      Data time: 0.01(0.03)  Forward time: 4.13(3.24)  Batch time: 4.14(3.27)
2025-03-28 15:04:32,834   INFO  Save latest model to /OpenPCDet/output/nuscenes_models/cbgs_voxel01_res3d_centerpoint_uncertainty/shifted_bounded_uncertainty/ckpt/latest_model
2025-03-28 15:05:02,417   INFO  Train:   29/30 ( 97%) [3313/3862 ( 86%)]  Loss: -11.45 (-11.8)  LR: 2.973e-05  Time cost: 3:00:33/29:54 [101:42:55/4:00:18]  Acc_iter 111450      Data time: 0.00(0.03)  Forward time: 3.04(3.24)  Batch time: 3.04(3.27)
2025-03-28 15:05:03,455   INFO  
2025-03-28 15:07:53,817   INFO  Train:   29/30 ( 97%) [3363/3862 ( 87%)]  Loss: -12.54 (-11.8)  LR: 2.907e-05  Time cost: 3:03:24/27:12 [101:45:46/3:57:45]  Acc_iter 111500      Data time: 0.00(0.03)  Forward time: 4.19(3.25)  Batch time: 4.20(3.27)
2025-03-28 15:09:30,275   INFO  Save latest model to /OpenPCDet/output/nuscenes_models/cbgs_voxel01_res3d_centerpoint_uncertainty/shifted_bounded_uncertainty/ckpt/latest_model
2025-03-28 15:10:40,667   INFO  Train:   29/30 ( 97%) [3413/3862 ( 88%)]  Loss: -11.55 (-11.8)  LR: 2.841e-05  Time cost: 3:06:11/24:29 [101:48:33/3:55:06]  Acc_iter 111550      Data time: 0.00(0.03)  Forward time: 3.07(3.25)  Batch time: 3.07(3.27)
2025-03-28 15:13:29,709   INFO  Train:   29/30 ( 97%) [3463/3862 ( 90%)]  Loss: -11.87 (-11.8)  LR: 2.775e-05  Time cost: 3:09:00/21:46 [101:51:22/3:52:29]  Acc_iter 111600      Data time: 0.01(0.03)  Forward time: 3.39(3.25)  Batch time: 3.40(3.27)
2025-03-28 15:13:30,911   INFO  
2025-03-28 15:14:30,707   INFO  Save latest model to /OpenPCDet/output/nuscenes_models/cbgs_voxel01_res3d_centerpoint_uncertainty/shifted_bounded_uncertainty/ckpt/latest_model
2025-03-28 15:16:14,859   INFO  Train:   29/30 ( 97%) [3513/3862 ( 91%)]  Loss: -11.70 (-11.8)  LR: 2.711e-05  Time cost: 3:11:45/19:02 [101:54:07/3:49:47]  Acc_iter 111650      Data time: 0.00(0.03)  Forward time: 3.68(3.25)  Batch time: 3.69(3.27)
2025-03-28 15:18:56,182   INFO  Train:   29/30 ( 97%) [3563/3862 ( 92%)]  Loss: -11.51 (-11.8)  LR: 2.647e-05  Time cost: 3:14:26/16:18 [101:56:49/3:47:01]  Acc_iter 111700      Data time: 0.00(0.03)  Forward time: 4.43(3.25)  Batch time: 4.44(3.27)
2025-03-28 15:19:30,546   INFO  Save latest model to /OpenPCDet/output/nuscenes_models/cbgs_voxel01_res3d_centerpoint_uncertainty/shifted_bounded_uncertainty/ckpt/latest_model
2025-03-28 15:21:33,723   INFO  Train:   29/30 ( 97%) [3613/3862 ( 94%)]  Loss: -11.78 (-11.8)  LR: 2.584e-05  Time cost: 3:17:04/13:34 [101:59:26/3:44:10]  Acc_iter 111750      Data time: 0.00(0.03)  Forward time: 3.20(3.25)  Batch time: 3.21(3.27)
2025-03-28 15:21:34,837   INFO  
2025-03-28 15:24:23,058   INFO  Train:   29/30 ( 97%) [3663/3862 ( 95%)]  Loss: -11.75 (-11.8)  LR: 2.522e-05  Time cost: 3:19:53/10:51 [102:02:16/3:41:33]  Acc_iter 111800      Data time: 0.01(0.03)  Forward time: 3.61(3.25)  Batch time: 3.61(3.27)
2025-03-28 15:24:30,208   INFO  Save latest model to /OpenPCDet/output/nuscenes_models/cbgs_voxel01_res3d_centerpoint_uncertainty/shifted_bounded_uncertainty/ckpt/latest_model
2025-03-28 15:27:08,882   INFO  Train:   29/30 ( 97%) [3713/3862 ( 96%)]  Loss: -11.72 (-11.8)  LR: 2.461e-05  Time cost: 3:22:39/08:07 [102:05:02/3:38:51]  Acc_iter 111850      Data time: 0.00(0.03)  Forward time: 3.45(3.25)  Batch time: 3.45(3.27)
2025-03-28 15:29:30,866   INFO  Save latest model to /OpenPCDet/output/nuscenes_models/cbgs_voxel01_res3d_centerpoint_uncertainty/shifted_bounded_uncertainty/ckpt/latest_model
2025-03-28 15:29:49,008   INFO  Train:   29/30 ( 97%) [3763/3862 ( 97%)]  Loss: -12.45 (-11.8)  LR: 2.400e-05  Time cost: 3:25:19/05:24 [102:07:42/3:36:04]  Acc_iter 111900      Data time: 0.00(0.03)  Forward time: 3.04(3.25)  Batch time: 3.04(3.27)
2025-03-28 15:29:49,932   INFO  
2025-03-28 15:32:29,763   INFO  Train:   29/30 ( 97%) [3813/3862 ( 99%)]  Loss: -11.89 (-11.9)  LR: 2.340e-05  Time cost: 3:28:00/02:40 [102:10:22/3:33:17]  Acc_iter 111950      Data time: 0.01(0.03)  Forward time: 2.87(3.25)  Batch time: 2.88(3.27)
2025-03-28 15:34:30,915   INFO  Save latest model to /OpenPCDet/output/nuscenes_models/cbgs_voxel01_res3d_centerpoint_uncertainty/shifted_bounded_uncertainty/ckpt/latest_model
2025-03-28 15:35:05,468   INFO  Train:   29/30 ( 97%) [3861/3862 (100%)]  Loss: -11.23 (-11.9)  LR: 2.283e-05  Time cost: 3:30:36/00:03 [102:12:58/3:30:39]  Acc_iter 111998      Data time: 0.01(0.02)  Forward time: 2.44(3.25)  Batch time: 2.45(3.27)
2025-03-28 15:35:31,286   INFO  Train:   30/30 (100%) [   0/3862 (  0%)]  Loss: -11.90 (-11.9)  LR: 2.282e-05  Time cost: 00:23/24:41:32 [102:13:24/24:41:32]  Acc_iter 111999      Data time: 19.06(19.06)  Forward time: 3.95(3.95)  Batch time: 23.02(23.02)
2025-03-28 15:35:34,715   INFO  Train:   30/30 (100%) [   1/3862 (  0%)]  Loss: -11.67 (-11.8)  LR: 2.281e-05  Time cost: 00:26/14:10:53 [102:13:27/14:10:53]  Acc_iter 112000      Data time: 0.01(9.54)  Forward time: 3.42(3.69)  Batch time: 3.43(13.22)
2025-03-28 15:38:36,933   INFO  Train:   30/30 (100%) [  51/3862 (  1%)]  Loss: -11.43 (-12.0)  LR: 2.222e-05  Time cost: 03:28/4:14:52 [102:16:30/4:14:52]  Acc_iter 112050      Data time: 0.01(0.37)  Forward time: 4.60(3.64)  Batch time: 4.62(4.01)
2025-03-28 15:38:38,044   INFO  
2025-03-28 15:40:09,821   INFO  Save latest model to /OpenPCDet/output/nuscenes_models/cbgs_voxel01_res3d_centerpoint_uncertainty/shifted_bounded_uncertainty/ckpt/latest_model
2025-03-28 15:41:30,958   INFO  Train:   30/30 (100%) [ 101/3862 (  3%)]  Loss: -12.05 (-12.0)  LR: 2.164e-05  Time cost: 06:22/3:55:10 [102:19:24/3:55:10]  Acc_iter 112100      Data time: 0.00(0.21)  Forward time: 2.90(3.54)  Batch time: 2.90(3.75)
2025-03-28 15:44:14,127   INFO  Train:   30/30 (100%) [ 151/3862 (  4%)]  Loss: -12.37 (-12.0)  LR: 2.108e-05  Time cost: 09:05/3:42:06 [102:22:07/3:42:06]  Acc_iter 112150      Data time: 0.00(0.14)  Forward time: 4.05(3.45)  Batch time: 4.06(3.59)
2025-03-28 15:45:09,315   INFO  Save latest model to /OpenPCDet/output/nuscenes_models/cbgs_voxel01_res3d_centerpoint_uncertainty/shifted_bounded_uncertainty/ckpt/latest_model
2025-03-28 15:47:01,861   INFO  Train:   30/30 (100%) [ 201/3862 (  5%)]  Loss: -12.45 (-12.0)  LR: 2.051e-05  Time cost: 11:53/3:35:32 [102:24:54/3:35:32]  Acc_iter 112200      Data time: 0.00(0.11)  Forward time: 2.78(3.42)  Batch time: 2.79(3.53)
2025-03-28 15:47:03,140   INFO  
2025-03-28 15:49:44,774   INFO  Train:   30/30 (100%) [ 251/3862 (  6%)]  Loss: -11.38 (-12.0)  LR: 1.996e-05  Time cost: 14:36/3:29:19 [102:27:37/3:29:19]  Acc_iter 112250      Data time: 0.00(0.10)  Forward time: 3.51(3.38)  Batch time: 3.52(3.48)
2025-03-28 15:50:11,210   INFO  Save latest model to /OpenPCDet/output/nuscenes_models/cbgs_voxel01_res3d_centerpoint_uncertainty/shifted_bounded_uncertainty/ckpt/latest_model
2025-03-28 15:52:23,612   INFO  Train:   30/30 (100%) [ 301/3862 (  8%)]  Loss: -12.23 (-12.0)  LR: 1.941e-05  Time cost: 17:15/3:23:28 [102:30:16/3:23:28]  Acc_iter 112300      Data time: 0.00(0.08)  Forward time: 2.79(3.34)  Batch time: 2.79(3.43)
2025-03-28 15:55:10,196   INFO  Train:   30/30 (100%) [ 351/3862 (  9%)]  Loss: -11.88 (-12.0)  LR: 1.887e-05  Time cost: 20:01/3:19:48 [102:33:03/3:19:48]  Acc_iter 112350      Data time: 0.00(0.07)  Forward time: 2.75(3.34)  Batch time: 2.76(3.41)
2025-03-28 15:55:11,061   INFO  
2025-03-28 15:55:11,393   INFO  Save latest model to /OpenPCDet/output/nuscenes_models/cbgs_voxel01_res3d_centerpoint_uncertainty/shifted_bounded_uncertainty/ckpt/latest_model
2025-03-28 15:58:03,896   INFO  Train:   30/30 (100%) [ 401/3862 ( 10%)]  Loss: -12.10 (-12.0)  LR: 1.834e-05  Time cost: 22:55/3:17:23 [102:35:57/3:17:23]  Acc_iter 112400      Data time: 0.01(0.07)  Forward time: 4.24(3.35)  Batch time: 4.25(3.42)
2025-03-28 16:00:10,159   INFO  Save latest model to /OpenPCDet/output/nuscenes_models/cbgs_voxel01_res3d_centerpoint_uncertainty/shifted_bounded_uncertainty/ckpt/latest_model
2025-03-28 16:00:55,547   INFO  Train:   30/30 (100%) [ 451/3862 ( 12%)]  Loss: -12.20 (-12.0)  LR: 1.782e-05  Time cost: 25:47/3:14:36 [102:38:48/3:14:36]  Acc_iter 112450      Data time: 0.00(0.06)  Forward time: 2.75(3.36)  Batch time: 2.75(3.42)
2025-03-28 16:03:39,617   INFO  Train:   30/30 (100%) [ 501/3862 ( 13%)]  Loss: -11.66 (-12.0)  LR: 1.730e-05  Time cost: 28:31/3:10:57 [102:41:32/3:10:57]  Acc_iter 112500      Data time: 0.00(0.06)  Forward time: 3.35(3.35)  Batch time: 3.36(3.41)
2025-03-28 16:03:41,068   INFO  
2025-03-28 16:05:09,572   INFO  Save latest model to /OpenPCDet/output/nuscenes_models/cbgs_voxel01_res3d_centerpoint_uncertainty/shifted_bounded_uncertainty/ckpt/latest_model
2025-03-28 16:06:30,055   INFO  Train:   30/30 (100%) [ 551/3862 ( 14%)]  Loss: -12.00 (-12.0)  LR: 1.679e-05  Time cost: 31:21/3:08:07 [102:44:23/3:08:07]  Acc_iter 112550      Data time: 0.00(0.06)  Forward time: 3.93(3.35)  Batch time: 3.94(3.41)
2025-03-28 16:09:12,255   INFO  Train:   30/30 (100%) [ 601/3862 ( 16%)]  Loss: -11.73 (-12.0)  LR: 1.629e-05  Time cost: 34:03/3:04:32 [102:47:05/3:04:32]  Acc_iter 112600      Data time: 0.00(0.05)  Forward time: 3.34(3.34)  Batch time: 3.34(3.40)
2025-03-28 16:10:09,992   INFO  Save latest model to /OpenPCDet/output/nuscenes_models/cbgs_voxel01_res3d_centerpoint_uncertainty/shifted_bounded_uncertainty/ckpt/latest_model
2025-03-28 16:11:59,629   INFO  Train:   30/30 (100%) [ 651/3862 ( 17%)]  Loss: -11.87 (-12.0)  LR: 1.580e-05  Time cost: 36:51/3:01:30 [102:49:52/3:01:30]  Acc_iter 112650      Data time: 0.00(0.05)  Forward time: 3.77(3.34)  Batch time: 3.77(3.39)
2025-03-28 16:12:00,788   INFO  
2025-03-28 16:14:46,806   INFO  Train:   30/30 (100%) [ 701/3862 ( 18%)]  Loss: -12.44 (-12.0)  LR: 1.531e-05  Time cost: 39:38/2:58:30 [102:52:39/2:58:30]  Acc_iter 112700      Data time: 0.00(0.05)  Forward time: 4.06(3.34)  Batch time: 4.06(3.39)
2025-03-28 16:15:11,876   INFO  Save latest model to /OpenPCDet/output/nuscenes_models/cbgs_voxel01_res3d_centerpoint_uncertainty/shifted_bounded_uncertainty/ckpt/latest_model
2025-03-28 16:17:28,217   INFO  Train:   30/30 (100%) [ 751/3862 ( 19%)]  Loss: -12.24 (-12.0)  LR: 1.483e-05  Time cost: 42:19/2:55:07 [102:55:21/2:55:07]  Acc_iter 112750      Data time: 0.01(0.04)  Forward time: 3.67(3.33)  Batch time: 3.68(3.38)
2025-03-28 16:20:08,918   INFO  Save latest model to /OpenPCDet/output/nuscenes_models/cbgs_voxel01_res3d_centerpoint_uncertainty/shifted_bounded_uncertainty/ckpt/latest_model
2025-03-28 16:20:15,666   INFO  Train:   30/30 (100%) [ 801/3862 ( 21%)]  Loss: -11.82 (-12.0)  LR: 1.436e-05  Time cost: 45:07/2:52:13 [102:58:08/2:52:13]  Acc_iter 112800      Data time: 0.00(0.04)  Forward time: 2.94(3.33)  Batch time: 2.95(3.38)
2025-03-28 16:20:16,814   INFO  
2025-03-28 16:23:00,481   INFO  Train:   30/30 (100%) [ 851/3862 ( 22%)]  Loss: -11.61 (-11.9)  LR: 1.390e-05  Time cost: 47:52/2:49:10 [103:00:53/2:49:10]  Acc_iter 112850      Data time: 0.00(0.04)  Forward time: 2.58(3.33)  Batch time: 2.58(3.37)
2025-03-28 16:25:08,895   INFO  Save latest model to /OpenPCDet/output/nuscenes_models/cbgs_voxel01_res3d_centerpoint_uncertainty/shifted_bounded_uncertainty/ckpt/latest_model
2025-03-28 16:25:44,367   INFO  Train:   30/30 (100%) [ 901/3862 ( 23%)]  Loss: -12.37 (-11.9)  LR: 1.344e-05  Time cost: 50:36/2:46:06 [103:03:37/2:46:06]  Acc_iter 112900      Data time: 0.00(0.04)  Forward time: 3.42(3.33)  Batch time: 3.43(3.37)
2025-03-28 16:28:28,219   INFO  Train:   30/30 (100%) [ 951/3862 ( 25%)]  Loss: -12.00 (-11.9)  LR: 1.299e-05  Time cost: 53:19/2:43:04 [103:06:21/2:43:04]  Acc_iter 112950      Data time: 0.01(0.04)  Forward time: 2.95(3.32)  Batch time: 2.96(3.36)
2025-03-28 16:28:29,141   INFO  
2025-03-28 16:30:09,899   INFO  Save latest model to /OpenPCDet/output/nuscenes_models/cbgs_voxel01_res3d_centerpoint_uncertainty/shifted_bounded_uncertainty/ckpt/latest_model
2025-03-28 16:31:18,159   INFO  Train:   30/30 (100%) [1001/3862 ( 26%)]  Loss: -11.93 (-11.9)  LR: 1.255e-05  Time cost: 56:09/2:40:22 [103:09:11/2:40:22]  Acc_iter 113000      Data time: 0.00(0.04)  Forward time: 3.95(3.32)  Batch time: 3.95(3.36)
2025-03-28 16:34:02,485   INFO  Train:   30/30 (100%) [1051/3862 ( 27%)]  Loss: -11.75 (-11.9)  LR: 1.212e-05  Time cost: 58:54/2:37:23 [103:11:55/2:37:23]  Acc_iter 113050      Data time: 0.00(0.04)  Forward time: 2.80(3.32)  Batch time: 2.80(3.36)
2025-03-28 16:35:08,744   INFO  Save latest model to /OpenPCDet/output/nuscenes_models/cbgs_voxel01_res3d_centerpoint_uncertainty/shifted_bounded_uncertainty/ckpt/latest_model
2025-03-28 16:36:36,822   INFO  Train:   30/30 (100%) [1101/3862 ( 29%)]  Loss: -12.98 (-11.9)  LR: 1.169e-05  Time cost: 1:01:28/2:34:01 [103:14:29/2:34:01]  Acc_iter 113100      Data time: 0.01(0.04)  Forward time: 3.51(3.31)  Batch time: 3.52(3.35)
2025-03-28 16:36:38,176   INFO  
2025-03-28 16:39:25,363   INFO  Train:   30/30 (100%) [1151/3862 ( 30%)]  Loss: -12.05 (-11.9)  LR: 1.127e-05  Time cost: 1:04:17/2:31:16 [103:17:18/2:31:16]  Acc_iter 113150      Data time: 0.00(0.04)  Forward time: 3.94(3.31)  Batch time: 3.95(3.35)
2025-03-28 16:40:10,837   INFO  Save latest model to /OpenPCDet/output/nuscenes_models/cbgs_voxel01_res3d_centerpoint_uncertainty/shifted_bounded_uncertainty/ckpt/latest_model
2025-03-28 16:42:01,537   INFO  Train:   30/30 (100%) [1201/3862 ( 31%)]  Loss: -12.14 (-11.9)  LR: 1.086e-05  Time cost: 1:06:53/2:28:04 [103:19:54/2:28:04]  Acc_iter 113200      Data time: 0.00(0.03)  Forward time: 2.70(3.30)  Batch time: 2.70(3.34)
2025-03-28 16:44:36,880   INFO  Train:   30/30 (100%) [1251/3862 ( 32%)]  Loss: -12.55 (-11.9)  LR: 1.046e-05  Time cost: 1:09:28/2:24:53 [103:22:30/2:24:53]  Acc_iter 113250      Data time: 0.00(0.03)  Forward time: 2.31(3.30)  Batch time: 2.31(3.33)
2025-03-28 16:44:37,886   INFO  
2025-03-28 16:45:10,275   INFO  Save latest model to /OpenPCDet/output/nuscenes_models/cbgs_voxel01_res3d_centerpoint_uncertainty/shifted_bounded_uncertainty/ckpt/latest_model
2025-03-28 16:47:28,134   INFO  Train:   30/30 (100%) [1301/3862 ( 34%)]  Loss: -12.59 (-11.9)  LR: 1.007e-05  Time cost: 1:12:19/2:22:16 [103:25:21/2:22:16]  Acc_iter 113300      Data time: 0.00(0.03)  Forward time: 4.40(3.30)  Batch time: 4.40(3.33)
2025-03-28 16:50:11,929   INFO  Save latest model to /OpenPCDet/output/nuscenes_models/cbgs_voxel01_res3d_centerpoint_uncertainty/shifted_bounded_uncertainty/ckpt/latest_model
2025-03-28 16:50:19,206   INFO  Train:   30/30 (100%) [1351/3862 ( 35%)]  Loss: -11.98 (-11.9)  LR: 9.677e-06  Time cost: 1:15:10/2:19:37 [103:28:12/2:19:37]  Acc_iter 113350      Data time: 0.00(0.03)  Forward time: 3.29(3.30)  Batch time: 3.30(3.34)
2025-03-28 16:53:08,211   INFO  Train:   30/30 (100%) [1401/3862 ( 36%)]  Loss: -11.26 (-11.9)  LR: 9.298e-06  Time cost: 1:17:59/2:16:54 [103:31:01/2:16:54]  Acc_iter 113400      Data time: 0.00(0.03)  Forward time: 2.98(3.31)  Batch time: 2.98(3.34)
2025-03-28 16:53:09,146   INFO  
2025-03-28 16:55:10,974   INFO  Save latest model to /OpenPCDet/output/nuscenes_models/cbgs_voxel01_res3d_centerpoint_uncertainty/shifted_bounded_uncertainty/ckpt/latest_model
2025-03-28 16:56:03,189   INFO  Train:   30/30 (100%) [1451/3862 ( 38%)]  Loss: -11.70 (-11.9)  LR: 8.925e-06  Time cost: 1:20:54/2:14:21 [103:33:56/2:14:21]  Acc_iter 113450      Data time: 0.01(0.03)  Forward time: 3.43(3.31)  Batch time: 3.43(3.34)
2025-03-28 16:58:58,095   INFO  Train:   30/30 (100%) [1501/3862 ( 39%)]  Loss: -11.98 (-11.9)  LR: 8.560e-06  Time cost: 1:23:49/2:11:46 [103:36:51/2:11:46]  Acc_iter 113500      Data time: 0.00(0.03)  Forward time: 3.04(3.32)  Batch time: 3.05(3.35)
2025-03-28 17:00:10,454   INFO  Save latest model to /OpenPCDet/output/nuscenes_models/cbgs_voxel01_res3d_centerpoint_uncertainty/shifted_bounded_uncertainty/ckpt/latest_model
2025-03-28 17:01:39,814   INFO  Train:   30/30 (100%) [1551/3862 ( 40%)]  Loss: -12.49 (-11.9)  LR: 8.203e-06  Time cost: 1:26:31/2:08:50 [103:39:32/2:08:50]  Acc_iter 113550      Data time: 0.01(0.03)  Forward time: 3.10(3.31)  Batch time: 3.10(3.35)
2025-03-28 17:01:40,777   INFO  
2025-03-28 17:04:22,020   INFO  Train:   30/30 (100%) [1601/3862 ( 41%)]  Loss: -11.45 (-11.9)  LR: 7.854e-06  Time cost: 1:29:13/2:05:56 [103:42:15/2:05:56]  Acc_iter 113600      Data time: 0.00(0.03)  Forward time: 3.90(3.31)  Batch time: 3.90(3.34)
2025-03-28 17:05:10,736   INFO  Save latest model to /OpenPCDet/output/nuscenes_models/cbgs_voxel01_res3d_centerpoint_uncertainty/shifted_bounded_uncertainty/ckpt/latest_model
2025-03-28 17:07:05,573   INFO  Train:   30/30 (100%) [1651/3862 ( 43%)]  Loss: -12.36 (-11.9)  LR: 7.512e-06  Time cost: 1:31:57/2:03:04 [103:44:58/2:03:04]  Acc_iter 113650      Data time: 0.00(0.03)  Forward time: 4.23(3.31)  Batch time: 4.23(3.34)
2025-03-28 17:09:50,070   INFO  Train:   30/30 (100%) [1701/3862 ( 44%)]  Loss: -11.86 (-11.9)  LR: 7.177e-06  Time cost: 1:34:41/2:00:14 [103:47:43/2:00:14]  Acc_iter 113700      Data time: 0.00(0.03)  Forward time: 2.91(3.31)  Batch time: 2.91(3.34)
2025-03-28 17:09:51,440   INFO  
2025-03-28 17:10:08,738   INFO  Save latest model to /OpenPCDet/output/nuscenes_models/cbgs_voxel01_res3d_centerpoint_uncertainty/shifted_bounded_uncertainty/ckpt/latest_model
2025-03-28 17:12:42,368   INFO  Train:   30/30 (100%) [1751/3862 ( 45%)]  Loss: -12.78 (-11.9)  LR: 6.851e-06  Time cost: 1:37:34/1:57:33 [103:50:35/1:57:33]  Acc_iter 113750      Data time: 0.00(0.03)  Forward time: 2.50(3.31)  Batch time: 2.50(3.34)
2025-03-28 17:15:10,072   INFO  Save latest model to /OpenPCDet/output/nuscenes_models/cbgs_voxel01_res3d_centerpoint_uncertainty/shifted_bounded_uncertainty/ckpt/latest_model
2025-03-28 17:15:21,808   INFO  Train:   30/30 (100%) [1801/3862 ( 47%)]  Loss: -12.22 (-11.9)  LR: 6.532e-06  Time cost: 1:40:13/1:54:37 [103:53:14/1:54:37]  Acc_iter 113800      Data time: 0.00(0.03)  Forward time: 2.90(3.31)  Batch time: 2.90(3.34)
2025-03-28 17:18:02,335   INFO  Train:   30/30 (100%) [1851/3862 ( 48%)]  Loss: -12.48 (-11.9)  LR: 6.220e-06  Time cost: 1:42:54/1:51:44 [103:55:55/1:51:44]  Acc_iter 113850      Data time: 0.00(0.03)  Forward time: 4.05(3.31)  Batch time: 4.06(3.33)
2025-03-28 17:18:03,357   INFO  
2025-03-28 17:20:10,169   INFO  Save latest model to /OpenPCDet/output/nuscenes_models/cbgs_voxel01_res3d_centerpoint_uncertainty/shifted_bounded_uncertainty/ckpt/latest_model
2025-03-28 17:20:48,918   INFO  Train:   30/30 (100%) [1901/3862 ( 49%)]  Loss: -11.79 (-11.9)  LR: 5.917e-06  Time cost: 1:45:40/1:48:57 [103:58:42/1:48:57]  Acc_iter 113900      Data time: 0.06(0.03)  Forward time: 3.15(3.30)  Batch time: 3.21(3.33)
2025-03-28 17:23:40,614   INFO  Train:   30/30 (100%) [1951/3862 ( 51%)]  Loss: -12.00 (-11.9)  LR: 5.620e-06  Time cost: 1:48:32/1:46:15 [104:01:33/1:46:15]  Acc_iter 113950      Data time: 0.01(0.03)  Forward time: 3.53(3.31)  Batch time: 3.54(3.34)
2025-03-28 17:25:09,904   INFO  Save latest model to /OpenPCDet/output/nuscenes_models/cbgs_voxel01_res3d_centerpoint_uncertainty/shifted_bounded_uncertainty/ckpt/latest_model
2025-03-28 17:26:30,817   INFO  Train:   30/30 (100%) [2001/3862 ( 52%)]  Loss: -13.00 (-12.0)  LR: 5.332e-06  Time cost: 1:51:22/1:43:31 [104:04:23/1:43:31]  Acc_iter 114000      Data time: 0.03(0.03)  Forward time: 3.65(3.31)  Batch time: 3.68(3.34)
2025-03-28 17:26:32,547   INFO  
2025-03-28 17:29:23,782   INFO  Train:   30/30 (100%) [2051/3862 ( 53%)]  Loss: -12.09 (-12.0)  LR: 5.051e-06  Time cost: 1:54:15/1:40:50 [104:07:16/1:40:50]  Acc_iter 114050      Data time: 0.01(0.03)  Forward time: 3.49(3.31)  Batch time: 3.50(3.34)
2025-03-28 17:30:12,099   INFO  Save latest model to /OpenPCDet/output/nuscenes_models/cbgs_voxel01_res3d_centerpoint_uncertainty/shifted_bounded_uncertainty/ckpt/latest_model
2025-03-28 17:32:17,076   INFO  Train:   30/30 (100%) [2101/3862 ( 54%)]  Loss: -11.78 (-12.0)  LR: 4.778e-06  Time cost: 1:57:08/1:38:08 [104:10:10/1:38:08]  Acc_iter 114100      Data time: 0.00(0.03)  Forward time: 3.98(3.32)  Batch time: 3.99(3.34)
2025-03-28 17:35:06,384   INFO  Train:   30/30 (100%) [2151/3862 ( 56%)]  Loss: -12.06 (-12.0)  LR: 4.512e-06  Time cost: 1:59:58/1:35:23 [104:12:59/1:35:23]  Acc_iter 114150      Data time: 0.01(0.03)  Forward time: 3.92(3.32)  Batch time: 3.94(3.34)
2025-03-28 17:35:07,572   INFO  
2025-03-28 17:35:11,114   INFO  Save latest model to /OpenPCDet/output/nuscenes_models/cbgs_voxel01_res3d_centerpoint_uncertainty/shifted_bounded_uncertainty/ckpt/latest_model
2025-03-28 17:37:56,871   INFO  Train:   30/30 (100%) [2201/3862 ( 57%)]  Loss: -12.31 (-12.0)  LR: 4.254e-06  Time cost: 2:02:48/1:32:38 [104:15:49/1:32:38]  Acc_iter 114200      Data time: 0.01(0.03)  Forward time: 3.00(3.32)  Batch time: 3.00(3.35)
2025-03-28 17:40:10,671   INFO  Save latest model to /OpenPCDet/output/nuscenes_models/cbgs_voxel01_res3d_centerpoint_uncertainty/shifted_bounded_uncertainty/ckpt/latest_model
2025-03-28 17:40:46,251   INFO  Train:   30/30 (100%) [2251/3862 ( 58%)]  Loss: -11.50 (-12.0)  LR: 4.004e-06  Time cost: 2:05:37/1:29:52 [104:18:39/1:29:52]  Acc_iter 114250      Data time: 0.01(0.03)  Forward time: 2.69(3.32)  Batch time: 2.70(3.35)
2025-03-28 17:43:36,949   INFO  Train:   30/30 (100%) [2301/3862 ( 60%)]  Loss: -11.91 (-12.0)  LR: 3.761e-06  Time cost: 2:08:28/1:27:07 [104:21:30/1:27:07]  Acc_iter 114300      Data time: 0.01(0.03)  Forward time: 2.70(3.32)  Batch time: 2.71(3.35)
2025-03-28 17:43:37,813   INFO  
2025-03-28 17:45:10,134   INFO  Save latest model to /OpenPCDet/output/nuscenes_models/cbgs_voxel01_res3d_centerpoint_uncertainty/shifted_bounded_uncertainty/ckpt/latest_model
2025-03-28 17:46:26,962   INFO  Train:   30/30 (100%) [2351/3862 ( 61%)]  Loss: -12.34 (-12.0)  LR: 3.526e-06  Time cost: 2:11:18/1:24:21 [104:24:20/1:24:21]  Acc_iter 114350      Data time: 0.00(0.03)  Forward time: 2.48(3.32)  Batch time: 2.48(3.35)
2025-03-28 17:49:12,339   INFO  Train:   30/30 (100%) [2401/3862 ( 62%)]  Loss: -12.63 (-12.0)  LR: 3.298e-06  Time cost: 2:14:04/1:21:32 [104:27:05/1:21:32]  Acc_iter 114400      Data time: 0.00(0.03)  Forward time: 2.70(3.32)  Batch time: 2.71(3.35)
2025-03-28 17:50:11,848   INFO  Save latest model to /OpenPCDet/output/nuscenes_models/cbgs_voxel01_res3d_centerpoint_uncertainty/shifted_bounded_uncertainty/ckpt/latest_model
2025-03-28 17:51:59,922   INFO  Train:   30/30 (100%) [2451/3862 ( 63%)]  Loss: -11.71 (-12.0)  LR: 3.079e-06  Time cost: 2:16:51/1:18:45 [104:29:53/1:18:45]  Acc_iter 114450      Data time: 0.01(0.03)  Forward time: 2.70(3.32)  Batch time: 2.72(3.35)
2025-03-28 17:52:00,669   INFO  
2025-03-28 17:54:40,386   INFO  Train:   30/30 (100%) [2501/3862 ( 65%)]  Loss: -11.50 (-12.0)  LR: 2.866e-06  Time cost: 2:19:32/1:15:54 [104:32:33/1:15:54]  Acc_iter 114500      Data time: 0.00(0.03)  Forward time: 3.33(3.32)  Batch time: 3.34(3.35)
2025-03-28 17:55:09,226   INFO  Save latest model to /OpenPCDet/output/nuscenes_models/cbgs_voxel01_res3d_centerpoint_uncertainty/shifted_bounded_uncertainty/ckpt/latest_model
2025-03-28 17:57:26,963   INFO  Train:   30/30 (100%) [2551/3862 ( 66%)]  Loss: -11.53 (-11.9)  LR: 2.662e-06  Time cost: 2:22:18/1:13:06 [104:35:20/1:13:06]  Acc_iter 114550      Data time: 0.01(0.03)  Forward time: 3.28(3.32)  Batch time: 3.28(3.35)
2025-03-28 18:00:11,862   INFO  Train:   30/30 (100%) [2601/3862 ( 67%)]  Loss: -12.36 (-11.9)  LR: 2.465e-06  Time cost: 2:25:03/1:10:17 [104:38:04/1:10:17]  Acc_iter 114600      Data time: 0.00(0.03)  Forward time: 3.65(3.32)  Batch time: 3.66(3.34)
2025-03-28 18:00:12,835   INFO  
2025-03-28 18:00:13,138   INFO  Save latest model to /OpenPCDet/output/nuscenes_models/cbgs_voxel01_res3d_centerpoint_uncertainty/shifted_bounded_uncertainty/ckpt/latest_model
2025-03-28 18:03:02,023   INFO  Train:   30/30 (100%) [2651/3862 ( 69%)]  Loss: -12.06 (-11.9)  LR: 2.276e-06  Time cost: 2:27:53/1:07:32 [104:40:55/1:07:32]  Acc_iter 114650      Data time: 0.00(0.03)  Forward time: 3.13(3.32)  Batch time: 3.13(3.35)
2025-03-28 18:05:11,524   INFO  Save latest model to /OpenPCDet/output/nuscenes_models/cbgs_voxel01_res3d_centerpoint_uncertainty/shifted_bounded_uncertainty/ckpt/latest_model
2025-03-28 18:05:49,631   INFO  Train:   30/30 (100%) [2701/3862 ( 70%)]  Loss: -12.27 (-11.9)  LR: 2.094e-06  Time cost: 2:30:41/1:04:44 [104:43:42/1:04:44]  Acc_iter 114700      Data time: 0.00(0.03)  Forward time: 3.15(3.32)  Batch time: 3.16(3.35)
